1,1,484.5,659.3,69.1,92.3,1,-1,-1,-1
1,2,159.2,542.5,64.0,93.6,1,-1,-1,-1
1,3,136.5,377.4,61.8,60.8,1,-1,-1,-1
1,4,309.5,586.2,73.2,92.8,1,-1,-1,-1
1,5,637.8,375.4,41.8,93.1,1,-1,-1,-1
1,6,353.7,474.0,58.9,114.1,1,-1,-1,-1
1,7,497.1,479.6,43.8,122.7,1,-1,-1,-1
1,8,519.0,274.9,30.7,57.9,1,-1,-1,-1
1,9,538.4,660.6,92.5,95.4,1,-1,-1,-1
1,10,675.0,339.6,38.2,89.6,1,-1,-1,-1
1,11,608.9,347.8,41.4,87.6,1,-1,-1,-1
1,12,112.5,389.4,35.4,77.1,1,-1,-1,-1
1,13,877.0,295.5,33.7,78.8,1,-1,-1,-1
1,14,740.6,418.5,50.2,96.3,1,-1,-1,-1
1,15,537.9,269.7,32.0,54.5,1,-1,-1,-1
1,16,237.1,292.2,32.9,80.9,1,-1,-1,-1
1,17,743.4,277.4,30.7,40.8,1,-1,-1,-1
1,18,291.5,484.0,60.8,119.9,1,-1,-1,-1
1,19,0.3,464.0,75.3,71.8,1,-1,-1,-1
1,20,827.1,321.8,37.2,82.6,1,-1,-1,-1
1,21,654.7,306.5,37.1,77.6,1,-1,-1,-1
1,22,634.2,303.2,29.9,70.0,1,-1,-1,-1
1,23,371.3,250.0,20.0,45.7,1,-1,-1,-1
1,24,618.5,205.2,28.6,60.3,1,-1,-1,-1
1,25,278.3,204.1,24.0,62.1,1,-1,-1,-1
1,26,782.2,164.9,24.7,55.8,1,-1,-1,-1
1,27,41.6,294.9,26.1,55.8,1,-1,-1,-1
1,28,313.6,172.9,25.7,61.0,1,-1,-1,-1
1,29,433.4,191.4,23.6,37.2,1,-1,-1,-1
1,30,294.9,277.6,24.4,42.8,1,-1,-1,-1
2,1,484.7,659.4,68.3,92.2,1,-1,-1,-1
2,2,158.4,542.7,64.9,93.6,1,-1,-1,-1
2,3,137.1,377.8,59.9,59.6,1,-1,-1,-1
2,4,308.8,586.3,73.6,93.9,1,-1,-1,-1
2,5,639.7,377.2,44.5,92.4,1,-1,-1,-1
2,6,353.3,474.3,58.4,114.2,1,-1,-1,-1
2,7,496.0,480.1,44.3,121.5,1,-1,-1,-1
2,8,518.7,274.9,30.9,58.0,1,-1,-1,-1
2,9,537.2,661.1,93.5,94.9,1,-1,-1,-1
2,10,674.0,338.6,35.9,88.8,1,-1,-1,-1
2,11,606.5,346.5,40.6,89.2,1,-1,-1,-1
2,12,111.9,389.3,36.1,77.1,1,-1,-1,-1
2,13,875.5,296.6,34.5,77.5,1,-1,-1,-1
2,14,742.7,419.1,49.2,94.9,1,-1,-1,-1
2,15,537.5,270.2,32.5,53.8,1,-1,-1,-1
2,16,237.3,292.5,33.7,80.7,1,-1,-1,-1
2,17,743.0,277.6,31.1,40.9,1,-1,-1,-1
2,18,291.0,484.3,60.7,119.5,1,-1,-1,-1
2,19,0.4,464.1,74.6,71.8,1,-1,-1,-1
2,20,825.5,322.1,36.3,81.9,1,-1,-1,-1
2,21,652.4,308.2,34.6,80.1,1,-1,-1,-1
2,22,630.8,307.2,30.1,68.9,1,-1,-1,-1
2,23,370.1,250.1,20.8,46.3,1,-1,-1,-1
2,24,618.6,205.5,28.4,60.4,1,-1,-1,-1
2,25,278.4,204.3,24.1,62.2,1,-1,-1,-1
2,26,781.7,164.5,24.8,56.2,1,-1,-1,-1
2,27,41.7,295.9,25.2,54.1,1,-1,-1,-1
2,28,314.2,173.5,26.0,61.1,1,-1,-1,-1
2,29,433.1,192.4,23.3,37.0,1,-1,-1,-1
2,30,294.3,278.1,25.2,43.9,1,-1,-1,-1
2,31,317.3,284.5,21.6,42.0,1,-1,-1,-1
2,32,263.1,284.6,23.4,46.7,1,-1,-1,-1
3,1,485.1,659.3,67.4,92.2,1,-1,-1,-1
3,2,158.2,542.9,64.9,93.4,1,-1,-1,-1
3,3,138.7,377.8,57.1,58.8,1,-1,-1,-1
3,4,307.2,586.3,74.9,94.2,1,-1,-1,-1
3,5,642.4,378.4,42.9,92.5,1,-1,-1,-1
3,6,353.2,474.4,57.6,114.4,1,-1,-1,-1
3,7,494.5,480.0,45.0,121.1,1,-1,-1,-1
3,8,518.5,274.9,30.8,58.3,1,-1,-1,-1
3,9,537.1,661.0,93.0,95.0,1,-1,-1,-1
3,10,672.0,338.5,36.5,89.1,1,-1,-1,-1
3,11,605.2,348.1,39.2,87.6,1,-1,-1,-1
3,12,111.6,389.4,35.8,77.2,1,-1,-1,-1
3,13,874.9,297.0,35.9,77.4,1,-1,-1,-1
3,14,746.8,415.7,48.2,97.4,1,-1,-1,-1
3,15,537.7,270.1,31.9,53.6,1,-1,-1,-1
3,16,237.4,291.9,34.0,80.0,1,-1,-1,-1
3,17,742.5,277.2,31.3,41.2,1,-1,-1,-1
3,18,290.3,484.4,60.6,119.1,1,-1,-1,-1
3,19,0.4,464.3,74.5,71.6,1,-1,-1,-1
3,20,824.1,321.1,35.2,81.9,1,-1,-1,-1
3,21,651.4,307.1,34.6,76.6,1,-1,-1,-1
3,22,628.0,307.9,31.5,70.5,1,-1,-1,-1
3,23,369.6,250.2,20.7,44.8,1,-1,-1,-1
3,24,618.8,206.1,28.4,60.2,1,-1,-1,-1
3,25,278.9,204.5,23.1,60.9,1,-1,-1,-1
3,26,781.4,164.7,24.7,55.9,1,-1,-1,-1
3,27,40.4,296.9,25.6,53.3,1,-1,-1,-1
3,28,314.1,175.7,27.4,59.7,1,-1,-1,-1
3,29,433.1,191.6,23.4,37.5,1,-1,-1,-1
3,30,293.8,277.9,25.6,43.3,1,-1,-1,-1
3,31,317.0,284.3,21.8,42.0,1,-1,-1,-1
3,32,263.1,284.5,23.4,46.8,1,-1,-1,-1
4,1,484.2,659.1,67.7,92.5,1,-1,-1,-1
4,2,157.6,542.9,65.0,93.5,1,-1,-1,-1
4,3,139.4,378.1,55.4,58.5,1,-1,-1,-1
4,4,306.4,586.2,75.4,93.8,1,-1,-1,-1
4,5,646.3,379.3,40.1,91.9,1,-1,-1,-1
4,6,353.0,474.3,57.2,114.0,1,-1,-1,-1
4,7,493.3,479.8,46.0,120.5,1,-1,-1,-1
4,8,518.4,274.9,30.6,58.2,1,-1,-1,-1
4,9,536.8,660.6,93.0,95.4,1,-1,-1,-1
4,10,670.0,338.5,36.9,88.4,1,-1,-1,-1
4,11,604.6,347.2,38.5,88.2,1,-1,-1,-1
4,12,111.4,389.8,35.9,77.0,1,-1,-1,-1
4,13,875.7,298.3,35.2,76.7,1,-1,-1,-1
4,14,754.6,416.2,43.1,95.0,1,-1,-1,-1
4,15,537.6,270.2,31.8,53.7,1,-1,-1,-1
4,16,237.6,292.3,33.7,79.1,1,-1,-1,-1
4,17,742.1,276.9,31.1,41.6,1,-1,-1,-1
4,18,289.7,484.5,60.4,118.4,1,-1,-1,-1
4,19,0.4,464.3,74.3,71.5,1,-1,-1,-1
4,20,821.0,320.0,34.9,81.4,1,-1,-1,-1
4,21,649.6,305.9,34.8,77.3,1,-1,-1,-1
4,22,625.4,309.9,32.4,71.7,1,-1,-1,-1
4,23,369.1,250.4,20.9,44.8,1,-1,-1,-1
4,24,619.2,206.1,28.2,59.8,1,-1,-1,-1
4,25,278.8,204.2,23.1,61.3,1,-1,-1,-1
4,26,781.4,164.6,24.7,55.9,1,-1,-1,-1
4,27,39.4,296.8,25.3,53.2,1,-1,-1,-1
4,28,315.3,176.9,28.9,58.8,1,-1,-1,-1
4,29,432.9,192.6,23.1,37.2,1,-1,-1,-1
4,30,293.6,277.7,25.7,43.3,1,-1,-1,-1
4,31,316.9,284.7,21.7,42.1,1,-1,-1,-1
4,32,262.6,284.6,23.6,46.6,1,-1,-1,-1
4,33,286.6,294.9,16.7,38.8,1,-1,-1,-1
4,34,309.2,287.1,20.3,38.3,1,-1,-1,-1
5,1,483.6,658.9,67.7,92.6,1,-1,-1,-1
5,2,157.7,543.0,64.4,93.3,1,-1,-1,-1
5,3,138.7,378.2,56.0,58.5,1,-1,-1,-1
5,4,306.2,586.1,75.2,92.6,1,-1,-1,-1
5,5,651.0,378.7,36.9,91.8,1,-1,-1,-1
5,6,352.9,474.2,56.8,114.0,1,-1,-1,-1
5,7,493.9,480.0,45.5,119.7,1,-1,-1,-1
5,8,518.3,274.6,30.5,58.3,1,-1,-1,-1
5,9,536.8,660.6,92.8,95.4,1,-1,-1,-1
5,10,668.3,338.6,37.9,89.3,1,-1,-1,-1
5,11,603.2,346.0,38.5,89.4,1,-1,-1,-1
5,12,111.6,389.9,35.8,77.1,1,-1,-1,-1
5,13,875.7,297.5,34.2,77.6,1,-1,-1,-1
5,14,760.7,414.0,40.1,96.5,1,-1,-1,-1
5,15,537.7,270.1,31.3,53.7,1,-1,-1,-1
5,16,238.1,292.3,34.0,78.8,1,-1,-1,-1
5,17,742.1,276.9,31.0,41.9,1,-1,-1,-1
5,18,289.9,484.7,60.0,117.5,1,-1,-1,-1
5,19,0.3,464.4,73.9,71.5,1,-1,-1,-1
5,20,818.6,318.3,34.2,82.2,1,-1,-1,-1
5,21,649.1,306.3,34.1,79.1,1,-1,-1,-1
5,22,622.5,309.7,31.9,75.1,1,-1,-1,-1
5,23,369.3,249.8,19.9,43.3,1,-1,-1,-1
5,24,619.1,206.3,28.2,59.6,1,-1,-1,-1
5,25,278.8,204.7,23.1,61.1,1,-1,-1,-1
5,26,781.2,165.0,24.9,55.7,1,-1,-1,-1
5,27,38.2,297.0,25.7,52.3,1,-1,-1,-1
5,28,316.7,177.7,28.7,58.2,1,-1,-1,-1
5,29,432.0,193.2,23.2,36.8,1,-1,-1,-1
5,30,290.8,277.8,26.4,44.3,1,-1,-1,-1
5,31,317.1,284.9,21.6,42.3,1,-1,-1,-1
5,32,261.0,284.7,24.2,46.8,1,-1,-1,-1
5,33,287.5,294.0,15.6,39.7,1,-1,-1,-1
5,34,308.9,287.2,20.3,38.3,1,-1,-1,-1
6,1,483.7,658.8,67.7,92.7,1,-1,-1,-1
6,2,157.8,542.9,64.0,93.1,1,-1,-1,-1
6,3,137.7,378.2,56.5,58.8,1,-1,-1,-1
6,4,306.0,585.7,75.2,92.4,1,-1,-1,-1
6,5,657.1,379.3,36.1,90.3,1,-1,-1,-1
6,6,352.9,474.1,56.4,113.7,1,-1,-1,-1
6,7,494.2,480.4,45.4,120.3,1,-1,-1,-1
6,8,518.3,274.6,30.4,58.3,1,-1,-1,-1
6,9,537.0,660.5,92.8,95.5,1,-1,-1,-1
6,10,666.6,339.0,38.8,89.3,1,-1,-1,-1
6,11,602.9,345.3,39.0,90.6,1,-1,-1,-1
6,12,111.7,389.6,35.8,77.5,1,-1,-1,-1
6,13,875.1,294.3,34.9,79.2,1,-1,-1,-1
6,14,765.7,411.8,40.7,97.8,1,-1,-1,-1
6,15,537.9,270.2,31.0,53.5,1,-1,-1,-1
6,16,238.5,290.9,35.0,79.5,1,-1,-1,-1
6,17,742.0,276.8,30.9,41.9,1,-1,-1,-1
6,18,289.5,484.9,59.7,117.5,1,-1,-1,-1
6,19,0.4,464.5,73.7,71.5,1,-1,-1,-1
6,20,816.3,316.7,35.2,81.3,1,-1,-1,-1
6,21,646.6,306.5,34.5,80.6,1,-1,-1,-1
6,22,618.9,309.3,30.2,74.0,1,-1,-1,-1
6,23,368.8,249.8,19.3,42.2,1,-1,-1,-1
6,24,619.0,206.2,28.1,59.7,1,-1,-1,-1
6,25,278.8,204.9,23.1,60.8,1,-1,-1,-1
6,26,781.4,165.1,24.7,55.5,1,-1,-1,-1
6,27,36.4,297.4,27.1,51.5,1,-1,-1,-1
6,28,318.2,178.8,27.8,57.2,1,-1,-1,-1
6,29,432.1,193.7,23.0,36.3,1,-1,-1,-1
6,30,290.3,277.5,26.7,44.0,1,-1,-1,-1
6,31,317.3,284.9,21.5,42.2,1,-1,-1,-1
6,32,261.7,284.4,24.3,47.1,1,-1,-1,-1
6,33,287.5,294.2,15.7,39.6,1,-1,-1,-1
6,34,308.1,287.5,20.3,38.0,1,-1,-1,-1
7,1,483.2,658.5,68.2,92.5,1,-1,-1,-1
7,2,157.8,542.7,64.0,93.2,1,-1,-1,-1
7,3,138.2,378.2,56.6,59.0,1,-1,-1,-1
7,4,307.4,585.2,73.0,91.7,1,-1,-1,-1
7,5,659.6,382.9,36.1,86.1,1,-1,-1,-1
7,6,352.9,474.1,56.4,113.5,1,-1,-1,-1
7,7,494.7,480.3,45.0,119.8,1,-1,-1,-1
7,8,517.9,274.6,30.5,58.4,1,-1,-1,-1
7,9,537.2,660.3,92.9,95.7,1,-1,-1,-1
7,10,665.0,338.3,39.0,89.6,1,-1,-1,-1
7,11,602.8,345.9,39.0,90.7,1,-1,-1,-1
7,12,112.0,389.5,35.6,77.6,1,-1,-1,-1
7,13,874.2,293.0,35.0,80.2,1,-1,-1,-1
7,14,768.8,412.6,40.9,95.1,1,-1,-1,-1
7,15,538.4,270.2,30.7,53.0,1,-1,-1,-1
7,16,238.8,289.8,35.2,80.6,1,-1,-1,-1
7,17,741.7,276.7,30.8,41.5,1,-1,-1,-1
7,18,289.6,484.8,59.4,117.6,1,-1,-1,-1
7,19,0.4,464.6,73.5,71.3,1,-1,-1,-1
7,20,814.3,314.2,37.1,82.1,1,-1,-1,-1
7,21,643.1,307.1,33.2,81.4,1,-1,-1,-1
7,22,616.9,309.1,30.2,73.7,1,-1,-1,-1
7,23,368.2,249.7,19.2,41.8,1,-1,-1,-1
7,24,619.2,206.0,28.2,59.9,1,-1,-1,-1
7,25,278.7,205.2,23.1,60.6,1,-1,-1,-1
7,26,781.3,165.2,24.7,55.4,1,-1,-1,-1
7,27,34.9,297.3,28.4,52.3,1,-1,-1,-1
7,28,319.2,179.5,26.6,55.9,1,-1,-1,-1
7,29,432.4,193.5,22.9,36.4,1,-1,-1,-1
7,30,290.1,277.2,26.8,43.4,1,-1,-1,-1
7,31,317.4,284.8,21.4,42.1,1,-1,-1,-1
7,32,263.1,284.2,24.0,46.5,1,-1,-1,-1
7,33,287.8,296.0,15.6,38.1,1,-1,-1,-1
7,34,308.0,287.8,20.4,37.8,1,-1,-1,-1
8,1,482.9,658.4,68.3,92.7,1,-1,-1,-1
8,2,158.1,542.7,63.7,93.0,1,-1,-1,-1
8,3,138.6,378.1,57.5,59.1,1,-1,-1,-1
8,4,307.8,585.4,71.9,91.4,1,-1,-1,-1
8,5,661.0,384.8,39.5,84.3,1,-1,-1,-1
8,6,352.8,473.9,56.7,113.8,1,-1,-1,-1
8,7,495.1,479.9,44.3,119.4,1,-1,-1,-1
8,8,518.1,274.7,30.5,58.4,1,-1,-1,-1
8,9,536.9,660.0,93.5,96.0,1,-1,-1,-1
8,10,660.2,336.1,37.5,86.1,1,-1,-1,-1
8,11,602.9,345.9,38.6,90.7,1,-1,-1,-1
8,12,112.3,390.2,35.0,76.8,1,-1,-1,-1
8,13,874.2,293.4,34.5,79.9,1,-1,-1,-1
8,14,772.7,411.8,42.7,96.0,1,-1,-1,-1
8,15,538.3,270.4,30.7,52.9,1,-1,-1,-1
8,16,241.7,287.6,35.5,82.5,1,-1,-1,-1
8,17,741.6,276.6,30.7,41.6,1,-1,-1,-1
8,18,289.6,484.5,59.4,117.6,1,-1,-1,-1
8,19,0.5,464.5,74.0,71.3,1,-1,-1,-1
8,20,812.0,311.8,39.3,83.5,1,-1,-1,-1
8,21,640.3,307.9,33.4,79.3,1,-1,-1,-1
8,22,614.5,310.3,30.9,71.0,1,-1,-1,-1
8,23,367.3,250.2,18.6,40.7,1,-1,-1,-1
8,24,619.3,205.6,28.4,60.4,1,-1,-1,-1
8,25,278.5,204.7,23.3,60.6,1,-1,-1,-1
8,26,780.9,165.1,24.8,55.6,1,-1,-1,-1
8,27,33.4,294.5,31.8,55.6,1,-1,-1,-1
8,28,319.5,178.9,26.3,56.3,1,-1,-1,-1
8,29,432.6,193.5,22.9,36.2,1,-1,-1,-1
8,30,290.5,277.3,26.5,43.1,1,-1,-1,-1
8,31,317.4,284.8,21.2,41.8,1,-1,-1,-1
8,32,263.8,284.1,23.5,45.6,1,-1,-1,-1
8,33,287.9,297.8,15.2,36.5,1,-1,-1,-1
8,34,308.7,287.7,20.0,37.8,1,-1,-1,-1
9,1,483.2,657.9,67.7,93.5,1,-1,-1,-1
9,2,158.2,542.6,63.4,93.0,1,-1,-1,-1
9,3,137.9,377.9,57.9,59.1,1,-1,-1,-1
9,4,307.8,585.0,71.5,91.5,1,-1,-1,-1
9,5,663.0,383.0,43.0,85.0,1,-1,-1,-1
9,6,352.6,473.3,56.7,113.3,1,-1,-1,-1
9,7,494.8,478.2,43.5,123.5,1,-1,-1,-1
9,8,518.0,274.8,30.4,58.1,1,-1,-1,-1
9,9,536.8,659.6,93.1,96.4,1,-1,-1,-1
9,10,657.7,334.5,36.0,82.0,1,-1,-1,-1
9,11,603.0,345.8,38.5,91.0,1,-1,-1,-1
9,12,112.3,389.7,34.8,77.0,1,-1,-1,-1
9,13,873.8,293.0,34.4,80.1,1,-1,-1,-1
9,14,775.3,411.6,44.0,96.4,1,-1,-1,-1
9,15,538.2,270.2,30.7,53.3,1,-1,-1,-1
9,16,243.5,286.9,35.1,83.0,1,-1,-1,-1
9,17,741.7,276.9,30.8,41.2,1,-1,-1,-1
9,18,289.3,484.4,59.4,117.8,1,-1,-1,-1
9,19,0.4,464.3,74.5,71.4,1,-1,-1,-1
9,20,810.1,310.7,40.7,84.6,1,-1,-1,-1
9,21,635.7,308.4,34.9,81.7,1,-1,-1,-1
9,22,611.6,311.8,31.4,66.8,1,-1,-1,-1
9,23,366.8,250.4,18.5,40.1,1,-1,-1,-1
9,24,619.6,205.0,28.3,60.8,1,-1,-1,-1
9,25,278.0,205.1,23.6,60.1,1,-1,-1,-1
9,26,780.5,164.1,25.0,56.2,1,-1,-1,-1
9,27,29.9,289.5,31.1,59.4,1,-1,-1,-1
9,28,320.0,179.4,25.7,55.9,1,-1,-1,-1
9,29,432.3,192.8,23.2,36.7,1,-1,-1,-1
9,30,291.3,276.8,25.9,42.5,1,-1,-1,-1
9,31,317.4,284.7,21.1,41.5,1,-1,-1,-1
9,32,263.8,284.0,23.2,44.5,1,-1,-1,-1
9,33,287.2,299.8,15.0,34.5,1,-1,-1,-1
9,34,308.5,287.3,19.4,36.8,1,-1,-1,-1
10,1,483.1,657.4,67.4,93.9,1,-1,-1,-1
10,2,158.6,542.4,63.2,93.2,1,-1,-1,-1
10,3,137.9,378.0,58.3,59.3,1,-1,-1,-1
10,4,307.7,584.6,71.5,91.6,1,-1,-1,-1
10,5,665.4,381.7,44.3,85.4,1,-1,-1,-1
10,6,352.4,473.1,56.7,113.1,1,-1,-1,-1
10,7,495.0,478.8,43.9,120.4,1,-1,-1,-1
10,8,518.2,275.0,30.0,57.9,1,-1,-1,-1
10,9,536.7,659.1,92.0,96.9,1,-1,-1,-1
10,10,657.3,334.6,35.6,81.0,1,-1,-1,-1
10,11,604.0,347.1,38.4,90.0,1,-1,-1,-1
10,12,112.0,389.4,35.5,77.2,1,-1,-1,-1
10,13,873.1,293.8,33.7,79.9,1,-1,-1,-1
10,14,779.2,409.9,46.5,95.5,1,-1,-1,-1
10,15,537.8,269.8,30.6,53.7,1,-1,-1,-1
10,16,245.0,288.2,35.1,82.0,1,-1,-1,-1
10,17,741.5,276.8,30.9,41.1,1,-1,-1,-1
10,18,289.6,484.3,58.9,117.2,1,-1,-1,-1
10,19,0.3,464.1,74.6,71.6,1,-1,-1,-1
10,20,808.8,310.7,41.6,84.4,1,-1,-1,-1
10,21,637.0,307.7,33.2,75.2,1,-1,-1,-1
10,22,608.1,313.6,30.6,68.1,1,-1,-1,-1
10,23,365.9,249.6,18.8,40.4,1,-1,-1,-1
10,24,619.5,204.8,28.5,61.5,1,-1,-1,-1
10,25,277.4,204.9,24.0,60.3,1,-1,-1,-1
10,26,780.5,163.8,24.8,56.5,1,-1,-1,-1
10,27,25.5,292.6,29.4,55.7,1,-1,-1,-1
10,28,321.6,179.0,24.8,55.9,1,-1,-1,-1
10,29,432.4,192.8,23.0,36.5,1,-1,-1,-1
10,30,292.6,277.7,25.5,42.2,1,-1,-1,-1
10,31,317.0,284.8,21.2,41.3,1,-1,-1,-1
10,32,263.6,284.1,23.5,43.5,1,-1,-1,-1
10,33,286.7,299.0,15.3,34.6,1,-1,-1,-1
10,34,309.2,287.4,18.9,36.2,1,-1,-1,-1
11,1,483.5,657.1,66.9,94.3,1,-1,-1,-1
11,2,158.7,542.2,63.4,93.1,1,-1,-1,-1
11,3,137.4,378.1,60.0,60.0,1,-1,-1,-1
11,4,308.0,584.3,71.3,90.5,1,-1,-1,-1
11,5,669.2,380.3,44.3,86.8,1,-1,-1,-1
11,6,352.4,472.9,56.7,113.2,1,-1,-1,-1
11,7,495.1,479.4,44.1,119.1,1,-1,-1,-1
11,8,518.1,275.0,29.9,57.7,1,-1,-1,-1
11,9,536.9,658.8,91.3,97.2,1,-1,-1,-1
11,10,657.3,335.0,37.0,82.8,1,-1,-1,-1
11,11,605.0,348.3,38.0,88.6,1,-1,-1,-1
11,12,112.0,389.2,35.8,77.1,1,-1,-1,-1
11,13,872.4,294.3,33.1,79.1,1,-1,-1,-1
11,14,781.8,409.0,47.1,94.8,1,-1,-1,-1
11,15,537.7,269.6,30.4,53.9,1,-1,-1,-1
11,16,245.8,288.6,34.8,81.0,1,-1,-1,-1
11,17,741.7,276.6,31.3,41.4,1,-1,-1,-1
11,18,289.6,484.4,58.6,117.4,1,-1,-1,-1
11,19,0.3,464.1,74.4,71.6,1,-1,-1,-1
11,20,808.2,311.2,42.1,84.1,1,-1,-1,-1
11,21,636.8,309.7,31.1,77.2,1,-1,-1,-1
11,22,604.4,313.7,32.2,70.8,1,-1,-1,-1
11,23,364.9,248.7,19.1,41.5,1,-1,-1,-1
11,24,619.3,204.7,28.7,61.9,1,-1,-1,-1
11,25,276.7,205.0,24.3,60.3,1,-1,-1,-1
11,26,780.7,163.5,24.7,56.6,1,-1,-1,-1
11,27,23.4,296.3,27.6,53.2,1,-1,-1,-1
11,28,323.2,178.8,23.8,55.4,1,-1,-1,-1
11,29,432.3,193.2,22.8,35.6,1,-1,-1,-1
11,30,293.7,278.4,24.6,40.6,1,-1,-1,-1
11,31,317.3,284.4,21.0,41.3,1,-1,-1,-1
11,32,263.6,284.5,23.6,43.7,1,-1,-1,-1
11,33,285.8,298.1,16.1,34.2,1,-1,-1,-1
11,34,309.7,287.5,18.6,35.8,1,-1,-1,-1
12,1,483.6,656.7,66.8,94.4,1,-1,-1,-1
12,2,158.6,542.1,63.6,93.1,1,-1,-1,-1
12,3,134.5,377.8,62.4,62.5,1,-1,-1,-1
12,4,308.2,584.3,71.2,89.9,1,-1,-1,-1
12,5,676.6,378.6,40.2,88.0,1,-1,-1,-1
12,6,352.5,472.7,56.7,113.4,1,-1,-1,-1
12,7,495.4,479.4,44.0,118.4,1,-1,-1,-1
12,8,518.2,275.1,29.7,57.8,1,-1,-1,-1
12,9,536.8,658.4,91.1,97.6,1,-1,-1,-1
12,10,657.1,334.2,38.1,85.0,1,-1,-1,-1
12,11,605.2,349.7,37.9,87.4,1,-1,-1,-1
12,12,110.9,389.2,37.2,77.4,1,-1,-1,-1
12,13,871.2,295.1,33.4,77.2,1,-1,-1,-1
12,14,786.1,407.7,45.6,93.7,1,-1,-1,-1
12,15,538.0,269.5,30.3,54.0,1,-1,-1,-1
12,16,246.8,288.4,34.3,80.6,1,-1,-1,-1
12,17,741.5,276.6,31.0,40.9,1,-1,-1,-1
12,18,290.0,484.2,58.8,118.0,1,-1,-1,-1
12,19,0.4,464.3,74.7,71.4,1,-1,-1,-1
12,20,808.1,311.6,41.6,83.2,1,-1,-1,-1
12,21,632.0,310.5,30.7,82.7,1,-1,-1,-1
12,22,601.3,313.9,33.1,76.5,1,-1,-1,-1
12,23,363.9,248.2,19.2,42.0,1,-1,-1,-1
12,24,618.8,204.4,28.8,62.0,1,-1,-1,-1
12,25,276.1,205.3,24.1,60.3,1,-1,-1,-1
12,26,780.7,163.9,24.8,56.6,1,-1,-1,-1
12,27,22.0,297.0,26.1,51.8,1,-1,-1,-1
12,28,324.3,179.0,23.0,54.7,1,-1,-1,-1
12,29,432.6,192.7,22.7,36.4,1,-1,-1,-1
12,30,292.3,277.5,24.2,40.8,1,-1,-1,-1
12,31,317.5,284.5,20.8,41.2,1,-1,-1,-1
12,32,263.4,284.4,23.7,43.8,1,-1,-1,-1
12,33,285.9,297.7,16.5,34.2,1,-1,-1,-1
12,34,309.5,287.8,18.5,35.6,1,-1,-1,-1
13,1,483.1,656.6,66.8,94.0,1,-1,-1,-1
13,2,158.9,542.1,63.1,92.9,1,-1,-1,-1
13,3,136.6,378.4,61.5,60.5,1,-1,-1,-1
13,4,308.0,583.7,71.4,89.4,1,-1,-1,-1
13,5,681.1,377.5,36.8,87.5,1,-1,-1,-1
13,6,352.3,472.6,56.9,113.4,1,-1,-1,-1
13,7,494.7,479.4,44.4,118.5,1,-1,-1,-1
13,8,517.9,275.0,30.0,57.7,1,-1,-1,-1
13,9,536.8,658.2,90.8,97.8,1,-1,-1,-1
13,10,657.1,334.2,39.1,85.9,1,-1,-1,-1
13,11,605.4,349.6,39.0,87.5,1,-1,-1,-1
13,12,110.4,389.4,37.3,77.2,1,-1,-1,-1
13,13,870.1,296.1,33.9,76.2,1,-1,-1,-1
13,14,793.3,403.2,44.4,93.6,1,-1,-1,-1
13,15,538.5,269.5,30.2,53.9,1,-1,-1,-1
13,16,248.1,289.3,33.2,79.4,1,-1,-1,-1
13,17,741.4,276.9,31.3,40.5,1,-1,-1,-1
13,18,289.8,484.0,58.7,117.9,1,-1,-1,-1
13,19,0.3,464.1,74.8,71.5,1,-1,-1,-1
13,20,806.6,311.2,38.4,81.8,1,-1,-1,-1
13,21,629.8,309.7,30.7,84.4,1,-1,-1,-1
13,22,600.5,316.5,31.9,78.8,1,-1,-1,-1
13,23,363.2,248.3,19.2,41.8,1,-1,-1,-1
13,24,618.4,204.4,29.0,62.1,1,-1,-1,-1
13,25,275.1,205.7,23.6,60.1,1,-1,-1,-1
13,26,780.2,163.5,25.3,57.1,1,-1,-1,-1
13,27,21.1,297.5,25.4,50.9,1,-1,-1,-1
13,28,324.8,179.0,22.9,54.7,1,-1,-1,-1
13,29,431.5,192.0,23.3,37.2,1,-1,-1,-1
13,30,291.7,277.0,24.1,40.6,1,-1,-1,-1
13,31,317.6,284.5,20.8,41.4,1,-1,-1,-1
13,32,263.0,284.1,23.9,43.7,1,-1,-1,-1
13,33,285.9,298.9,16.6,34.2,1,-1,-1,-1
13,34,308.9,287.7,18.6,35.5,1,-1,-1,-1
13,35,299.3,288.6,22.0,36.0,1,-1,-1,-1
14,1,482.8,656.7,66.5,93.7,1,-1,-1,-1
14,2,159.0,542.1,63.0,92.9,1,-1,-1,-1
14,3,139.0,378.8,59.1,58.6,1,-1,-1,-1
14,4,307.8,583.5,71.5,89.7,1,-1,-1,-1
14,5,685.0,375.7,35.5,89.0,1,-1,-1,-1
14,6,352.2,472.4,56.7,112.8,1,-1,-1,-1
14,7,493.8,477.7,44.1,123.6,1,-1,-1,-1
14,8,517.7,275.2,30.3,57.6,1,-1,-1,-1
14,9,536.6,658.1,90.4,97.9,1,-1,-1,-1
14,10,657.9,334.0,38.7,86.6,1,-1,-1,-1
14,11,604.3,350.4,39.2,87.5,1,-1,-1,-1
14,12,110.2,389.5,37.4,76.9,1,-1,-1,-1
14,13,869.0,295.6,33.6,76.1,1,-1,-1,-1
14,14,798.7,401.4,43.1,91.7,1,-1,-1,-1
14,15,538.6,269.3,30.2,53.8,1,-1,-1,-1
14,16,249.6,289.5,32.0,79.0,1,-1,-1,-1
14,17,741.5,277.4,31.3,40.2,1,-1,-1,-1
14,18,289.5,484.0,58.9,118.1,1,-1,-1,-1
14,19,0.4,464.0,75.2,71.6,1,-1,-1,-1
14,20,805.8,310.9,35.8,79.4,1,-1,-1,-1
14,21,627.2,312.9,30.7,80.0,1,-1,-1,-1
14,22,599.9,318.1,33.4,78.5,1,-1,-1,-1
14,23,362.4,248.4,19.1,41.4,1,-1,-1,-1
14,24,618.5,204.6,28.9,62.1,1,-1,-1,-1
14,25,274.5,206.1,23.3,60.1,1,-1,-1,-1
14,26,779.9,163.2,25.5,57.2,1,-1,-1,-1
14,27,19.8,296.9,26.1,52.0,1,-1,-1,-1
14,28,324.7,178.8,23.4,55.9,1,-1,-1,-1
14,29,431.7,191.4,23.3,37.5,1,-1,-1,-1
14,30,291.6,276.8,24.2,41.2,1,-1,-1,-1
14,31,317.5,284.2,20.8,41.8,1,-1,-1,-1
14,32,262.5,284.0,24.6,44.5,1,-1,-1,-1
14,33,285.8,298.6,16.9,34.7,1,-1,-1,-1
14,34,308.6,287.6,18.8,35.5,1,-1,-1,-1
14,35,298.7,287.8,22.6,36.6,1,-1,-1,-1
15,1,481.8,656.3,67.1,93.8,1,-1,-1,-1
15,2,159.0,542.0,62.8,92.9,1,-1,-1,-1
15,3,137.7,378.7,59.5,58.0,1,-1,-1,-1
15,4,307.6,583.4,71.7,89.5,1,-1,-1,-1
15,5,689.5,376.0,35.7,90.6,1,-1,-1,-1
15,6,352.1,472.5,56.9,113.0,1,-1,-1,-1
15,7,494.3,478.3,44.5,120.7,1,-1,-1,-1
15,8,517.6,274.9,30.4,57.7,1,-1,-1,-1
15,9,536.6,658.0,90.3,98.0,1,-1,-1,-1
15,10,658.8,334.0,38.7,85.9,1,-1,-1,-1
15,11,604.6,350.9,39.7,88.6,1,-1,-1,-1
15,12,109.6,389.2,37.7,77.1,1,-1,-1,-1
15,13,867.6,295.2,32.7,76.9,1,-1,-1,-1
15,14,801.8,397.6,41.9,93.5,1,-1,-1,-1
15,15,538.5,269.1,30.3,53.9,1,-1,-1,-1
15,16,251.4,289.4,30.7,78.6,1,-1,-1,-1
15,17,741.3,276.9,31.4,40.5,1,-1,-1,-1
15,18,289.8,483.9,58.7,117.5,1,-1,-1,-1
15,19,0.3,464.2,75.3,71.6,1,-1,-1,-1
15,20,806.1,310.5,33.3,77.8,1,-1,-1,-1
15,21,624.5,311.3,30.7,78.8,1,-1,-1,-1
15,22,597.5,320.5,34.5,79.8,1,-1,-1,-1
15,23,361.8,247.7,19.9,42.1,1,-1,-1,-1
15,24,618.4,204.9,29.1,61.9,1,-1,-1,-1
15,25,273.5,206.0,23.8,60.7,1,-1,-1,-1
15,26,779.9,162.9,25.4,57.1,1,-1,-1,-1
15,27,19.8,296.0,26.0,51.9,1,-1,-1,-1
15,28,324.3,178.7,24.1,55.8,1,-1,-1,-1
15,29,431.7,191.0,23.4,37.8,1,-1,-1,-1
15,30,291.7,276.7,24.5,41.7,1,-1,-1,-1
15,31,317.9,284.3,20.7,41.9,1,-1,-1,-1
15,32,262.5,283.8,25.0,44.1,1,-1,-1,-1
15,33,285.6,298.5,17.2,34.9,1,-1,-1,-1
15,34,308.8,287.6,18.8,35.5,1,-1,-1,-1
15,35,298.3,286.5,23.2,36.7,1,-1,-1,-1
16,1,481.6,656.0,67.5,93.9,1,-1,-1,-1
16,2,159.3,542.0,62.4,92.9,1,-1,-1,-1
16,3,138.0,379.1,58.7,57.8,1,-1,-1,-1
16,4,307.5,583.5,72.0,89.1,1,-1,-1,-1
16,5,692.2,375.1,37.0,90.5,1,-1,-1,-1
16,6,352.1,472.3,56.8,112.8,1,-1,-1,-1
16,7,493.8,476.6,44.0,121.7,1,-1,-1,-1
16,8,517.6,274.8,30.5,57.8,1,-1,-1,-1
16,9,536.3,657.7,90.2,98.3,1,-1,-1,-1
16,10,659.3,333.9,38.6,86.8,1,-1,-1,-1
16,11,604.7,352.5,40.5,89.5,1,-1,-1,-1
16,12,109.7,388.9,37.7,77.3,1,-1,-1,-1
16,13,867.2,294.2,32.0,77.6,1,-1,-1,-1
16,14,804.7,392.1,44.2,97.3,1,-1,-1,-1
16,15,538.3,268.8,30.6,54.4,1,-1,-1,-1
16,16,254.1,286.0,28.8,80.8,1,-1,-1,-1
16,17,741.4,277.8,30.3,39.3,1,-1,-1,-1
16,18,289.9,484.0,58.9,117.6,1,-1,-1,-1
16,19,0.3,464.2,75.1,71.4,1,-1,-1,-1
16,20,804.3,310.7,33.3,79.5,1,-1,-1,-1
16,21,622.6,311.2,31.4,79.3,1,-1,-1,-1
16,22,593.6,321.8,35.1,81.5,1,-1,-1,-1
16,23,361.4,246.2,20.4,43.4,1,-1,-1,-1
16,24,618.4,205.0,28.9,61.7,1,-1,-1,-1
16,25,272.4,205.9,24.9,61.2,1,-1,-1,-1
16,26,779.9,163.1,25.4,56.6,1,-1,-1,-1
16,27,19.0,295.4,25.6,52.1,1,-1,-1,-1
16,28,325.2,179.9,24.0,55.5,1,-1,-1,-1
16,29,431.8,191.3,23.3,37.7,1,-1,-1,-1
16,30,291.9,276.5,24.5,41.7,1,-1,-1,-1
16,31,317.7,284.1,20.7,42.0,1,-1,-1,-1
16,32,262.4,284.0,25.3,45.5,1,-1,-1,-1
16,33,285.6,298.4,17.2,35.0,1,-1,-1,-1
16,34,309.3,288.0,19.0,36.8,1,-1,-1,-1
17,1,482.0,655.9,67.4,94.0,1,-1,-1,-1
17,2,159.3,541.9,62.3,92.7,1,-1,-1,-1
17,3,140.2,378.5,57.4,58.6,1,-1,-1,-1
17,4,307.5,583.0,71.9,89.2,1,-1,-1,-1
17,5,693.9,376.7,38.0,88.5,1,-1,-1,-1
17,6,352.1,472.2,56.7,112.4,1,-1,-1,-1
17,7,493.6,475.9,43.9,121.2,1,-1,-1,-1
17,8,517.6,274.9,30.3,57.7,1,-1,-1,-1
17,9,536.0,657.5,90.2,98.5,1,-1,-1,-1
17,10,658.8,333.9,37.4,86.6,1,-1,-1,-1
17,11,605.8,355.5,43.2,87.8,1,-1,-1,-1
17,12,109.8,388.8,37.6,77.1,1,-1,-1,-1
17,13,865.7,293.5,31.6,78.2,1,-1,-1,-1
17,14,809.1,390.5,43.6,94.9,1,-1,-1,-1
17,15,538.0,268.8,30.8,54.5,1,-1,-1,-1
17,16,255.7,286.5,28.1,80.5,1,-1,-1,-1
17,17,741.4,277.3,30.4,39.7,1,-1,-1,-1
17,18,289.5,483.8,59.0,117.5,1,-1,-1,-1
17,19,0.4,463.8,75.6,71.6,1,-1,-1,-1
17,20,801.1,310.3,33.8,79.7,1,-1,-1,-1
17,21,619.2,311.5,32.8,79.2,1,-1,-1,-1
17,22,591.6,323.8,35.7,80.6,1,-1,-1,-1
17,23,361.7,246.4,20.6,43.4,1,-1,-1,-1
17,24,618.7,205.2,28.6,61.4,1,-1,-1,-1
17,25,270.9,206.0,25.8,61.1,1,-1,-1,-1
17,26,780.0,163.4,25.3,56.4,1,-1,-1,-1
17,27,18.4,294.6,26.2,53.7,1,-1,-1,-1
17,28,326.3,180.7,24.1,55.5,1,-1,-1,-1
17,29,431.6,190.9,23.3,37.9,1,-1,-1,-1
17,30,291.8,276.9,24.5,42.1,1,-1,-1,-1
17,31,317.3,284.1,21.1,42.1,1,-1,-1,-1
17,32,252.6,283.7,24.7,50.8,1,-1,-1,-1
17,33,285.2,297.2,17.4,35.9,1,-1,-1,-1
17,34,309.5,287.4,18.8,36.5,1,-1,-1,-1
18,1,482.0,655.5,67.2,94.4,1,-1,-1,-1
18,2,159.5,542.0,62.0,92.6,1,-1,-1,-1
18,3,140.7,378.2,57.0,58.9,1,-1,-1,-1
18,4,307.6,582.8,71.9,89.0,1,-1,-1,-1
18,5,695.6,377.0,39.8,87.1,1,-1,-1,-1
18,6,352.1,472.2,56.8,112.4,1,-1,-1,-1
18,7,493.7,475.9,43.8,121.9,1,-1,-1,-1
18,8,517.9,274.9,30.0,57.7,1,-1,-1,-1
18,9,535.8,657.3,90.5,98.7,1,-1,-1,-1
18,10,658.0,334.9,36.1,86.7,1,-1,-1,-1
18,11,606.8,356.1,46.1,88.1,1,-1,-1,-1
18,12,110.1,388.6,37.3,77.3,1,-1,-1,-1
18,13,863.5,292.0,31.9,78.2,1,-1,-1,-1
18,14,811.5,390.1,44.0,93.8,1,-1,-1,-1
18,15,537.9,268.8,30.9,54.7,1,-1,-1,-1
18,16,256.4,285.5,29.3,81.2,1,-1,-1,-1
18,17,741.2,277.8,29.5,39.3,1,-1,-1,-1
18,18,289.4,483.7,59.3,117.8,1,-1,-1,-1
18,19,0.3,464.0,75.8,71.6,1,-1,-1,-1
18,20,798.8,310.2,35.1,79.6,1,-1,-1,-1
18,21,614.6,311.6,33.7,81.4,1,-1,-1,-1
18,22,590.4,324.8,35.5,79.6,1,-1,-1,-1
18,23,361.9,246.3,20.6,43.8,1,-1,-1,-1
18,24,618.6,205.0,28.9,61.6,1,-1,-1,-1
18,25,270.5,205.8,25.9,61.2,1,-1,-1,-1
18,26,779.7,163.1,25.2,56.4,1,-1,-1,-1
18,27,17.6,293.2,26.7,55.0,1,-1,-1,-1
18,28,327.8,180.7,23.9,55.0,1,-1,-1,-1
18,29,431.9,191.0,23.4,38.1,1,-1,-1,-1
18,30,292.0,276.5,24.3,41.5,1,-1,-1,-1
18,31,317.2,284.2,21.2,42.1,1,-1,-1,-1
18,32,250.2,282.5,24.1,52.4,1,-1,-1,-1
18,33,284.8,296.5,17.8,36.6,1,-1,-1,-1
18,34,309.1,287.4,18.6,36.1,1,-1,-1,-1
19,1,481.6,655.2,67.2,94.9,1,-1,-1,-1
19,2,159.3,541.9,62.2,92.4,1,-1,-1,-1
19,3,140.1,377.9,57.0,59.2,1,-1,-1,-1
19,4,307.6,582.6,71.9,89.0,1,-1,-1,-1
19,5,697.5,377.1,41.1,85.7,1,-1,-1,-1
19,6,352.0,472.0,57.0,112.1,1,-1,-1,-1
19,7,493.3,476.0,44.0,122.8,1,-1,-1,-1
19,8,517.6,275.3,30.2,57.4,1,-1,-1,-1
19,9,535.2,657.3,90.6,98.7,1,-1,-1,-1
19,10,656.0,337.1,35.1,84.8,1,-1,-1,-1
19,11,605.0,357.8,52.4,86.3,1,-1,-1,-1
19,12,110.1,388.2,37.7,77.9,1,-1,-1,-1
19,13,861.9,291.7,31.9,78.8,1,-1,-1,-1
19,14,816.7,391.5,44.5,92.7,1,-1,-1,-1
19,15,538.0,269.0,30.5,54.5,1,-1,-1,-1
19,16,256.2,286.4,31.2,81.0,1,-1,-1,-1
19,17,741.2,277.6,29.3,39.4,1,-1,-1,-1
19,18,289.4,483.5,58.9,117.3,1,-1,-1,-1
19,19,0.3,464.1,75.9,71.4,1,-1,-1,-1
19,20,796.5,314.4,34.1,74.1,1,-1,-1,-1
19,21,611.2,311.2,33.2,79.8,1,-1,-1,-1
19,22,587.6,324.6,34.6,79.3,1,-1,-1,-1
19,23,362.4,245.6,20.3,44.2,1,-1,-1,-1
19,24,618.2,204.9,29.3,62.0,1,-1,-1,-1
19,25,270.0,206.2,26.2,60.7,1,-1,-1,-1
19,26,779.8,163.7,25.5,56.5,1,-1,-1,-1
19,27,17.4,291.9,27.1,55.6,1,-1,-1,-1
19,28,329.2,180.4,23.9,55.1,1,-1,-1,-1
19,29,431.7,190.4,23.8,38.2,1,-1,-1,-1
19,30,291.7,277.0,24.5,42.3,1,-1,-1,-1
19,31,317.0,283.9,21.3,42.0,1,-1,-1,-1
19,32,251.0,282.3,24.2,53.8,1,-1,-1,-1
19,33,285.4,295.3,17.7,37.6,1,-1,-1,-1
19,34,309.3,287.4,18.4,35.9,1,-1,-1,-1
20,1,482.2,654.4,66.3,95.8,1,-1,-1,-1
20,2,159.3,541.8,62.1,92.1,1,-1,-1,-1
20,3,138.6,378.5,58.3,58.4,1,-1,-1,-1
20,4,307.1,581.1,73.7,91.0,1,-1,-1,-1
20,5,700.2,376.7,40.0,85.0,1,-1,-1,-1
20,6,351.8,472.1,56.9,112.0,1,-1,-1,-1
20,7,493.8,477.5,44.6,119.6,1,-1,-1,-1
20,8,517.5,275.4,30.0,57.3,1,-1,-1,-1
20,9,534.8,657.0,91.3,99.0,1,-1,-1,-1
20,10,653.9,337.4,34.5,85.3,1,-1,-1,-1
20,11,616.2,358.0,46.3,86.7,1,-1,-1,-1
20,12,110.0,388.1,37.8,78.3,1,-1,-1,-1
20,13,860.4,292.3,31.8,78.0,1,-1,-1,-1
20,14,820.2,394.8,45.2,91.6,1,-1,-1,-1
20,15,538.0,269.0,30.5,54.4,1,-1,-1,-1
20,16,256.4,286.1,32.5,81.1,1,-1,-1,-1
20,17,741.1,277.1,29.2,39.5,1,-1,-1,-1
20,18,289.5,483.3,58.6,116.5,1,-1,-1,-1
20,19,0.3,464.1,75.8,71.2,1,-1,-1,-1
20,20,795.5,311.4,34.0,75.3,1,-1,-1,-1
20,21,608.1,309.8,32.5,77.0,1,-1,-1,-1
20,22,583.3,324.0,35.1,82.5,1,-1,-1,-1
20,23,363.5,246.7,19.7,43.0,1,-1,-1,-1
20,24,618.0,205.0,29.6,62.2,1,-1,-1,-1
20,25,270.1,206.4,27.0,59.7,1,-1,-1,-1
20,26,780.1,163.5,25.5,56.4,1,-1,-1,-1
20,27,16.4,289.8,27.3,56.8,1,-1,-1,-1
20,28,330.0,179.7,23.7,54.9,1,-1,-1,-1
20,29,432.0,190.9,23.7,37.8,1,-1,-1,-1
20,30,291.2,276.8,24.8,42.7,1,-1,-1,-1
20,31,316.6,284.0,21.6,42.0,1,-1,-1,-1
20,32,251.8,282.7,24.2,56.5,1,-1,-1,-1
20,33,286.4,295.2,17.0,37.9,1,-1,-1,-1
20,34,309.4,287.4,18.4,36.1,1,-1,-1,-1
21,1,482.3,654.1,65.9,96.0,1,-1,-1,-1
21,2,159.1,541.8,62.1,91.9,1,-1,-1,-1
21,3,136.2,378.7,60.5,58.8,1,-1,-1,-1
21,4,307.0,581.6,72.7,89.7,1,-1,-1,-1
21,5,703.9,376.3,37.4,84.5,1,-1,-1,-1
21,6,351.7,471.9,56.9,112.1,1,-1,-1,-1
21,7,493.1,476.3,44.0,120.7,1,-1,-1,-1
21,8,517.8,275.4,29.4,56.8,1,-1,-1,-1
21,9,534.5,656.9,91.2,99.1,1,-1,-1,-1
21,10,651.3,335.7,35.3,88.6,1,-1,-1,-1
21,11,627.6,359.1,40.2,86.6,1,-1,-1,-1
21,12,109.9,388.1,38.0,78.3,1,-1,-1,-1
21,13,857.7,294.0,31.9,76.0,1,-1,-1,-1
21,14,820.0,396.0,44.5,89.8,1,-1,-1,-1
21,15,538.6,269.3,30.4,54.2,1,-1,-1,-1
21,16,256.5,286.2,32.7,80.6,1,-1,-1,-1
21,17,740.7,276.0,30.3,40.6,1,-1,-1,-1
21,18,289.7,483.5,58.1,115.8,1,-1,-1,-1
21,19,0.4,464.0,76.3,71.3,1,-1,-1,-1
21,20,794.1,312.5,34.3,73.9,1,-1,-1,-1
21,21,603.4,310.7,32.9,78.3,1,-1,-1,-1
21,22,580.7,329.3,35.7,79.1,1,-1,-1,-1
21,23,364.3,247.2,19.2,42.3,1,-1,-1,-1
21,24,617.6,205.0,29.8,62.1,1,-1,-1,-1
21,25,269.4,206.7,27.2,59.1,1,-1,-1,-1
21,26,780.0,162.6,25.7,57.0,1,-1,-1,-1
21,27,17.1,289.7,27.2,55.9,1,-1,-1,-1
21,28,330.1,179.8,23.7,55.5,1,-1,-1,-1
21,29,431.9,191.3,23.6,37.7,1,-1,-1,-1
21,30,291.3,276.2,24.7,41.8,1,-1,-1,-1
21,31,317.2,284.0,21.1,42.0,1,-1,-1,-1
21,32,251.7,282.2,23.7,54.8,1,-1,-1,-1
21,33,286.6,296.2,16.6,37.4,1,-1,-1,-1
21,34,309.2,287.5,18.4,35.8,1,-1,-1,-1
21,35,299.4,285.9,22.1,38.6,1,-1,-1,-1
22,1,482.4,654.0,65.6,96.1,1,-1,-1,-1
22,2,158.9,541.7,62.0,91.8,1,-1,-1,-1
22,3,136.2,378.1,61.2,61.9,1,-1,-1,-1
22,4,306.9,581.8,72.1,89.2,1,-1,-1,-1
22,5,707.4,374.9,35.1,84.9,1,-1,-1,-1
22,6,351.7,471.8,56.8,112.1,1,-1,-1,-1
22,7,492.8,475.8,43.3,121.5,1,-1,-1,-1
22,8,517.8,275.5,29.1,56.2,1,-1,-1,-1
22,9,533.4,656.8,91.8,99.2,1,-1,-1,-1
22,10,650.4,334.3,36.5,90.0,1,-1,-1,-1
22,11,633.1,360.1,35.4,85.5,1,-1,-1,-1
22,12,109.5,388.7,38.1,77.5,1,-1,-1,-1
22,13,853.2,294.8,33.1,75.2,1,-1,-1,-1
22,14,821.2,396.3,43.0,88.5,1,-1,-1,-1
22,15,538.6,269.6,30.3,53.5,1,-1,-1,-1
22,16,256.6,285.6,33.2,80.8,1,-1,-1,-1
22,17,740.5,276.2,29.9,40.5,1,-1,-1,-1
22,18,289.8,483.6,57.8,116.1,1,-1,-1,-1
22,19,0.3,463.9,76.4,71.4,1,-1,-1,-1
22,20,792.4,311.5,31.8,73.3,1,-1,-1,-1
22,21,600.5,311.1,32.4,79.4,1,-1,-1,-1
22,22,579.7,331.6,36.0,77.0,1,-1,-1,-1
22,23,365.0,246.9,18.9,42.0,1,-1,-1,-1
22,24,617.8,205.5,29.6,61.8,1,-1,-1,-1
22,25,267.9,206.7,25.2,59.1,1,-1,-1,-1
22,26,780.0,162.7,25.7,57.3,1,-1,-1,-1
22,27,17.6,290.0,26.8,55.2,1,-1,-1,-1
22,28,330.1,180.0,23.5,55.6,1,-1,-1,-1
22,29,432.0,191.3,23.5,37.6,1,-1,-1,-1
22,30,290.5,276.6,25.3,43.8,1,-1,-1,-1
22,31,317.2,283.8,20.9,42.1,1,-1,-1,-1
22,32,251.3,282.7,23.6,56.0,1,-1,-1,-1
22,33,286.9,295.6,16.3,37.7,1,-1,-1,-1
22,34,308.9,287.4,18.5,35.9,1,-1,-1,-1
22,35,298.8,285.5,22.2,38.9,1,-1,-1,-1
23,1,482.2,653.9,65.8,96.1,1,-1,-1,-1
23,2,158.7,541.6,62.2,91.7,1,-1,-1,-1
23,3,137.4,377.1,60.0,60.8,1,-1,-1,-1
23,4,307.1,581.8,71.5,88.9,1,-1,-1,-1
23,5,712.4,373.9,32.7,85.5,1,-1,-1,-1
23,6,351.4,471.9,56.8,112.0,1,-1,-1,-1
23,7,492.5,475.3,43.3,121.1,1,-1,-1,-1
23,8,517.7,275.4,29.1,55.7,1,-1,-1,-1
23,9,532.3,656.8,92.7,99.3,1,-1,-1,-1
23,10,648.9,333.5,37.1,88.9,1,-1,-1,-1
23,11,636.0,357.8,38.4,87.6,1,-1,-1,-1
23,12,109.8,389.1,38.3,76.8,1,-1,-1,-1
23,13,850.3,294.9,34.6,74.9,1,-1,-1,-1
23,14,821.4,394.8,42.7,88.9,1,-1,-1,-1
23,15,538.7,269.7,29.9,53.2,1,-1,-1,-1
23,16,256.5,286.2,32.9,79.8,1,-1,-1,-1
23,17,740.5,275.6,31.0,41.3,1,-1,-1,-1
23,18,289.8,483.5,57.6,116.8,1,-1,-1,-1
23,19,0.2,464.1,75.7,71.2,1,-1,-1,-1
23,20,789.5,310.7,29.9,73.2,1,-1,-1,-1
23,21,597.2,311.0,33.5,81.4,1,-1,-1,-1
23,22,579.3,332.2,36.5,76.8,1,-1,-1,-1
23,23,365.9,246.5,18.9,42.3,1,-1,-1,-1
23,24,617.8,205.4,29.5,61.8,1,-1,-1,-1
23,25,267.6,206.5,24.2,59.2,1,-1,-1,-1
23,26,779.5,162.9,25.9,57.3,1,-1,-1,-1
23,27,18.3,290.8,26.2,54.3,1,-1,-1,-1
23,28,330.8,180.2,23.4,55.5,1,-1,-1,-1
23,29,431.6,191.5,23.5,37.3,1,-1,-1,-1
23,30,290.6,276.0,25.4,43.1,1,-1,-1,-1
23,31,317.1,283.3,20.9,42.3,1,-1,-1,-1
23,32,251.0,282.6,23.9,55.4,1,-1,-1,-1
23,33,286.1,295.1,16.5,38.0,1,-1,-1,-1
23,34,309.0,287.7,18.5,37.0,1,-1,-1,-1
23,35,298.3,285.0,22.1,39.2,1,-1,-1,-1
24,1,481.7,653.7,66.4,96.3,1,-1,-1,-1
24,2,158.9,541.6,62.0,91.7,1,-1,-1,-1
24,3,137.3,377.0,60.0,61.8,1,-1,-1,-1
24,4,307.0,581.6,71.1,89.0,1,-1,-1,-1
24,5,715.2,372.8,32.9,86.2,1,-1,-1,-1
24,6,351.3,471.6,56.8,112.1,1,-1,-1,-1
24,7,492.9,476.7,44.2,118.7,1,-1,-1,-1
24,8,517.3,275.4,29.3,55.9,1,-1,-1,-1
24,9,532.6,656.7,91.9,99.3,1,-1,-1,-1
24,10,648.0,333.6,37.1,83.9,1,-1,-1,-1
24,11,637.5,359.9,38.3,85.1,1,-1,-1,-1
24,12,109.4,389.1,38.0,77.0,1,-1,-1,-1
24,13,848.6,294.6,35.7,74.9,1,-1,-1,-1
24,14,821.7,391.9,41.8,89.7,1,-1,-1,-1
24,15,538.5,269.4,30.2,53.4,1,-1,-1,-1
24,16,256.1,287.1,31.8,78.9,1,-1,-1,-1
24,17,740.2,275.5,31.2,41.6,1,-1,-1,-1
24,18,289.3,483.4,57.6,117.9,1,-1,-1,-1
24,19,0.3,464.2,75.3,71.1,1,-1,-1,-1
24,20,786.5,310.6,29.3,72.6,1,-1,-1,-1
24,21,595.9,312.1,33.8,80.0,1,-1,-1,-1
24,22,577.0,334.9,35.7,77.3,1,-1,-1,-1
24,23,367.7,246.1,19.6,42.5,1,-1,-1,-1
24,24,617.4,205.1,29.7,62.0,1,-1,-1,-1
24,25,267.7,205.8,23.8,59.9,1,-1,-1,-1
24,26,779.1,162.6,25.8,56.8,1,-1,-1,-1
24,27,19.4,289.9,25.5,54.6,1,-1,-1,-1
24,28,331.6,179.9,23.6,55.8,1,-1,-1,-1
24,29,431.1,191.0,23.5,37.2,1,-1,-1,-1
24,30,290.5,275.7,25.6,42.0,1,-1,-1,-1
24,31,316.4,283.4,21.3,42.3,1,-1,-1,-1
24,32,250.9,283.0,24.1,55.2,1,-1,-1,-1
24,33,285.0,297.3,16.8,36.3,1,-1,-1,-1
24,34,309.2,287.7,18.2,37.7,1,-1,-1,-1
25,1,481.6,653.6,66.4,96.3,1,-1,-1,-1
25,2,158.5,541.2,62.1,91.6,1,-1,-1,-1
25,3,138.0,376.7,57.7,60.6,1,-1,-1,-1
25,4,306.6,581.3,71.1,89.5,1,-1,-1,-1
25,5,715.4,371.1,34.0,88.0,1,-1,-1,-1
25,6,350.1,472.1,58.5,111.5,1,-1,-1,-1
25,7,492.1,475.9,43.2,119.4,1,-1,-1,-1
25,8,517.2,275.0,29.7,55.7,1,-1,-1,-1
25,9,532.5,656.6,91.9,99.4,1,-1,-1,-1
25,10,645.6,336.9,36.4,88.3,1,-1,-1,-1
25,11,637.6,361.1,38.0,84.2,1,-1,-1,-1
25,12,109.3,388.7,37.8,77.4,1,-1,-1,-1
25,13,847.5,294.0,35.5,74.8,1,-1,-1,-1
25,14,820.5,387.8,42.8,92.1,1,-1,-1,-1
25,15,538.5,269.4,30.2,53.3,1,-1,-1,-1
25,16,256.1,287.0,31.4,79.2,1,-1,-1,-1
25,17,740.6,276.2,30.0,40.5,1,-1,-1,-1
25,18,289.2,482.9,57.4,117.3,1,-1,-1,-1
25,19,0.4,463.7,75.5,71.3,1,-1,-1,-1
25,20,782.9,311.1,29.9,72.2,1,-1,-1,-1
25,21,594.3,315.0,32.0,75.6,1,-1,-1,-1
25,22,572.4,336.2,36.9,79.1,1,-1,-1,-1
25,23,369.1,244.8,20.1,41.9,1,-1,-1,-1
25,24,617.3,204.6,29.7,62.0,1,-1,-1,-1
25,25,267.8,205.5,24.0,59.7,1,-1,-1,-1
25,26,779.3,162.8,25.3,55.6,1,-1,-1,-1
25,27,20.4,290.4,24.7,53.9,1,-1,-1,-1
25,28,332.4,181.0,23.1,55.6,1,-1,-1,-1
25,29,431.4,192.3,23.4,36.9,1,-1,-1,-1
25,30,291.2,275.4,25.5,40.3,1,-1,-1,-1
25,31,316.9,283.4,20.8,41.9,1,-1,-1,-1
25,32,251.1,283.3,24.8,57.3,1,-1,-1,-1
25,33,284.5,298.1,17.3,35.5,1,-1,-1,-1
25,34,309.1,287.6,18.1,37.5,1,-1,-1,-1
26,1,480.9,653.6,66.1,96.2,1,-1,-1,-1
26,2,158.4,541.0,62.0,91.5,1,-1,-1,-1
26,3,137.4,376.7,57.1,59.4,1,-1,-1,-1
26,4,306.1,580.8,71.2,90.2,1,-1,-1,-1
26,5,715.6,369.2,33.9,90.0,1,-1,-1,-1
26,6,348.9,472.0,59.8,111.6,1,-1,-1,-1
26,7,491.2,475.6,42.9,120.2,1,-1,-1,-1
26,8,516.8,274.8,30.2,55.8,1,-1,-1,-1
26,9,531.2,656.7,93.1,99.4,1,-1,-1,-1
26,10,642.6,339.2,38.3,92.4,1,-1,-1,-1
26,12,109.5,387.9,37.4,77.8,1,-1,-1,-1
26,13,845.2,293.7,31.8,73.0,1,-1,-1,-1
26,14,817.9,385.3,42.7,85.8,1,-1,-1,-1
26,15,538.5,269.1,29.8,53.1,1,-1,-1,-1
26,16,256.1,286.5,31.2,79.3,1,-1,-1,-1
26,17,739.7,276.0,31.0,40.5,1,-1,-1,-1
26,18,289.0,482.1,56.7,115.4,1,-1,-1,-1
26,19,0.3,463.8,74.9,71.2,1,-1,-1,-1
26,20,776.9,310.1,32.0,73.2,1,-1,-1,-1
26,21,593.2,316.8,30.9,72.6,1,-1,-1,-1
26,22,572.6,334.5,35.4,81.9,1,-1,-1,-1
26,23,368.8,243.7,20.8,43.4,1,-1,-1,-1
26,24,617.0,205.1,29.8,61.6,1,-1,-1,-1
26,25,267.5,205.0,24.3,60.3,1,-1,-1,-1
26,26,779.3,163.3,25.0,55.2,1,-1,-1,-1
26,27,20.7,290.2,24.5,54.0,1,-1,-1,-1
26,28,332.5,180.6,23.2,55.8,1,-1,-1,-1
26,29,431.0,192.1,23.8,36.9,1,-1,-1,-1
26,30,291.5,275.3,25.3,38.5,1,-1,-1,-1
26,31,316.4,283.5,21.0,41.7,1,-1,-1,-1
26,32,251.1,283.2,25.9,59.9,1,-1,-1,-1
26,33,284.0,297.4,18.2,35.8,1,-1,-1,-1
26,34,308.2,287.1,18.9,36.3,1,-1,-1,-1
27,1,480.5,653.4,65.0,96.3,1,-1,-1,-1
27,2,158.8,540.0,61.1,92.3,1,-1,-1,-1
27,3,137.4,376.9,56.6,58.6,1,-1,-1,-1
27,4,305.3,580.3,71.8,90.6,1,-1,-1,-1
27,5,716.1,367.7,34.2,90.7,1,-1,-1,-1
27,6,348.0,471.3,60.6,112.5,1,-1,-1,-1
27,7,490.8,475.6,42.5,121.3,1,-1,-1,-1
27,8,516.1,274.5,30.6,56.2,1,-1,-1,-1
27,9,529.7,656.5,94.7,99.5,1,-1,-1,-1
27,10,641.5,339.1,38.5,88.1,1,-1,-1,-1
27,12,109.4,387.2,37.1,78.3,1,-1,-1,-1
27,13,841.9,292.2,30.4,73.2,1,-1,-1,-1
27,14,813.8,384.2,44.1,78.6,1,-1,-1,-1
27,15,538.4,268.8,29.4,53.5,1,-1,-1,-1
27,16,255.9,285.9,31.7,79.7,1,-1,-1,-1
27,17,739.0,275.3,31.6,40.6,1,-1,-1,-1
27,18,288.6,481.9,55.9,114.5,1,-1,-1,-1
27,19,0.4,463.4,75.3,71.2,1,-1,-1,-1
27,20,771.5,310.2,34.5,73.9,1,-1,-1,-1
27,21,590.9,318.2,30.9,73.4,1,-1,-1,-1
27,22,572.0,334.3,35.3,84.9,1,-1,-1,-1
27,23,369.7,243.7,21.5,43.2,1,-1,-1,-1
27,24,616.7,205.3,29.6,61.0,1,-1,-1,-1
27,25,266.9,204.6,24.3,60.8,1,-1,-1,-1
27,26,779.1,163.3,24.9,55.0,1,-1,-1,-1
27,27,20.5,290.3,24.6,54.5,1,-1,-1,-1
27,28,333.4,179.7,23.7,56.0,1,-1,-1,-1
27,29,430.9,192.4,24.3,37.5,1,-1,-1,-1
27,30,291.4,276.4,25.4,39.6,1,-1,-1,-1
27,31,316.7,283.3,20.6,41.3,1,-1,-1,-1
27,32,250.2,282.1,25.8,58.8,1,-1,-1,-1
27,33,283.9,297.2,18.7,35.9,1,-1,-1,-1
27,34,307.5,285.9,19.1,36.0,1,-1,-1,-1
27,35,299.3,284.5,22.8,38.2,1,-1,-1,-1
27,36,659.8,360.7,39.7,83.1,1,-1,-1,-1
28,1,480.0,653.2,64.5,96.1,1,-1,-1,-1
28,2,158.9,538.9,60.3,93.0,1,-1,-1,-1
28,3,137.6,376.9,56.4,58.3,1,-1,-1,-1
28,4,304.5,580.2,72.1,90.4,1,-1,-1,-1
28,5,716.4,366.4,34.3,91.5,1,-1,-1,-1
28,6,347.4,469.8,60.3,113.4,1,-1,-1,-1
28,7,490.7,475.3,42.2,122.1,1,-1,-1,-1
28,8,515.6,274.3,30.9,56.2,1,-1,-1,-1
28,9,528.6,656.3,95.7,99.6,1,-1,-1,-1
28,10,639.6,339.0,38.5,85.9,1,-1,-1,-1
28,12,108.9,386.8,37.0,78.6,1,-1,-1,-1
28,13,838.6,291.6,29.9,74.2,1,-1,-1,-1
28,14,811.2,384.4,44.1,72.9,1,-1,-1,-1
28,15,538.0,268.0,29.6,53.8,1,-1,-1,-1
28,16,256.1,283.3,31.4,81.0,1,-1,-1,-1
28,17,738.8,275.4,31.2,40.1,1,-1,-1,-1
28,18,288.4,481.4,56.0,114.1,1,-1,-1,-1
28,19,-0.1,461.0,74.6,71.4,1,-1,-1,-1
28,20,769.7,309.2,35.6,75.0,1,-1,-1,-1
28,21,589.1,318.4,31.1,76.2,1,-1,-1,-1
28,22,570.9,336.5,36.3,86.9,1,-1,-1,-1
28,23,369.5,243.4,21.9,44.1,1,-1,-1,-1
28,24,616.0,204.7,29.5,60.6,1,-1,-1,-1
28,25,266.6,204.0,24.1,61.3,1,-1,-1,-1
28,26,779.4,163.3,24.4,53.5,1,-1,-1,-1
28,27,20.1,289.9,25.7,56.0,1,-1,-1,-1
28,28,333.3,178.6,23.9,57.2,1,-1,-1,-1
28,29,430.6,192.5,24.2,37.6,1,-1,-1,-1
28,30,291.7,275.5,24.8,38.2,1,-1,-1,-1
28,31,317.0,283.4,19.9,40.7,1,-1,-1,-1
28,32,249.8,281.2,24.9,54.9,1,-1,-1,-1
28,33,284.1,297.4,19.0,35.8,1,-1,-1,-1
28,35,300.4,285.2,22.2,36.8,1,-1,-1,-1
28,36,664.7,361.7,38.8,83.7,1,-1,-1,-1
29,1,479.6,653.3,64.5,95.6,1,-1,-1,-1
29,2,157.1,537.5,61.1,94.2,1,-1,-1,-1
29,3,138.1,376.7,55.5,58.3,1,-1,-1,-1
29,4,303.7,579.2,72.0,91.2,1,-1,-1,-1
29,5,716.0,364.1,35.4,93.7,1,-1,-1,-1
29,6,346.5,468.7,60.2,114.4,1,-1,-1,-1
29,7,489.9,474.6,42.8,122.8,1,-1,-1,-1
29,8,515.1,274.4,30.8,56.0,1,-1,-1,-1
29,9,528.2,656.2,95.4,99.8,1,-1,-1,-1
29,10,639.2,338.9,37.7,85.5,1,-1,-1,-1
29,12,108.6,387.9,36.6,76.8,1,-1,-1,-1
29,13,834.9,292.6,29.2,75.1,1,-1,-1,-1
29,14,803.0,380.5,37.5,70.1,1,-1,-1,-1
29,15,537.6,268.0,29.2,53.7,1,-1,-1,-1
29,16,255.6,283.1,31.1,81.2,1,-1,-1,-1
29,17,739.0,275.4,30.8,40.1,1,-1,-1,-1
29,18,288.3,481.4,55.7,115.3,1,-1,-1,-1
29,19,-0.1,459.8,73.8,71.9,1,-1,-1,-1
29,20,767.6,309.7,34.1,73.5,1,-1,-1,-1
29,21,585.6,317.7,31.7,80.5,1,-1,-1,-1
29,22,569.9,341.3,36.5,86.1,1,-1,-1,-1
29,23,369.8,242.3,21.9,45.2,1,-1,-1,-1
29,24,615.2,204.1,29.5,60.5,1,-1,-1,-1
29,25,266.3,203.5,23.7,61.9,1,-1,-1,-1
29,26,779.5,164.1,24.2,52.3,1,-1,-1,-1
29,27,19.1,290.6,25.9,56.1,1,-1,-1,-1
29,28,333.1,178.1,23.9,58.2,1,-1,-1,-1
29,29,430.0,192.0,23.6,37.3,1,-1,-1,-1
29,30,290.9,276.5,25.7,42.4,1,-1,-1,-1
29,31,317.6,283.0,19.0,40.4,1,-1,-1,-1
29,32,250.2,282.3,24.5,54.4,1,-1,-1,-1
29,33,285.1,297.4,18.5,35.2,1,-1,-1,-1
29,35,301.5,286.0,21.9,36.1,1,-1,-1,-1
29,36,670.0,363.3,36.3,85.7,1,-1,-1,-1
30,1,479.1,652.8,64.4,96.4,1,-1,-1,-1
30,2,155.5,537.4,62.1,94.1,1,-1,-1,-1
30,3,138.4,376.1,55.0,58.7,1,-1,-1,-1
30,4,303.5,579.7,72.1,90.7,1,-1,-1,-1
30,5,716.4,361.2,35.5,92.8,1,-1,-1,-1
30,6,345.7,468.1,59.9,115.4,1,-1,-1,-1
30,7,486.6,474.0,44.7,123.2,1,-1,-1,-1
30,8,514.3,274.4,30.9,54.7,1,-1,-1,-1
30,9,526.8,655.7,96.4,100.2,1,-1,-1,-1
30,10,639.0,339.3,36.6,85.4,1,-1,-1,-1
30,12,108.0,387.9,36.9,76.0,1,-1,-1,-1
30,13,827.3,292.6,32.3,74.3,1,-1,-1,-1
30,14,789.3,376.0,43.1,71.2,1,-1,-1,-1
30,15,537.5,268.1,29.1,53.1,1,-1,-1,-1
30,16,255.0,282.9,30.7,80.3,1,-1,-1,-1
30,17,738.8,275.4,30.2,40.0,1,-1,-1,-1
30,18,287.1,480.6,55.5,114.5,1,-1,-1,-1
30,19,-0.2,458.6,72.5,72.6,1,-1,-1,-1
30,20,764.1,309.7,32.7,72.1,1,-1,-1,-1
30,21,581.0,316.6,34.2,83.0,1,-1,-1,-1
30,22,569.3,343.2,36.8,85.2,1,-1,-1,-1
30,23,370.5,241.3,21.7,45.7,1,-1,-1,-1
30,24,614.2,203.5,29.0,60.4,1,-1,-1,-1
30,25,266.1,203.0,23.4,62.4,1,-1,-1,-1
30,26,779.5,164.6,24.0,51.7,1,-1,-1,-1
30,27,18.5,291.5,25.6,55.5,1,-1,-1,-1
30,28,333.4,178.8,23.6,58.7,1,-1,-1,-1
30,29,429.7,193.1,23.4,36.0,1,-1,-1,-1
30,30,290.2,276.1,25.9,43.4,1,-1,-1,-1
30,31,317.8,282.5,18.5,40.4,1,-1,-1,-1
30,32,250.0,283.0,25.1,56.6,1,-1,-1,-1
30,33,284.3,296.8,18.6,34.8,1,-1,-1,-1
30,34,308.7,288.0,17.9,35.5,1,-1,-1,-1
30,36,673.8,363.2,34.9,88.8,1,-1,-1,-1
31,1,476.5,652.2,66.3,96.7,1,-1,-1,-1
31,2,154.3,537.3,63.2,93.9,1,-1,-1,-1
31,3,139.4,375.5,53.5,58.7,1,-1,-1,-1
31,4,302.9,579.4,71.8,90.6,1,-1,-1,-1
31,5,716.1,357.4,37.0,92.4,1,-1,-1,-1
31,6,345.1,467.9,59.6,115.9,1,-1,-1,-1
31,7,484.5,473.9,45.8,122.5,1,-1,-1,-1
31,8,513.7,274.1,31.1,54.4,1,-1,-1,-1
31,9,524.9,655.1,97.0,100.9,1,-1,-1,-1
31,10,639.1,339.2,36.3,85.8,1,-1,-1,-1
31,12,107.3,387.7,36.8,75.8,1,-1,-1,-1
31,13,821.1,291.9,36.0,74.1,1,-1,-1,-1
31,14,783.9,374.7,42.7,71.0,1,-1,-1,-1
31,15,537.2,267.7,29.3,53.0,1,-1,-1,-1
31,16,255.0,282.7,30.1,79.7,1,-1,-1,-1
31,17,738.3,275.6,29.9,39.2,1,-1,-1,-1
31,18,286.3,480.1,55.5,114.1,1,-1,-1,-1
31,19,0.6,460.3,71.1,71.5,1,-1,-1,-1
31,20,761.0,309.5,32.8,70.7,1,-1,-1,-1
31,21,577.7,317.3,35.6,82.4,1,-1,-1,-1
31,22,567.4,344.0,37.5,84.8,1,-1,-1,-1
31,23,371.5,242.1,21.6,44.1,1,-1,-1,-1
31,24,613.9,203.3,28.7,60.9,1,-1,-1,-1
31,25,266.2,203.0,23.1,62.4,1,-1,-1,-1
31,26,778.9,164.4,24.0,51.5,1,-1,-1,-1
31,27,18.0,292.6,25.6,55.5,1,-1,-1,-1
31,28,332.7,176.1,24.0,60.5,1,-1,-1,-1
31,29,430.0,194.3,22.9,34.9,1,-1,-1,-1
31,30,289.3,275.1,25.9,42.0,1,-1,-1,-1
31,31,317.8,282.4,18.3,40.1,1,-1,-1,-1
31,32,250.0,283.0,25.4,58.5,1,-1,-1,-1
31,33,283.4,297.6,18.7,33.7,1,-1,-1,-1
31,34,309.9,287.4,17.4,35.9,1,-1,-1,-1
31,36,676.5,362.5,35.9,88.7,1,-1,-1,-1
32,1,474.6,651.3,67.5,97.3,1,-1,-1,-1
32,2,153.1,537.0,64.0,93.4,1,-1,-1,-1
32,3,139.7,375.2,52.9,58.5,1,-1,-1,-1
32,4,301.7,577.4,72.3,92.1,1,-1,-1,-1
32,5,715.8,354.6,38.1,90.3,1,-1,-1,-1
32,6,344.5,467.5,59.4,115.0,1,-1,-1,-1
32,7,486.6,474.0,43.5,121.2,1,-1,-1,-1
32,8,513.3,273.9,30.5,54.6,1,-1,-1,-1
32,9,523.0,654.0,98.4,101.9,1,-1,-1,-1
32,10,639.7,339.8,35.9,86.5,1,-1,-1,-1
32,12,106.6,387.5,36.9,75.4,1,-1,-1,-1
32,13,816.4,291.4,37.1,74.6,1,-1,-1,-1
32,14,779.7,373.4,39.4,69.5,1,-1,-1,-1
32,15,535.6,266.5,31.1,53.9,1,-1,-1,-1
32,16,254.1,283.3,29.3,79.0,1,-1,-1,-1
32,17,737.3,275.1,30.2,39.3,1,-1,-1,-1
32,18,285.3,479.9,55.9,113.9,1,-1,-1,-1
32,19,0.9,460.0,70.6,71.3,1,-1,-1,-1
32,20,757.4,309.3,31.8,70.7,1,-1,-1,-1
32,21,575.2,319.2,35.9,79.0,1,-1,-1,-1
32,22,566.5,343.9,37.6,85.7,1,-1,-1,-1
32,23,372.1,241.8,21.6,43.5,1,-1,-1,-1
32,24,614.0,202.8,28.2,60.1,1,-1,-1,-1
32,25,266.4,202.8,22.8,62.3,1,-1,-1,-1
32,26,778.5,164.0,24.4,52.4,1,-1,-1,-1
32,27,16.8,292.4,26.1,56.3,1,-1,-1,-1
32,28,332.7,174.0,24.4,61.0,1,-1,-1,-1
32,29,429.4,193.3,23.0,35.8,1,-1,-1,-1
32,30,289.0,274.7,25.9,40.7,1,-1,-1,-1
32,31,317.7,282.1,18.2,40.1,1,-1,-1,-1
32,32,248.9,281.7,25.5,55.9,1,-1,-1,-1
32,33,282.7,297.8,19.0,33.0,1,-1,-1,-1
32,34,311.3,286.5,16.5,36.4,1,-1,-1,-1
32,35,300.2,287.2,21.6,34.5,1,-1,-1,-1
32,36,678.8,361.8,38.7,90.4,1,-1,-1,-1
33,1,473.5,650.2,68.1,98.1,1,-1,-1,-1
33,2,152.4,536.4,65.0,92.9,1,-1,-1,-1
33,3,137.6,374.7,54.4,59.2,1,-1,-1,-1
33,4,301.1,576.7,72.5,91.8,1,-1,-1,-1
33,5,715.2,353.0,37.8,86.6,1,-1,-1,-1
33,6,343.4,467.0,59.7,114.6,1,-1,-1,-1
33,7,487.7,473.4,41.8,120.4,1,-1,-1,-1
33,8,513.3,274.1,29.7,54.6,1,-1,-1,-1
33,9,521.7,652.9,99.3,103.0,1,-1,-1,-1
33,10,640.1,340.2,36.0,88.2,1,-1,-1,-1
33,12,106.3,387.6,37.1,75.1,1,-1,-1,-1
33,13,814.6,292.1,36.7,73.7,1,-1,-1,-1
33,14,774.3,372.2,40.3,67.7,1,-1,-1,-1
33,15,534.7,266.5,30.9,54.9,1,-1,-1,-1
33,16,253.2,283.5,29.8,78.9,1,-1,-1,-1
33,17,737.3,274.8,30.7,39.5,1,-1,-1,-1
33,18,284.6,479.2,56.7,114.6,1,-1,-1,-1
33,19,0.8,459.4,69.7,71.4,1,-1,-1,-1
33,20,753.1,309.2,32.3,74.5,1,-1,-1,-1
33,21,572.6,320.7,37.2,76.3,1,-1,-1,-1
33,22,565.0,344.1,38.4,88.2,1,-1,-1,-1
33,23,372.2,241.0,22.0,43.6,1,-1,-1,-1
33,24,614.2,202.3,27.6,59.1,1,-1,-1,-1
33,25,266.2,202.4,22.8,62.5,1,-1,-1,-1
33,26,778.2,164.0,24.8,54.0,1,-1,-1,-1
33,27,16.2,292.8,26.3,55.9,1,-1,-1,-1
33,28,333.2,173.9,24.3,60.7,1,-1,-1,-1
33,29,430.3,194.8,22.6,35.4,1,-1,-1,-1
33,30,288.7,275.3,25.9,41.1,1,-1,-1,-1
33,31,317.6,282.1,18.3,40.2,1,-1,-1,-1
33,32,246.9,280.8,24.9,54.6,1,-1,-1,-1
33,33,283.2,297.1,18.6,32.4,1,-1,-1,-1
33,34,311.9,286.0,15.8,37.1,1,-1,-1,-1
33,35,301.1,288.2,20.1,33.8,1,-1,-1,-1
33,36,679.6,362.6,38.7,85.2,1,-1,-1,-1
34,1,472.9,649.7,67.8,98.1,1,-1,-1,-1
34,2,153.4,536.0,63.4,92.4,1,-1,-1,-1
34,3,136.6,374.4,55.5,59.4,1,-1,-1,-1
34,4,300.3,575.8,72.2,92.6,1,-1,-1,-1
34,5,714.4,353.7,38.2,85.9,1,-1,-1,-1
34,6,342.8,466.7,59.4,113.5,1,-1,-1,-1
34,7,483.2,472.7,45.3,121.0,1,-1,-1,-1
34,8,513.8,274.2,29.1,53.8,1,-1,-1,-1
34,9,521.1,652.4,99.8,103.7,1,-1,-1,-1
34,10,641.0,340.2,35.8,88.8,1,-1,-1,-1
34,12,105.8,387.3,37.4,75.0,1,-1,-1,-1
34,13,813.5,290.4,34.5,73.7,1,-1,-1,-1
34,14,772.1,367.0,37.8,70.7,1,-1,-1,-1
34,15,534.5,266.2,30.9,55.2,1,-1,-1,-1
34,16,252.6,283.4,30.8,78.3,1,-1,-1,-1
34,17,736.6,274.6,31.3,39.2,1,-1,-1,-1
34,18,283.9,478.5,57.6,116.5,1,-1,-1,-1
34,19,0.8,458.7,69.1,71.6,1,-1,-1,-1
34,20,750.2,309.8,32.9,74.6,1,-1,-1,-1
34,21,567.9,322.6,37.3,78.5,1,-1,-1,-1
34,22,564.2,344.9,38.4,90.8,1,-1,-1,-1
34,23,372.8,240.3,21.8,43.8,1,-1,-1,-1
34,24,614.6,202.6,27.4,58.0,1,-1,-1,-1
34,25,266.1,202.1,22.7,62.6,1,-1,-1,-1
34,26,778.2,162.9,25.0,55.1,1,-1,-1,-1
34,27,15.2,292.8,26.4,55.8,1,-1,-1,-1
34,28,333.4,174.6,24.1,59.4,1,-1,-1,-1
34,29,430.3,193.9,22.8,36.1,1,-1,-1,-1
34,30,288.8,275.6,25.9,42.5,1,-1,-1,-1
34,31,317.6,281.6,18.4,40.1,1,-1,-1,-1
34,32,246.4,280.9,24.9,54.9,1,-1,-1,-1
34,33,283.1,296.2,18.7,32.6,1,-1,-1,-1
34,34,311.8,285.7,15.6,37.6,1,-1,-1,-1
34,35,300.4,287.9,20.3,34.2,1,-1,-1,-1
34,36,679.9,363.1,39.4,84.7,1,-1,-1,-1
35,1,472.9,649.4,66.9,98.5,1,-1,-1,-1
35,2,153.0,537.1,62.8,90.2,1,-1,-1,-1
35,3,135.9,374.2,56.0,59.2,1,-1,-1,-1
35,4,299.4,576.2,72.3,92.5,1,-1,-1,-1
35,5,714.1,352.4,38.9,85.8,1,-1,-1,-1
35,6,342.3,466.0,59.5,113.5,1,-1,-1,-1
35,7,483.6,472.1,44.8,120.9,1,-1,-1,-1
35,8,513.6,274.1,28.9,53.7,1,-1,-1,-1
35,9,521.0,651.6,99.0,104.4,1,-1,-1,-1
35,10,642.1,339.9,35.9,89.1,1,-1,-1,-1
35,12,105.2,387.1,37.5,75.1,1,-1,-1,-1
35,13,812.9,288.5,30.2,73.6,1,-1,-1,-1
35,14,771.2,358.7,36.6,77.8,1,-1,-1,-1
35,15,534.4,265.5,30.9,55.6,1,-1,-1,-1
35,16,250.9,281.8,32.4,79.6,1,-1,-1,-1
35,17,735.7,273.9,31.2,38.9,1,-1,-1,-1
35,18,283.7,477.5,57.7,117.4,1,-1,-1,-1
35,19,0.8,458.6,68.3,71.5,1,-1,-1,-1
35,20,746.6,309.6,32.7,72.5,1,-1,-1,-1
35,21,562.8,320.3,37.3,71.6,1,-1,-1,-1
35,22,563.4,347.0,36.6,90.5,1,-1,-1,-1
35,23,373.3,239.5,21.5,44.4,1,-1,-1,-1
35,24,614.4,202.9,27.5,57.3,1,-1,-1,-1
35,25,266.1,201.6,22.1,62.7,1,-1,-1,-1
35,26,778.3,159.8,24.0,54.7,1,-1,-1,-1
35,27,14.7,293.4,25.9,55.0,1,-1,-1,-1
35,28,332.5,173.9,24.4,59.6,1,-1,-1,-1
35,29,430.3,193.0,22.7,36.9,1,-1,-1,-1
35,30,288.6,275.4,25.7,43.3,1,-1,-1,-1
35,31,317.2,281.5,18.5,40.0,1,-1,-1,-1
35,32,245.5,281.4,24.8,54.6,1,-1,-1,-1
35,33,282.7,295.7,19.0,32.4,1,-1,-1,-1
35,34,311.1,285.5,15.7,37.7,1,-1,-1,-1
35,35,299.3,283.8,21.9,37.5,1,-1,-1,-1
35,36,680.8,361.0,42.3,90.2,1,-1,-1,-1
36,1,472.1,648.9,66.8,98.7,1,-1,-1,-1
36,2,152.6,536.0,62.6,90.5,1,-1,-1,-1
36,3,136.0,373.9,56.0,59.0,1,-1,-1,-1
36,4,298.6,576.7,72.3,91.7,1,-1,-1,-1
36,5,713.5,346.7,40.4,87.6,1,-1,-1,-1
36,6,342.0,465.3,59.4,113.8,1,-1,-1,-1
36,7,485.1,471.7,43.5,119.9,1,-1,-1,-1
36,8,513.0,274.0,29.1,53.0,1,-1,-1,-1
36,9,518.2,651.7,101.8,104.4,1,-1,-1,-1
36,10,642.8,339.8,35.5,88.5,1,-1,-1,-1
36,12,104.2,386.7,37.8,75.3,1,-1,-1,-1
36,13,809.9,287.2,29.0,73.2,1,-1,-1,-1
36,14,773.3,339.6,35.3,92.0,1,-1,-1,-1
36,15,534.2,265.5,30.5,55.5,1,-1,-1,-1
36,16,250.4,281.9,32.7,79.9,1,-1,-1,-1
36,17,735.5,273.8,30.2,38.7,1,-1,-1,-1
36,18,282.6,477.2,57.4,115.6,1,-1,-1,-1
36,19,0.8,458.5,68.1,71.1,1,-1,-1,-1
36,20,743.0,311.1,32.1,69.9,1,-1,-1,-1
36,21,562.3,321.9,37.2,78.1,1,-1,-1,-1
36,22,563.5,350.8,35.3,87.0,1,-1,-1,-1
36,23,374.2,239.0,21.1,44.7,1,-1,-1,-1
36,24,614.1,203.3,28.1,58.1,1,-1,-1,-1
36,25,265.7,201.5,22.2,62.6,1,-1,-1,-1
36,26,778.3,159.4,23.5,53.6,1,-1,-1,-1
36,27,14.0,293.5,25.8,54.9,1,-1,-1,-1
36,28,333.1,173.4,25.1,60.0,1,-1,-1,-1
36,29,430.0,190.4,22.3,38.0,1,-1,-1,-1
36,30,288.2,273.5,25.6,40.8,1,-1,-1,-1
36,31,317.1,281.4,18.5,39.7,1,-1,-1,-1
36,33,282.2,295.8,19.2,33.1,1,-1,-1,-1
36,34,310.0,285.2,15.5,38.0,1,-1,-1,-1
36,35,302.0,284.6,21.0,37.3,1,-1,-1,-1
36,36,681.4,361.1,44.0,92.1,1,-1,-1,-1
37,1,471.4,647.9,66.2,99.0,1,-1,-1,-1
37,2,151.9,535.3,61.9,90.6,1,-1,-1,-1
37,3,135.4,373.8,56.3,58.7,1,-1,-1,-1
37,4,296.6,576.9,73.7,91.5,1,-1,-1,-1
37,5,713.0,343.3,40.1,87.8,1,-1,-1,-1
37,6,342.8,465.1,57.9,115.1,1,-1,-1,-1
37,7,485.1,471.7,43.1,120.7,1,-1,-1,-1
37,8,512.7,273.7,28.2,52.8,1,-1,-1,-1
37,9,517.0,651.4,103.0,104.7,1,-1,-1,-1
37,10,643.7,339.9,35.0,88.1,1,-1,-1,-1
37,12,103.6,386.5,37.0,75.3,1,-1,-1,-1
37,13,807.6,287.2,28.2,74.7,1,-1,-1,-1
37,14,771.8,332.5,34.9,95.2,1,-1,-1,-1
37,15,534.1,265.2,30.1,55.4,1,-1,-1,-1
37,16,250.7,281.5,32.3,80.1,1,-1,-1,-1
37,17,734.2,273.2,30.5,39.3,1,-1,-1,-1
37,18,282.7,478.1,56.7,116.0,1,-1,-1,-1
37,19,0.8,458.6,68.0,70.6,1,-1,-1,-1
37,20,737.7,312.4,33.4,68.6,1,-1,-1,-1
37,21,565.1,322.0,37.7,81.9,1,-1,-1,-1
37,22,563.2,352.5,34.7,84.5,1,-1,-1,-1
37,23,374.5,238.9,20.9,44.8,1,-1,-1,-1
37,24,613.3,202.5,28.6,58.8,1,-1,-1,-1
37,25,265.4,201.4,22.5,62.5,1,-1,-1,-1
37,26,778.4,160.4,23.0,52.1,1,-1,-1,-1
37,27,13.4,293.3,26.1,54.9,1,-1,-1,-1
37,28,333.4,173.0,25.4,60.7,1,-1,-1,-1
37,29,427.6,189.0,23.4,37.8,1,-1,-1,-1
37,30,287.9,273.0,25.4,39.3,1,-1,-1,-1
37,31,316.4,281.3,18.8,39.6,1,-1,-1,-1
37,32,243.8,279.7,24.8,54.0,1,-1,-1,-1
37,33,282.1,296.0,18.9,33.4,1,-1,-1,-1
37,35,302.7,285.1,20.4,37.1,1,-1,-1,-1
37,36,681.9,360.9,43.7,93.6,1,-1,-1,-1
38,1,469.5,647.5,67.2,99.0,1,-1,-1,-1
38,2,151.6,534.9,61.5,90.6,1,-1,-1,-1
38,3,134.4,373.7,57.3,58.5,1,-1,-1,-1
38,4,294.1,576.1,75.8,91.2,1,-1,-1,-1
38,5,713.0,341.1,39.9,85.0,1,-1,-1,-1
38,6,342.4,464.5,56.2,115.8,1,-1,-1,-1
38,7,482.8,471.4,44.9,120.4,1,-1,-1,-1
38,8,512.7,273.5,27.8,52.5,1,-1,-1,-1
38,9,516.6,650.9,102.9,105.1,1,-1,-1,-1
38,10,644.8,340.4,34.1,88.5,1,-1,-1,-1
38,12,100.6,386.6,35.7,75.4,1,-1,-1,-1
38,13,804.0,288.8,28.5,75.3,1,-1,-1,-1
38,14,768.3,321.6,37.2,99.3,1,-1,-1,-1
38,15,533.9,265.0,29.8,55.4,1,-1,-1,-1
38,16,250.4,280.7,32.2,80.9,1,-1,-1,-1
38,17,734.4,272.7,29.7,39.8,1,-1,-1,-1
38,18,282.3,477.9,56.5,116.3,1,-1,-1,-1
38,19,0.8,458.2,67.9,70.6,1,-1,-1,-1
38,20,734.5,312.3,32.5,64.4,1,-1,-1,-1
38,21,563.3,321.9,35.0,82.1,1,-1,-1,-1
38,22,563.1,350.7,34.9,86.1,1,-1,-1,-1
38,23,374.6,238.7,20.5,44.6,1,-1,-1,-1
38,24,613.0,202.3,28.7,59.2,1,-1,-1,-1
38,25,265.6,201.0,22.2,62.7,1,-1,-1,-1
38,26,778.4,160.4,22.6,51.5,1,-1,-1,-1
38,27,13.3,294.0,26.5,55.0,1,-1,-1,-1
38,28,333.3,172.9,25.4,60.5,1,-1,-1,-1
38,29,427.4,189.4,23.8,37.4,1,-1,-1,-1
38,30,287.6,272.8,25.1,37.9,1,-1,-1,-1
38,31,316.1,281.5,18.9,39.8,1,-1,-1,-1
38,32,242.5,279.3,25.6,51.5,1,-1,-1,-1
38,33,282.1,295.0,18.5,35.2,1,-1,-1,-1
38,35,302.9,285.2,20.1,36.9,1,-1,-1,-1
38,36,682.0,361.4,43.0,94.7,1,-1,-1,-1
39,1,466.8,646.6,68.2,96.8,1,-1,-1,-1
39,2,151.6,535.8,60.9,89.8,1,-1,-1,-1
39,3,134.2,373.7,57.7,58.3,1,-1,-1,-1
39,4,295.0,574.3,74.8,91.7,1,-1,-1,-1
39,5,712.6,341.6,40.4,82.6,1,-1,-1,-1
39,6,342.2,463.8,55.2,115.9,1,-1,-1,-1
39,7,483.0,471.3,44.0,119.3,1,-1,-1,-1
39,8,511.7,273.7,28.8,51.6,1,-1,-1,-1
39,9,516.5,650.5,101.6,105.5,1,-1,-1,-1
39,10,646.2,340.5,32.8,89.0,1,-1,-1,-1
39,12,98.6,386.3,35.6,75.6,1,-1,-1,-1
39,13,799.8,287.7,29.3,74.3,1,-1,-1,-1
39,14,764.7,324.2,37.5,92.9,1,-1,-1,-1
39,15,533.8,265.0,30.4,55.3,1,-1,-1,-1
39,16,250.1,279.9,32.1,81.4,1,-1,-1,-1
39,17,734.1,272.2,29.9,40.1,1,-1,-1,-1
39,18,279.3,476.0,57.5,117.8,1,-1,-1,-1
39,19,0.7,458.0,67.7,70.6,1,-1,-1,-1
39,20,730.5,310.7,30.0,64.0,1,-1,-1,-1
39,21,562.4,322.6,34.0,83.8,1,-1,-1,-1
39,22,564.2,350.4,34.9,89.6,1,-1,-1,-1
39,23,374.5,238.4,20.2,44.4,1,-1,-1,-1
39,24,613.2,202.7,28.6,58.8,1,-1,-1,-1
39,25,265.4,200.7,22.0,62.8,1,-1,-1,-1
39,26,777.9,161.0,23.4,51.9,1,-1,-1,-1
39,27,13.7,295.2,27.0,55.4,1,-1,-1,-1
39,28,334.0,172.9,25.7,60.4,1,-1,-1,-1
39,29,427.0,189.7,24.1,37.0,1,-1,-1,-1
39,30,287.5,273.9,25.3,40.0,1,-1,-1,-1
39,31,315.8,281.2,19.2,40.4,1,-1,-1,-1
39,32,242.0,279.3,26.1,50.4,1,-1,-1,-1
39,33,281.8,293.6,18.4,36.7,1,-1,-1,-1
39,35,301.1,284.2,21.0,37.0,1,-1,-1,-1
39,36,681.7,363.2,42.3,93.2,1,-1,-1,-1
40,1,464.1,646.9,70.0,95.4,1,-1,-1,-1
40,2,150.8,535.5,60.6,89.9,1,-1,-1,-1
40,3,135.2,373.6,56.0,58.2,1,-1,-1,-1
40,4,294.5,573.6,74.4,92.0,1,-1,-1,-1
40,5,711.7,342.1,39.7,82.1,1,-1,-1,-1
40,6,341.7,464.0,55.8,116.0,1,-1,-1,-1
40,7,480.5,471.0,46.0,118.2,1,-1,-1,-1
40,8,511.7,272.7,28.1,51.9,1,-1,-1,-1
40,9,515.8,650.3,98.8,105.7,1,-1,-1,-1
40,10,647.1,341.2,32.4,92.2,1,-1,-1,-1
40,12,98.2,385.7,35.4,75.9,1,-1,-1,-1
40,13,795.8,287.1,30.5,73.3,1,-1,-1,-1
40,14,760.5,324.4,39.0,89.9,1,-1,-1,-1
40,15,533.0,264.3,29.9,55.8,1,-1,-1,-1
40,16,249.9,279.6,31.8,81.6,1,-1,-1,-1
40,17,733.7,272.4,30.9,41.2,1,-1,-1,-1
40,18,279.1,476.2,57.3,114.9,1,-1,-1,-1
40,19,0.7,457.2,67.7,71.1,1,-1,-1,-1
40,20,726.2,311.5,29.8,67.9,1,-1,-1,-1
40,21,563.5,324.1,32.4,84.3,1,-1,-1,-1
40,22,564.2,351.7,35.3,93.5,1,-1,-1,-1
40,23,374.1,237.7,19.9,44.0,1,-1,-1,-1
40,24,612.0,202.8,27.8,57.2,1,-1,-1,-1
40,25,264.8,200.9,22.3,62.5,1,-1,-1,-1
40,26,777.4,160.4,23.9,52.6,1,-1,-1,-1
40,27,14.2,296.2,27.6,54.9,1,-1,-1,-1
40,28,333.8,173.9,25.5,59.8,1,-1,-1,-1
40,29,427.4,188.6,24.0,37.0,1,-1,-1,-1
40,30,287.2,273.4,24.5,39.5,1,-1,-1,-1
40,31,314.6,281.1,20.2,40.9,1,-1,-1,-1
40,32,241.8,279.1,26.4,49.8,1,-1,-1,-1
40,33,280.3,291.9,19.3,37.7,1,-1,-1,-1
40,35,301.6,284.0,21.0,37.1,1,-1,-1,-1
40,36,680.8,363.8,42.6,94.8,1,-1,-1,-1
41,1,463.2,647.6,69.0,93.9,1,-1,-1,-1
41,2,149.2,534.4,60.9,90.6,1,-1,-1,-1
41,3,133.5,372.4,56.5,58.8,1,-1,-1,-1
41,4,293.4,573.4,73.9,91.5,1,-1,-1,-1
41,5,711.8,345.3,37.9,81.4,1,-1,-1,-1
41,6,339.4,463.9,57.6,115.0,1,-1,-1,-1
41,7,477.7,471.1,47.7,118.9,1,-1,-1,-1
41,8,510.5,271.4,28.2,52.9,1,-1,-1,-1
41,9,515.2,650.1,97.4,105.9,1,-1,-1,-1
41,10,647.4,341.5,32.8,94.5,1,-1,-1,-1
41,12,99.1,385.5,35.6,76.0,1,-1,-1,-1
41,13,792.4,287.6,31.4,73.3,1,-1,-1,-1
41,14,757.1,325.1,40.4,87.8,1,-1,-1,-1
41,15,532.7,264.4,29.6,55.8,1,-1,-1,-1
41,16,249.4,279.1,31.6,82.1,1,-1,-1,-1
41,17,733.2,271.9,33.1,41.4,1,-1,-1,-1
41,18,279.1,476.9,56.9,114.1,1,-1,-1,-1
41,19,0.6,457.0,67.2,71.1,1,-1,-1,-1
41,20,720.6,309.7,29.3,64.4,1,-1,-1,-1
41,21,563.4,324.7,31.8,83.7,1,-1,-1,-1
41,22,563.7,354.3,35.8,91.6,1,-1,-1,-1
41,23,373.9,237.6,19.9,43.5,1,-1,-1,-1
41,24,610.6,203.0,27.9,57.5,1,-1,-1,-1
41,25,264.5,201.0,22.4,62.3,1,-1,-1,-1
41,26,777.1,158.2,24.0,53.4,1,-1,-1,-1
41,27,13.9,296.2,26.9,55.1,1,-1,-1,-1
41,28,333.3,174.1,25.1,58.5,1,-1,-1,-1
41,29,427.4,188.8,23.8,36.7,1,-1,-1,-1
41,30,286.5,272.7,23.1,38.5,1,-1,-1,-1
41,31,313.9,281.0,20.5,40.8,1,-1,-1,-1
41,32,241.2,278.8,26.4,49.6,1,-1,-1,-1
41,33,279.2,290.9,20.0,38.3,1,-1,-1,-1
41,35,301.1,284.3,21.4,36.5,1,-1,-1,-1
41,36,679.4,365.0,41.6,92.4,1,-1,-1,-1
41,37,984.3,687.9,63.2,68.1,1,-1,-1,-1
42,1,463.0,646.5,68.0,94.6,1,-1,-1,-1
42,2,147.7,533.8,60.2,90.7,1,-1,-1,-1
42,3,132.8,372.0,56.5,59.1,1,-1,-1,-1
42,4,292.0,573.4,73.0,90.8,1,-1,-1,-1
42,5,712.2,345.2,36.4,81.3,1,-1,-1,-1
42,6,336.9,464.0,58.5,114.6,1,-1,-1,-1
42,7,474.2,471.2,48.5,118.4,1,-1,-1,-1
42,8,509.6,271.4,28.4,53.5,1,-1,-1,-1
42,9,514.3,650.0,96.6,106.0,1,-1,-1,-1
42,10,647.2,342.2,32.9,93.3,1,-1,-1,-1
42,12,98.3,385.3,36.5,76.1,1,-1,-1,-1
42,13,788.4,288.4,31.3,72.1,1,-1,-1,-1
42,14,754.7,326.0,41.3,88.2,1,-1,-1,-1
42,15,532.0,264.5,30.1,55.6,1,-1,-1,-1
42,16,249.8,279.6,31.3,81.5,1,-1,-1,-1
42,17,731.9,271.4,32.9,40.8,1,-1,-1,-1
42,18,277.4,476.5,56.8,113.3,1,-1,-1,-1
42,19,0.5,457.4,66.1,70.6,1,-1,-1,-1
42,20,714.9,310.9,29.8,65.7,1,-1,-1,-1
42,21,562.8,325.6,31.5,83.3,1,-1,-1,-1
42,22,565.4,354.5,35.5,91.8,1,-1,-1,-1
42,23,373.5,237.9,19.6,42.6,1,-1,-1,-1
42,24,611.3,202.8,27.1,57.3,1,-1,-1,-1
42,25,264.1,201.2,22.4,61.8,1,-1,-1,-1
42,26,777.0,159.8,23.6,52.8,1,-1,-1,-1
42,27,14.3,295.9,26.3,55.2,1,-1,-1,-1
42,28,333.1,173.9,24.9,57.7,1,-1,-1,-1
42,29,428.7,188.7,22.9,36.7,1,-1,-1,-1
42,30,286.3,273.0,22.8,38.7,1,-1,-1,-1
42,31,313.5,280.7,20.6,40.4,1,-1,-1,-1
42,32,240.4,279.6,25.9,51.7,1,-1,-1,-1
42,33,278.6,290.5,20.1,38.4,1,-1,-1,-1
42,35,300.2,284.1,21.6,36.4,1,-1,-1,-1
42,36,678.7,367.2,40.7,92.4,1,-1,-1,-1
42,37,974.9,684.0,63.2,72.0,1,-1,-1,-1
43,1,462.7,644.4,67.3,97.1,1,-1,-1,-1
43,2,146.9,533.5,59.6,91.0,1,-1,-1,-1
43,3,132.3,371.8,56.3,59.2,1,-1,-1,-1
43,4,290.6,573.7,73.3,90.9,1,-1,-1,-1
43,5,711.6,343.9,36.8,81.8,1,-1,-1,-1
43,6,335.3,463.7,59.0,114.5,1,-1,-1,-1
43,7,472.6,473.2,50.5,118.9,1,-1,-1,-1
43,8,509.1,272.0,28.4,53.0,1,-1,-1,-1
43,9,513.1,649.1,96.8,106.8,1,-1,-1,-1
43,10,647.0,343.5,33.9,91.8,1,-1,-1,-1
43,12,97.2,385.0,37.4,76.7,1,-1,-1,-1
43,13,784.9,288.0,30.9,71.3,1,-1,-1,-1
43,14,754.0,325.4,41.0,92.0,1,-1,-1,-1
43,15,530.5,264.2,31.1,55.4,1,-1,-1,-1
43,16,248.6,280.2,31.8,80.7,1,-1,-1,-1
43,17,731.4,271.3,32.5,40.0,1,-1,-1,-1
43,18,276.9,475.9,56.8,113.5,1,-1,-1,-1
43,19,0.5,457.5,64.3,70.1,1,-1,-1,-1
43,20,708.2,311.7,31.0,70.9,1,-1,-1,-1
43,21,562.3,327.8,31.8,83.1,1,-1,-1,-1
43,22,566.2,355.2,35.3,91.1,1,-1,-1,-1
43,23,373.0,238.0,19.5,41.9,1,-1,-1,-1
43,24,612.2,202.6,26.1,56.6,1,-1,-1,-1
43,25,263.6,200.8,22.2,62.1,1,-1,-1,-1
43,26,777.1,159.9,23.1,51.7,1,-1,-1,-1
43,27,15.3,296.3,26.7,56.7,1,-1,-1,-1
43,28,332.9,175.1,25.0,57.4,1,-1,-1,-1
43,29,428.8,188.6,22.5,36.6,1,-1,-1,-1
43,30,285.9,272.1,21.9,37.3,1,-1,-1,-1
43,31,311.7,279.5,20.6,40.9,1,-1,-1,-1
43,32,240.0,278.6,24.1,48.2,1,-1,-1,-1
43,33,278.0,290.6,20.3,38.3,1,-1,-1,-1
43,35,299.4,284.1,21.8,36.4,1,-1,-1,-1
43,36,677.9,366.8,40.3,92.9,1,-1,-1,-1
43,37,965.0,681.7,65.6,74.5,1,-1,-1,-1
44,1,461.0,642.6,66.9,98.1,1,-1,-1,-1
44,2,145.4,533.2,60.7,91.3,1,-1,-1,-1
44,3,131.2,371.6,56.5,58.9,1,-1,-1,-1
44,4,289.3,574.2,73.5,91.5,1,-1,-1,-1
44,5,711.5,344.2,36.6,81.5,1,-1,-1,-1
44,6,334.2,463.6,59.2,115.3,1,-1,-1,-1
44,7,472.4,469.8,48.6,119.4,1,-1,-1,-1
44,8,508.3,271.7,28.9,53.1,1,-1,-1,-1
44,9,511.4,649.4,96.9,106.7,1,-1,-1,-1
44,10,646.7,345.1,36.4,89.8,1,-1,-1,-1
44,12,94.9,385.1,37.5,76.8,1,-1,-1,-1
44,13,781.2,288.0,30.5,71.9,1,-1,-1,-1
44,14,751.5,336.0,40.2,88.9,1,-1,-1,-1
44,15,528.6,264.2,32.6,55.2,1,-1,-1,-1
44,16,247.8,280.4,31.5,80.0,1,-1,-1,-1
44,17,731.2,271.5,32.0,39.7,1,-1,-1,-1
44,18,273.5,476.1,57.9,116.3,1,-1,-1,-1
44,19,0.7,457.3,63.0,69.8,1,-1,-1,-1
44,20,703.3,310.6,29.9,67.3,1,-1,-1,-1
44,21,561.5,328.6,31.7,81.3,1,-1,-1,-1
44,22,566.4,355.4,34.4,90.8,1,-1,-1,-1
44,23,372.1,237.8,19.6,41.6,1,-1,-1,-1
44,24,613.1,202.2,25.0,57.2,1,-1,-1,-1
44,25,263.6,200.4,21.8,62.8,1,-1,-1,-1
44,26,777.4,161.4,23.2,51.2,1,-1,-1,-1
44,27,15.8,295.2,26.0,56.5,1,-1,-1,-1
44,28,340.3,177.5,25.2,57.9,1,-1,-1,-1
44,29,425.5,187.5,23.2,36.2,1,-1,-1,-1
44,30,286.2,271.8,20.7,37.0,1,-1,-1,-1
44,31,311.0,278.5,20.2,41.4,1,-1,-1,-1
44,32,240.0,278.9,22.5,44.5,1,-1,-1,-1
44,33,278.2,290.2,19.9,38.2,1,-1,-1,-1
44,35,298.4,284.2,21.1,36.1,1,-1,-1,-1
44,36,675.3,365.8,41.4,93.3,1,-1,-1,-1
44,37,952.8,678.8,62.4,77.3,1,-1,-1,-1
45,1,459.6,642.6,67.6,97.5,1,-1,-1,-1
45,2,143.8,532.7,60.0,91.2,1,-1,-1,-1
45,3,129.7,371.9,57.0,58.5,1,-1,-1,-1
45,4,287.9,573.9,72.8,91.5,1,-1,-1,-1
45,5,711.5,343.6,36.7,81.9,1,-1,-1,-1
45,6,333.1,463.4,59.2,116.2,1,-1,-1,-1
45,7,471.2,468.7,46.9,118.0,1,-1,-1,-1
45,8,507.8,271.7,29.0,52.6,1,-1,-1,-1
45,9,509.8,648.8,97.2,107.2,1,-1,-1,-1
45,10,645.5,344.4,39.0,90.4,1,-1,-1,-1
45,12,92.6,384.8,34.9,77.2,1,-1,-1,-1
45,13,777.2,286.8,30.3,72.8,1,-1,-1,-1
45,14,749.1,347.2,37.7,84.2,1,-1,-1,-1
45,15,527.0,264.4,33.7,54.8,1,-1,-1,-1
45,16,246.9,280.5,31.2,79.3,1,-1,-1,-1
45,17,731.0,271.6,31.9,39.2,1,-1,-1,-1
45,18,271.5,475.5,60.2,117.9,1,-1,-1,-1
45,19,0.9,456.9,62.3,69.9,1,-1,-1,-1
45,20,697.5,312.0,30.1,69.7,1,-1,-1,-1
45,21,560.2,329.8,31.4,84.4,1,-1,-1,-1
45,22,567.6,356.5,33.5,90.9,1,-1,-1,-1
45,23,370.7,237.1,20.1,41.5,1,-1,-1,-1
45,24,612.5,202.1,25.1,57.0,1,-1,-1,-1
45,25,263.4,199.7,21.4,63.0,1,-1,-1,-1
45,26,777.0,160.8,22.5,50.6,1,-1,-1,-1
45,27,15.4,295.3,25.5,56.8,1,-1,-1,-1
45,28,344.9,179.3,24.5,58.1,1,-1,-1,-1
45,29,424.8,189.0,23.3,36.1,1,-1,-1,-1
45,30,286.0,272.3,20.2,37.2,1,-1,-1,-1
45,31,310.8,278.3,19.8,42.1,1,-1,-1,-1
45,32,240.1,280.6,23.7,49.7,1,-1,-1,-1
45,33,279.2,291.4,17.4,36.9,1,-1,-1,-1
45,35,297.7,284.6,20.7,35.9,1,-1,-1,-1
45,36,672.5,366.7,41.9,92.8,1,-1,-1,-1
45,37,942.5,674.0,59.8,81.4,1,-1,-1,-1
46,1,458.2,642.9,67.7,97.1,1,-1,-1,-1
46,2,142.5,532.9,60.4,90.9,1,-1,-1,-1
46,3,128.3,372.3,56.3,58.0,1,-1,-1,-1
46,4,286.2,573.7,72.8,89.9,1,-1,-1,-1
46,5,710.8,343.1,36.0,81.9,1,-1,-1,-1
46,6,331.7,462.9,59.0,116.0,1,-1,-1,-1
46,7,468.8,468.5,49.0,118.0,1,-1,-1,-1
46,8,507.0,271.2,29.0,52.3,1,-1,-1,-1
46,9,507.0,648.6,97.0,107.4,1,-1,-1,-1
46,10,643.8,344.1,41.0,90.7,1,-1,-1,-1
46,12,91.0,384.9,34.6,77.2,1,-1,-1,-1
46,13,773.6,286.2,30.1,72.8,1,-1,-1,-1
46,14,747.0,352.7,37.3,77.9,1,-1,-1,-1
46,15,526.1,263.8,34.0,54.8,1,-1,-1,-1
46,16,241.7,280.7,29.5,78.6,1,-1,-1,-1
46,17,730.4,271.5,32.1,39.4,1,-1,-1,-1
46,18,271.5,474.9,59.2,118.6,1,-1,-1,-1
46,19,0.9,456.9,60.5,70.1,1,-1,-1,-1
46,20,692.8,311.2,29.5,73.0,1,-1,-1,-1
46,21,558.9,330.5,32.0,86.7,1,-1,-1,-1
46,22,567.6,358.8,33.2,92.5,1,-1,-1,-1
46,23,369.1,237.0,20.7,41.1,1,-1,-1,-1
46,24,609.8,202.5,26.2,56.5,1,-1,-1,-1
46,25,262.8,199.4,21.6,62.5,1,-1,-1,-1
46,26,777.1,160.5,22.0,50.4,1,-1,-1,-1
46,27,15.6,295.9,25.4,58.3,1,-1,-1,-1
46,28,347.1,182.0,22.9,54.3,1,-1,-1,-1
46,29,423.6,189.3,24.0,36.9,1,-1,-1,-1
46,30,285.9,272.3,20.0,37.1,1,-1,-1,-1
46,31,310.6,278.3,19.4,42.6,1,-1,-1,-1
46,32,239.1,280.1,23.3,52.6,1,-1,-1,-1
46,33,277.8,291.5,16.7,35.8,1,-1,-1,-1
46,35,297.5,284.8,20.6,35.8,1,-1,-1,-1
46,36,671.3,365.8,41.4,95.2,1,-1,-1,-1
46,37,933.2,670.3,56.6,85.5,1,-1,-1,-1
47,1,455.9,643.0,66.4,96.0,1,-1,-1,-1
47,2,140.5,533.2,61.0,90.8,1,-1,-1,-1
47,3,126.2,372.6,54.9,57.8,1,-1,-1,-1
47,4,284.5,571.7,72.1,89.6,1,-1,-1,-1
47,5,709.5,343.1,36.4,83.1,1,-1,-1,-1
47,6,330.9,462.7,58.5,115.7,1,-1,-1,-1
47,7,467.7,467.9,50.3,118.4,1,-1,-1,-1
47,8,506.6,271.0,28.5,52.4,1,-1,-1,-1
47,9,503.2,647.7,99.4,108.2,1,-1,-1,-1
47,10,641.0,343.9,42.1,90.6,1,-1,-1,-1
47,12,90.7,385.3,34.1,76.4,1,-1,-1,-1
47,13,769.7,287.6,30.6,72.9,1,-1,-1,-1
47,14,745.3,353.5,37.4,75.7,1,-1,-1,-1
47,15,526.3,263.5,33.0,55.1,1,-1,-1,-1
47,16,240.3,281.8,29.4,78.0,1,-1,-1,-1
47,17,729.9,271.4,31.1,39.5,1,-1,-1,-1
47,18,272.3,474.8,58.3,119.0,1,-1,-1,-1
47,19,1.0,456.8,59.2,70.4,1,-1,-1,-1
47,20,688.5,310.4,29.9,77.2,1,-1,-1,-1
47,21,557.8,331.5,32.4,87.5,1,-1,-1,-1
47,22,566.7,362.8,33.3,91.0,1,-1,-1,-1
47,23,367.5,237.0,21.1,41.3,1,-1,-1,-1
47,24,608.4,202.0,26.4,57.2,1,-1,-1,-1
47,25,261.3,199.0,22.2,62.2,1,-1,-1,-1
47,26,777.4,160.2,21.6,49.9,1,-1,-1,-1
47,27,15.3,297.2,25.8,58.0,1,-1,-1,-1
47,28,347.6,182.2,21.9,53.2,1,-1,-1,-1
47,29,422.3,188.4,24.5,38.4,1,-1,-1,-1
47,30,285.5,272.9,20.6,37.1,1,-1,-1,-1
47,31,310.1,278.0,18.5,42.8,1,-1,-1,-1
47,32,238.9,279.3,23.6,53.3,1,-1,-1,-1
47,33,275.1,292.8,17.6,35.0,1,-1,-1,-1
47,34,252.9,277.9,23.5,45.6,1,-1,-1,-1
47,35,297.6,284.7,19.9,36.0,1,-1,-1,-1
47,36,670.2,365.6,41.2,96.2,1,-1,-1,-1
47,37,922.6,666.8,55.3,89.2,1,-1,-1,-1
48,1,454.6,642.8,65.8,96.1,1,-1,-1,-1
48,2,138.0,533.1,62.3,90.9,1,-1,-1,-1
48,3,125.9,372.6,54.2,58.1,1,-1,-1,-1
48,4,283.0,571.2,72.1,89.3,1,-1,-1,-1
48,5,707.0,342.2,35.7,83.1,1,-1,-1,-1
48,6,330.2,462.6,57.4,115.0,1,-1,-1,-1
48,7,466.7,467.9,50.8,118.5,1,-1,-1,-1
48,8,506.2,271.7,28.3,52.1,1,-1,-1,-1
48,9,499.7,646.6,103.0,109.3,1,-1,-1,-1
48,10,638.6,344.0,42.5,91.4,1,-1,-1,-1
48,12,89.6,385.3,34.0,76.5,1,-1,-1,-1
48,13,765.1,289.1,31.6,71.8,1,-1,-1,-1
48,14,740.7,352.2,40.3,76.4,1,-1,-1,-1
48,15,526.3,263.7,32.3,54.5,1,-1,-1,-1
48,16,241.9,281.1,29.4,78.5,1,-1,-1,-1
48,17,729.4,270.1,30.5,40.3,1,-1,-1,-1
48,18,272.1,474.7,58.4,119.5,1,-1,-1,-1
48,19,1.2,456.7,59.4,70.2,1,-1,-1,-1
48,20,682.1,309.5,30.9,78.6,1,-1,-1,-1
48,21,555.4,332.0,31.9,88.4,1,-1,-1,-1
48,22,564.6,362.8,33.3,90.8,1,-1,-1,-1
48,23,366.1,236.9,21.0,41.9,1,-1,-1,-1
48,24,608.0,201.6,26.8,57.1,1,-1,-1,-1
48,25,259.3,199.0,23.8,62.1,1,-1,-1,-1
48,26,776.7,160.0,21.2,47.4,1,-1,-1,-1
48,27,15.0,299.0,26.4,57.6,1,-1,-1,-1
48,28,346.2,179.9,22.4,54.7,1,-1,-1,-1
48,29,421.1,188.3,24.9,39.2,1,-1,-1,-1
48,30,282.9,273.3,22.0,36.9,1,-1,-1,-1
48,31,308.9,277.8,17.9,43.2,1,-1,-1,-1
48,32,237.8,277.8,23.8,51.5,1,-1,-1,-1
48,33,274.7,294.2,17.9,33.4,1,-1,-1,-1
48,34,249.6,281.1,25.8,47.5,1,-1,-1,-1
48,35,296.9,284.9,19.8,35.9,1,-1,-1,-1
48,36,669.8,365.7,41.1,95.9,1,-1,-1,-1
48,37,913.6,663.4,54.2,92.7,1,-1,-1,-1
49,1,451.3,642.2,67.0,96.8,1,-1,-1,-1
49,2,136.1,532.7,62.2,91.0,1,-1,-1,-1
49,3,124.8,372.1,55.1,58.3,1,-1,-1,-1
49,4,281.2,571.5,72.2,88.6,1,-1,-1,-1
49,5,705.9,343.2,35.5,83.1,1,-1,-1,-1
49,6,328.2,463.0,58.2,114.2,1,-1,-1,-1
49,7,466.1,467.6,49.2,119.5,1,-1,-1,-1
49,8,505.0,271.5,28.5,51.9,1,-1,-1,-1
49,9,496.1,645.0,105.6,110.9,1,-1,-1,-1
49,10,636.6,344.2,41.8,91.8,1,-1,-1,-1
49,12,87.3,385.4,35.0,76.3,1,-1,-1,-1
49,13,760.5,288.8,32.3,71.5,1,-1,-1,-1
49,14,744.4,351.9,38.0,76.5,1,-1,-1,-1
49,15,524.8,263.4,32.3,55.1,1,-1,-1,-1
49,16,241.4,281.1,30.0,78.7,1,-1,-1,-1
49,17,728.2,269.6,30.4,40.8,1,-1,-1,-1
49,18,267.6,474.4,57.4,117.4,1,-1,-1,-1
49,19,0.9,456.8,57.6,69.9,1,-1,-1,-1
49,20,677.5,310.1,30.6,73.1,1,-1,-1,-1
49,21,553.8,332.2,30.9,91.2,1,-1,-1,-1
49,22,562.9,364.0,33.1,89.1,1,-1,-1,-1
49,23,364.5,236.2,20.7,42.7,1,-1,-1,-1
49,24,607.8,201.8,27.6,58.1,1,-1,-1,-1
49,25,258.1,198.7,24.6,62.3,1,-1,-1,-1
49,26,774.2,161.5,21.6,48.4,1,-1,-1,-1
49,27,14.7,300.0,27.2,57.0,1,-1,-1,-1
49,28,347.4,178.8,22.3,56.5,1,-1,-1,-1
49,29,419.5,188.6,25.8,38.1,1,-1,-1,-1
49,30,280.3,273.8,24.2,38.4,1,-1,-1,-1
49,31,307.4,277.6,18.1,43.6,1,-1,-1,-1
49,32,233.9,277.4,24.5,49.5,1,-1,-1,-1
49,33,274.9,295.1,17.7,32.6,1,-1,-1,-1
49,34,250.0,280.6,25.3,46.1,1,-1,-1,-1
49,35,297.5,285.3,19.0,35.6,1,-1,-1,-1
49,36,668.7,364.8,41.7,96.2,1,-1,-1,-1
49,37,902.2,661.3,54.2,94.9,1,-1,-1,-1
50,1,449.2,641.6,66.9,97.7,1,-1,-1,-1
50,2,135.1,532.3,61.5,91.0,1,-1,-1,-1
50,3,123.9,372.0,55.8,58.4,1,-1,-1,-1
50,4,279.5,572.1,72.3,88.7,1,-1,-1,-1
50,5,704.9,344.4,35.5,82.4,1,-1,-1,-1
50,6,325.7,463.0,58.3,112.9,1,-1,-1,-1
50,7,465.7,467.6,46.8,120.7,1,-1,-1,-1
50,8,503.9,271.1,28.7,52.9,1,-1,-1,-1
50,9,494.4,644.9,106.0,111.2,1,-1,-1,-1
50,10,635.1,344.8,40.9,91.6,1,-1,-1,-1
50,12,86.1,385.3,36.7,76.0,1,-1,-1,-1
50,13,756.5,288.9,32.5,71.8,1,-1,-1,-1
50,14,746.2,351.6,36.5,77.5,1,-1,-1,-1
50,15,524.2,262.6,32.4,55.7,1,-1,-1,-1
50,16,240.6,282.4,30.2,77.7,1,-1,-1,-1
50,17,727.3,270.0,30.0,40.6,1,-1,-1,-1
50,18,266.4,474.1,56.6,114.8,1,-1,-1,-1
50,19,1.3,454.9,57.9,71.5,1,-1,-1,-1
50,20,670.5,311.5,32.2,73.6,1,-1,-1,-1
50,21,552.0,331.1,29.9,87.7,1,-1,-1,-1
50,22,561.0,365.6,34.2,87.7,1,-1,-1,-1
50,23,363.3,235.9,20.5,42.7,1,-1,-1,-1
50,24,607.5,201.3,26.5,58.3,1,-1,-1,-1
50,25,256.9,199.9,24.0,61.4,1,-1,-1,-1
50,26,773.6,160.4,21.7,49.5,1,-1,-1,-1
50,27,14.8,300.7,27.6,56.3,1,-1,-1,-1
50,28,346.9,178.8,22.6,57.7,1,-1,-1,-1
50,29,418.6,187.0,26.3,37.3,1,-1,-1,-1
50,30,279.2,273.4,25.4,39.8,1,-1,-1,-1
50,31,306.5,277.4,18.6,43.8,1,-1,-1,-1
50,32,233.3,278.7,24.8,48.9,1,-1,-1,-1
50,33,275.2,295.9,17.2,31.7,1,-1,-1,-1
50,34,251.8,281.5,24.0,42.5,1,-1,-1,-1
50,35,298.4,285.8,17.9,35.2,1,-1,-1,-1
50,36,667.4,364.9,42.2,96.2,1,-1,-1,-1
50,37,892.0,660.2,57.1,96.1,1,-1,-1,-1
51,1,446.8,641.2,67.4,98.5,1,-1,-1,-1
51,2,133.5,532.2,61.5,91.1,1,-1,-1,-1
51,3,123.8,372.6,56.4,58.0,1,-1,-1,-1
51,4,277.4,573.2,72.7,88.7,1,-1,-1,-1
51,5,702.2,344.4,37.1,82.6,1,-1,-1,-1
51,6,324.2,463.5,58.2,115.1,1,-1,-1,-1
51,7,465.4,467.6,45.0,121.9,1,-1,-1,-1
51,8,502.0,270.5,29.2,53.5,1,-1,-1,-1
51,9,493.6,645.3,104.1,110.9,1,-1,-1,-1
51,10,634.0,345.0,39.9,91.3,1,-1,-1,-1
51,12,84.0,386.1,36.5,75.9,1,-1,-1,-1
51,13,751.5,288.6,34.1,73.4,1,-1,-1,-1
51,14,747.6,351.1,36.2,77.4,1,-1,-1,-1
51,15,523.5,263.1,32.4,55.5,1,-1,-1,-1
51,16,239.4,281.8,30.7,78.0,1,-1,-1,-1
51,17,726.7,270.8,30.6,40.5,1,-1,-1,-1
51,18,263.5,473.4,56.9,115.9,1,-1,-1,-1
51,19,0.5,455.1,55.8,72.3,1,-1,-1,-1
51,20,665.6,312.9,32.3,70.5,1,-1,-1,-1
51,21,548.5,331.6,32.8,91.1,1,-1,-1,-1
51,22,559.1,366.8,36.4,88.3,1,-1,-1,-1
51,23,360.4,235.6,21.3,43.3,1,-1,-1,-1
51,24,606.6,201.4,26.7,59.0,1,-1,-1,-1
51,25,256.5,200.8,23.6,60.4,1,-1,-1,-1
51,26,773.5,160.3,22.0,49.1,1,-1,-1,-1
51,27,15.0,301.2,27.5,56.5,1,-1,-1,-1
51,28,346.7,179.8,22.4,56.4,1,-1,-1,-1
51,29,418.7,187.4,25.3,37.0,1,-1,-1,-1
51,30,278.9,272.4,25.7,39.7,1,-1,-1,-1
51,31,305.6,277.7,19.0,44.5,1,-1,-1,-1
51,32,231.7,278.7,25.6,48.4,1,-1,-1,-1
51,33,273.9,296.8,17.1,30.9,1,-1,-1,-1
51,34,251.7,281.0,23.5,42.2,1,-1,-1,-1
51,35,299.4,286.2,17.1,35.0,1,-1,-1,-1
51,36,667.4,366.5,41.1,95.4,1,-1,-1,-1
51,37,880.4,659.3,58.4,97.0,1,-1,-1,-1
51,38,291.8,283.7,19.5,35.2,1,-1,-1,-1
52,1,443.7,640.8,67.0,98.7,1,-1,-1,-1
52,2,132.3,532.1,60.2,90.0,1,-1,-1,-1
52,3,122.2,371.9,57.0,58.6,1,-1,-1,-1
52,4,275.2,573.5,73.1,88.0,1,-1,-1,-1
52,5,701.0,344.4,37.9,82.7,1,-1,-1,-1
52,6,322.8,463.1,58.2,115.8,1,-1,-1,-1
52,7,464.3,468.7,44.3,121.7,1,-1,-1,-1
52,8,500.7,270.4,28.7,53.3,1,-1,-1,-1
52,9,492.8,644.2,101.2,111.8,1,-1,-1,-1
52,10,633.1,344.7,40.1,91.8,1,-1,-1,-1
52,12,80.7,385.9,36.7,75.5,1,-1,-1,-1
52,13,749.0,288.1,32.8,73.5,1,-1,-1,-1
52,14,748.1,350.5,37.7,78.8,1,-1,-1,-1
52,15,522.9,263.4,32.7,55.9,1,-1,-1,-1
52,16,238.2,280.3,31.3,79.4,1,-1,-1,-1
52,17,725.4,271.1,30.0,40.1,1,-1,-1,-1
52,18,262.6,476.1,55.8,116.2,1,-1,-1,-1
52,19,0.4,455.2,53.5,72.5,1,-1,-1,-1
52,20,659.3,313.9,33.1,75.8,1,-1,-1,-1
52,21,546.5,332.1,33.3,89.0,1,-1,-1,-1
52,22,557.0,366.4,38.2,87.1,1,-1,-1,-1
52,23,358.8,235.9,21.3,42.8,1,-1,-1,-1
52,24,605.4,201.0,27.1,59.1,1,-1,-1,-1
52,25,255.8,200.6,23.3,60.7,1,-1,-1,-1
52,26,773.7,160.8,22.1,47.8,1,-1,-1,-1
52,27,13.2,300.8,28.6,57.0,1,-1,-1,-1
52,28,346.4,179.4,22.4,55.7,1,-1,-1,-1
52,29,418.2,188.3,25.2,36.5,1,-1,-1,-1
52,30,277.3,271.8,25.2,39.7,1,-1,-1,-1
52,31,305.6,278.0,18.8,43.0,1,-1,-1,-1
52,32,231.1,278.8,26.5,50.6,1,-1,-1,-1
52,33,273.3,298.2,17.1,30.6,1,-1,-1,-1
52,34,252.1,280.6,23.1,41.0,1,-1,-1,-1
52,36,666.4,367.7,40.7,94.6,1,-1,-1,-1
52,37,869.5,658.6,61.7,97.6,1,-1,-1,-1
52,38,292.2,285.4,18.9,35.1,1,-1,-1,-1
53,1,442.5,640.6,67.0,98.6,1,-1,-1,-1
53,2,131.3,532.3,59.8,89.4,1,-1,-1,-1
53,3,120.7,371.6,57.5,59.3,1,-1,-1,-1
53,4,273.3,571.0,74.5,90.1,1,-1,-1,-1
53,5,699.6,343.9,38.1,83.1,1,-1,-1,-1
53,6,320.9,462.2,58.0,115.7,1,-1,-1,-1
53,7,462.0,468.8,45.5,119.2,1,-1,-1,-1
53,8,499.6,271.3,28.2,52.0,1,-1,-1,-1
53,9,492.3,644.1,98.8,112.0,1,-1,-1,-1
53,10,630.7,344.0,40.6,92.1,1,-1,-1,-1
53,12,78.5,386.4,37.0,75.2,1,-1,-1,-1
53,13,747.4,287.6,30.9,72.8,1,-1,-1,-1
53,14,748.0,351.0,39.4,80.6,1,-1,-1,-1
53,15,521.7,264.2,31.3,56.0,1,-1,-1,-1
53,16,237.4,279.2,32.0,80.5,1,-1,-1,-1
53,17,724.2,270.7,30.1,39.8,1,-1,-1,-1
53,18,260.4,476.7,56.5,116.4,1,-1,-1,-1
53,19,0.6,454.9,51.6,72.7,1,-1,-1,-1
53,20,653.5,312.9,33.3,80.3,1,-1,-1,-1
53,21,543.0,332.8,34.5,89.5,1,-1,-1,-1
53,22,555.1,366.9,39.7,86.7,1,-1,-1,-1
53,23,357.2,236.0,21.1,42.6,1,-1,-1,-1
53,24,603.9,200.2,28.0,60.3,1,-1,-1,-1
53,25,255.0,200.2,23.4,60.8,1,-1,-1,-1
53,26,772.7,163.2,22.3,47.6,1,-1,-1,-1
53,27,13.0,301.3,29.0,57.1,1,-1,-1,-1
53,28,346.3,178.7,22.4,54.3,1,-1,-1,-1
53,29,417.9,189.1,24.6,36.1,1,-1,-1,-1
53,30,276.5,271.8,24.4,40.3,1,-1,-1,-1
53,31,304.8,278.6,19.0,42.7,1,-1,-1,-1
53,32,230.2,277.7,26.4,49.5,1,-1,-1,-1
53,33,272.8,298.9,17.0,31.1,1,-1,-1,-1
53,36,666.0,368.6,39.7,92.9,1,-1,-1,-1
53,37,859.4,658.2,59.8,98.0,1,-1,-1,-1
53,38,291.9,284.6,19.2,35.7,1,-1,-1,-1
54,1,441.0,640.9,67.1,98.3,1,-1,-1,-1
54,2,129.3,533.3,60.8,90.1,1,-1,-1,-1
54,3,118.2,371.7,58.2,59.6,1,-1,-1,-1
54,4,271.6,570.6,73.9,90.4,1,-1,-1,-1
54,5,698.7,343.9,37.3,83.1,1,-1,-1,-1
54,6,319.5,462.3,56.4,115.1,1,-1,-1,-1
54,7,459.5,468.9,47.5,118.5,1,-1,-1,-1
54,8,499.2,271.7,28.1,51.4,1,-1,-1,-1
54,9,490.5,644.7,97.7,111.5,1,-1,-1,-1
54,10,629.3,344.7,39.5,91.8,1,-1,-1,-1
54,12,76.8,386.0,36.8,75.6,1,-1,-1,-1
54,13,743.2,286.8,31.0,72.7,1,-1,-1,-1
54,14,746.2,352.3,40.6,80.5,1,-1,-1,-1
54,15,521.5,264.7,29.8,55.6,1,-1,-1,-1
54,16,236.0,278.1,32.5,82.0,1,-1,-1,-1
54,17,722.2,271.0,31.0,40.3,1,-1,-1,-1
54,18,259.2,476.5,57.0,116.7,1,-1,-1,-1
54,19,0.7,453.6,49.7,73.7,1,-1,-1,-1
54,20,650.7,311.4,32.3,82.2,1,-1,-1,-1
54,21,540.1,333.4,33.9,89.6,1,-1,-1,-1
54,22,552.8,367.5,40.9,87.8,1,-1,-1,-1
54,23,355.8,235.8,20.4,42.5,1,-1,-1,-1
54,24,603.6,200.3,27.8,59.1,1,-1,-1,-1
54,25,254.0,200.0,23.6,60.9,1,-1,-1,-1
54,26,772.0,164.3,22.4,47.0,1,-1,-1,-1
54,27,13.3,302.3,29.1,57.1,1,-1,-1,-1
54,28,346.1,178.4,22.4,53.7,1,-1,-1,-1
54,29,418.2,189.9,24.3,37.6,1,-1,-1,-1
54,30,275.9,272.1,23.2,41.6,1,-1,-1,-1
54,31,300.9,278.4,19.7,42.3,1,-1,-1,-1
54,32,229.7,278.1,26.6,49.9,1,-1,-1,-1
54,33,272.0,297.9,17.1,33.3,1,-1,-1,-1
54,34,246.4,279.6,24.4,44.5,1,-1,-1,-1
54,36,663.8,367.5,39.6,93.3,1,-1,-1,-1
54,37,851.2,656.3,58.0,99.6,1,-1,-1,-1
54,38,290.6,283.2,19.6,37.0,1,-1,-1,-1
55,1,438.2,640.9,67.1,97.8,1,-1,-1,-1
55,2,127.9,533.0,61.1,90.6,1,-1,-1,-1
55,3,116.8,372.0,57.6,59.0,1,-1,-1,-1
55,4,269.8,570.4,73.5,90.5,1,-1,-1,-1
55,5,697.5,343.4,36.1,82.9,1,-1,-1,-1
55,6,319.0,462.7,55.9,114.4,1,-1,-1,-1
55,7,457.2,469.5,49.3,117.7,1,-1,-1,-1
55,8,497.9,271.9,28.4,51.9,1,-1,-1,-1
55,9,488.5,645.3,97.7,110.8,1,-1,-1,-1
55,10,628.0,344.0,39.0,92.7,1,-1,-1,-1
55,12,75.9,385.7,37.5,76.1,1,-1,-1,-1
55,13,740.6,287.5,30.3,72.8,1,-1,-1,-1
55,14,750.2,351.5,39.7,80.8,1,-1,-1,-1
55,15,521.2,264.4,29.6,55.2,1,-1,-1,-1
55,16,236.0,278.3,32.0,81.9,1,-1,-1,-1
55,17,721.3,271.0,30.9,40.6,1,-1,-1,-1
55,18,257.9,474.2,57.9,115.0,1,-1,-1,-1
55,19,0.6,453.2,47.6,74.6,1,-1,-1,-1
55,20,646.8,311.4,32.6,83.8,1,-1,-1,-1
55,21,538.8,333.3,33.3,91.0,1,-1,-1,-1
55,22,549.3,367.4,40.9,91.5,1,-1,-1,-1
55,23,354.6,235.7,19.3,42.8,1,-1,-1,-1
55,24,603.4,200.6,27.6,59.0,1,-1,-1,-1
55,25,252.8,200.7,23.7,60.5,1,-1,-1,-1
55,26,771.3,163.3,22.1,47.2,1,-1,-1,-1
55,27,12.9,302.1,29.0,58.0,1,-1,-1,-1
55,28,346.0,178.7,22.5,53.2,1,-1,-1,-1
55,29,418.7,189.9,23.2,37.8,1,-1,-1,-1
55,30,275.0,272.3,22.2,41.4,1,-1,-1,-1
55,31,299.3,278.0,20.1,42.6,1,-1,-1,-1
55,32,228.7,278.3,25.2,48.9,1,-1,-1,-1
55,33,271.8,296.7,17.1,35.7,1,-1,-1,-1
55,34,247.3,278.9,24.1,44.9,1,-1,-1,-1
55,36,661.8,366.8,39.0,93.6,1,-1,-1,-1
55,37,841.6,653.1,56.6,102.5,1,-1,-1,-1
55,38,287.7,282.8,20.2,37.4,1,-1,-1,-1
56,1,436.8,640.8,66.4,97.5,1,-1,-1,-1
56,2,126.4,532.1,60.2,90.4,1,-1,-1,-1
56,3,115.5,372.5,55.3,58.3,1,-1,-1,-1
56,4,267.5,571.5,73.0,90.1,1,-1,-1,-1
56,5,695.9,343.4,35.2,82.0,1,-1,-1,-1
56,6,315.5,462.9,58.1,113.2,1,-1,-1,-1
56,7,455.7,470.9,50.3,117.0,1,-1,-1,-1
56,8,497.2,271.4,28.2,52.2,1,-1,-1,-1
56,9,485.9,644.9,98.3,111.1,1,-1,-1,-1
56,10,625.4,344.6,38.2,91.0,1,-1,-1,-1
56,12,74.4,385.6,38.2,76.0,1,-1,-1,-1
56,13,736.8,288.3,30.9,74.4,1,-1,-1,-1
56,14,751.1,349.7,39.3,82.2,1,-1,-1,-1
56,15,520.9,263.6,29.5,55.2,1,-1,-1,-1
56,16,235.3,280.1,30.9,79.8,1,-1,-1,-1
56,17,720.5,270.4,30.9,40.7,1,-1,-1,-1
56,18,254.8,476.0,59.1,116.1,1,-1,-1,-1
56,19,0.7,451.6,46.5,75.7,1,-1,-1,-1
56,20,641.7,315.1,32.3,85.2,1,-1,-1,-1
56,21,537.5,333.8,35.2,94.9,1,-1,-1,-1
56,22,546.8,367.6,40.6,94.2,1,-1,-1,-1
56,23,353.5,236.2,18.8,42.3,1,-1,-1,-1
56,24,603.2,200.3,26.4,59.4,1,-1,-1,-1
56,25,251.4,201.1,23.5,60.0,1,-1,-1,-1
56,26,770.8,163.0,22.0,47.7,1,-1,-1,-1
56,27,13.4,304.2,28.6,56.9,1,-1,-1,-1
56,28,345.8,178.4,22.9,53.1,1,-1,-1,-1
56,29,418.5,189.5,22.7,37.9,1,-1,-1,-1
56,30,274.6,271.4,21.2,40.8,1,-1,-1,-1
56,31,298.8,277.8,19.8,43.0,1,-1,-1,-1
56,32,227.1,279.4,23.6,52.0,1,-1,-1,-1
56,33,271.4,297.5,17.3,37.2,1,-1,-1,-1
56,36,661.2,366.3,38.7,94.7,1,-1,-1,-1
56,37,830.7,649.7,58.6,105.3,1,-1,-1,-1
56,38,286.7,283.2,19.5,37.2,1,-1,-1,-1
57,1,433.4,641.4,65.8,96.1,1,-1,-1,-1
57,2,123.4,531.7,60.9,90.6,1,-1,-1,-1
57,3,114.6,372.2,54.6,58.2,1,-1,-1,-1
57,4,265.3,571.9,72.8,90.0,1,-1,-1,-1
57,5,694.9,343.3,35.1,82.3,1,-1,-1,-1
57,6,313.1,463.0,58.6,113.9,1,-1,-1,-1
57,7,454.9,470.7,48.9,116.2,1,-1,-1,-1
57,8,496.0,271.2,28.8,52.3,1,-1,-1,-1
57,9,481.0,643.5,100.5,112.3,1,-1,-1,-1
57,10,623.0,345.1,38.2,90.2,1,-1,-1,-1
57,12,72.2,386.1,38.5,75.5,1,-1,-1,-1
57,13,733.2,289.1,31.3,74.4,1,-1,-1,-1
57,14,753.4,347.6,37.6,84.3,1,-1,-1,-1
57,15,518.0,262.4,31.1,55.8,1,-1,-1,-1
57,16,233.4,281.1,31.3,79.0,1,-1,-1,-1
57,17,719.9,270.4,30.5,40.0,1,-1,-1,-1
57,18,252.4,475.3,59.0,117.8,1,-1,-1,-1
57,19,0.6,434.8,45.3,89.6,1,-1,-1,-1
57,20,638.9,316.6,30.5,79.4,1,-1,-1,-1
57,21,533.7,333.2,39.0,97.2,1,-1,-1,-1
57,22,544.8,368.9,40.1,93.6,1,-1,-1,-1
57,23,352.1,236.7,18.8,42.0,1,-1,-1,-1
57,24,602.8,201.1,25.2,58.7,1,-1,-1,-1
57,25,248.7,199.9,24.3,60.9,1,-1,-1,-1
57,26,769.8,161.4,21.9,49.5,1,-1,-1,-1
57,27,14.2,305.5,27.9,55.8,1,-1,-1,-1
57,28,345.8,180.7,23.2,53.1,1,-1,-1,-1
57,29,417.3,188.2,22.8,37.9,1,-1,-1,-1
57,30,274.5,271.8,20.8,39.9,1,-1,-1,-1
57,31,298.4,277.4,19.1,43.4,1,-1,-1,-1
57,32,226.5,279.8,23.7,57.5,1,-1,-1,-1
57,33,270.8,298.0,16.6,38.6,1,-1,-1,-1
57,34,241.4,279.4,24.5,47.1,1,-1,-1,-1
57,36,659.8,365.5,38.8,95.5,1,-1,-1,-1
57,37,820.5,647.5,58.6,106.5,1,-1,-1,-1
57,38,286.9,283.7,18.8,37.0,1,-1,-1,-1
58,1,431.3,641.9,66.7,96.1,1,-1,-1,-1
58,2,121.8,531.6,60.2,90.0,1,-1,-1,-1
58,3,113.6,372.0,55.1,58.2,1,-1,-1,-1
58,4,263.2,571.6,71.6,88.1,1,-1,-1,-1
58,5,694.7,341.0,35.6,84.7,1,-1,-1,-1
58,6,311.0,462.7,59.2,116.6,1,-1,-1,-1
58,7,454.5,471.1,47.0,116.4,1,-1,-1,-1
58,8,495.0,271.7,28.4,51.5,1,-1,-1,-1
58,9,477.1,642.3,104.1,113.5,1,-1,-1,-1
58,10,619.3,345.3,39.5,89.3,1,-1,-1,-1
58,12,70.3,386.2,38.5,75.1,1,-1,-1,-1
58,13,729.2,288.8,31.4,73.8,1,-1,-1,-1
58,14,756.7,346.6,35.0,85.7,1,-1,-1,-1
58,15,516.4,262.4,30.8,55.6,1,-1,-1,-1
58,16,231.8,281.3,31.4,78.5,1,-1,-1,-1
58,17,719.0,269.8,29.3,40.8,1,-1,-1,-1
58,18,249.9,474.3,60.5,118.7,1,-1,-1,-1
58,19,0.1,421.0,41.9,103.3,1,-1,-1,-1
58,20,636.2,316.5,29.1,75.5,1,-1,-1,-1
58,21,531.1,332.2,39.4,94.4,1,-1,-1,-1
58,22,542.0,370.7,40.6,92.0,1,-1,-1,-1
58,23,350.0,236.4,20.0,42.5,1,-1,-1,-1
58,24,602.9,201.3,24.3,57.2,1,-1,-1,-1
58,25,246.7,199.6,24.8,61.6,1,-1,-1,-1
58,26,769.1,160.4,22.0,49.2,1,-1,-1,-1
58,27,15.5,306.0,27.3,56.6,1,-1,-1,-1
58,28,345.8,181.6,23.2,53.0,1,-1,-1,-1
58,29,413.2,187.7,24.2,37.9,1,-1,-1,-1
58,30,273.7,272.4,21.0,39.8,1,-1,-1,-1
58,31,296.8,277.4,19.0,43.8,1,-1,-1,-1
58,32,224.5,278.4,24.3,53.8,1,-1,-1,-1
58,33,270.6,302.3,16.3,35.9,1,-1,-1,-1
58,34,240.1,280.0,24.7,49.2,1,-1,-1,-1
58,36,657.4,365.5,38.1,95.6,1,-1,-1,-1
58,37,810.4,647.0,60.8,108.1,1,-1,-1,-1
58,38,287.3,283.9,18.4,37.0,1,-1,-1,-1
59,1,427.5,641.9,67.2,95.2,1,-1,-1,-1
59,2,119.5,531.9,59.3,89.5,1,-1,-1,-1
59,3,111.7,371.5,57.0,58.7,1,-1,-1,-1
59,4,261.1,569.9,71.7,89.3,1,-1,-1,-1
59,5,693.6,341.5,36.0,84.6,1,-1,-1,-1
59,6,309.0,461.2,59.3,116.5,1,-1,-1,-1
59,7,452.9,471.6,46.0,115.1,1,-1,-1,-1
59,8,493.8,272.1,28.3,51.1,1,-1,-1,-1
59,9,473.8,641.3,106.2,114.6,1,-1,-1,-1
59,10,618.3,345.9,38.4,87.9,1,-1,-1,-1
59,12,69.5,386.6,37.9,74.4,1,-1,-1,-1
59,13,726.8,288.9,31.8,74.2,1,-1,-1,-1
59,14,758.6,346.2,33.5,85.9,1,-1,-1,-1
59,15,514.9,262.9,30.3,54.8,1,-1,-1,-1
59,16,229.5,282.6,30.5,77.4,1,-1,-1,-1
59,17,717.9,269.0,28.9,41.5,1,-1,-1,-1
59,18,248.6,473.9,60.6,119.6,1,-1,-1,-1
59,19,0.1,390.2,40.5,131.6,1,-1,-1,-1
59,20,630.3,315.2,30.9,78.2,1,-1,-1,-1
59,21,528.6,332.0,37.7,90.8,1,-1,-1,-1
59,22,538.4,370.2,39.4,92.3,1,-1,-1,-1
59,23,349.0,236.5,19.9,41.8,1,-1,-1,-1
59,24,599.8,200.6,25.6,58.1,1,-1,-1,-1
59,25,246.1,200.5,23.9,61.2,1,-1,-1,-1
59,26,768.1,160.5,22.4,49.3,1,-1,-1,-1
59,27,14.9,305.6,27.1,56.8,1,-1,-1,-1
59,28,346.0,182.8,22.9,52.8,1,-1,-1,-1
59,29,411.0,186.9,25.6,37.5,1,-1,-1,-1
59,30,269.6,273.2,22.4,39.8,1,-1,-1,-1
59,31,295.3,277.5,19.3,44.2,1,-1,-1,-1
59,32,222.0,279.9,25.5,50.8,1,-1,-1,-1
59,33,270.6,306.8,15.8,32.5,1,-1,-1,-1
59,34,239.1,279.9,24.7,51.5,1,-1,-1,-1
59,36,653.8,366.4,39.7,94.4,1,-1,-1,-1
59,37,800.8,640.8,65.1,108.9,1,-1,-1,-1
59,38,287.4,284.4,17.8,36.7,1,-1,-1,-1
60,1,425.3,642.3,67.1,94.5,1,-1,-1,-1
60,2,116.0,531.9,61.3,89.7,1,-1,-1,-1
60,3,110.7,371.3,58.0,59.3,1,-1,-1,-1
60,4,259.5,569.4,71.4,90.2,1,-1,-1,-1
60,5,692.6,341.6,35.7,84.2,1,-1,-1,-1
60,6,307.6,461.1,56.9,115.6,1,-1,-1,-1
60,7,451.0,471.6,45.4,113.5,1,-1,-1,-1
60,8,491.5,270.9,28.8,52.4,1,-1,-1,-1
60,9,471.6,640.9,105.9,115.2,1,-1,-1,-1
60,10,614.0,345.8,39.2,87.0,1,-1,-1,-1
60,12,69.5,386.7,39.7,74.2,1,-1,-1,-1
60,13,724.5,289.0,30.5,73.5,1,-1,-1,-1
60,14,759.4,346.5,34.0,86.1,1,-1,-1,-1
60,15,515.1,262.8,31.1,54.5,1,-1,-1,-1
60,16,228.9,284.0,29.6,75.8,1,-1,-1,-1
60,17,716.5,269.6,28.5,41.2,1,-1,-1,-1
60,18,245.1,473.3,59.7,118.7,1,-1,-1,-1
60,19,-0.0,383.5,38.4,141.5,1,-1,-1,-1
60,20,626.6,313.5,31.6,81.7,1,-1,-1,-1
60,21,527.1,332.4,35.8,89.1,1,-1,-1,-1
60,22,537.6,369.1,37.4,92.9,1,-1,-1,-1
60,23,347.4,236.5,20.4,41.4,1,-1,-1,-1
60,24,597.2,200.4,27.0,58.9,1,-1,-1,-1
60,25,245.1,200.7,24.0,61.1,1,-1,-1,-1
60,26,767.0,161.7,22.0,48.7,1,-1,-1,-1
60,27,14.6,305.0,26.6,57.1,1,-1,-1,-1
60,28,346.4,183.0,22.5,51.8,1,-1,-1,-1
60,29,409.8,187.6,26.3,37.1,1,-1,-1,-1
60,30,267.9,272.9,24.1,40.4,1,-1,-1,-1
60,31,294.0,277.3,20.0,45.2,1,-1,-1,-1
60,32,220.3,283.1,26.6,52.8,1,-1,-1,-1
60,33,270.5,307.7,16.1,31.8,1,-1,-1,-1
60,34,237.7,279.5,25.2,50.9,1,-1,-1,-1
60,36,649.8,365.4,39.2,94.7,1,-1,-1,-1
60,37,790.2,640.5,68.1,113.0,1,-1,-1,-1
60,38,288.1,285.2,17.1,36.4,1,-1,-1,-1
61,1,422.2,642.1,68.3,93.7,1,-1,-1,-1
61,2,113.4,531.2,62.3,89.8,1,-1,-1,-1
61,3,108.9,371.3,58.6,59.5,1,-1,-1,-1
61,4,256.8,568.9,72.5,90.6,1,-1,-1,-1
61,5,691.9,341.9,35.5,84.3,1,-1,-1,-1
61,6,305.7,461.9,58.0,112.9,1,-1,-1,-1
61,7,450.8,472.7,44.4,112.5,1,-1,-1,-1
61,8,490.0,270.0,28.9,52.8,1,-1,-1,-1
61,9,470.3,641.2,103.3,115.0,1,-1,-1,-1
61,10,607.7,346.7,41.3,85.5,1,-1,-1,-1
61,12,69.2,386.8,40.0,74.4,1,-1,-1,-1
61,13,720.0,290.9,30.2,71.4,1,-1,-1,-1
61,14,759.4,346.8,35.4,85.3,1,-1,-1,-1
61,15,512.7,263.0,31.0,54.8,1,-1,-1,-1
61,16,226.4,285.2,30.8,74.6,1,-1,-1,-1
61,17,715.0,269.9,29.7,41.2,1,-1,-1,-1
61,18,243.9,472.9,58.4,118.5,1,-1,-1,-1
61,19,0.2,384.1,37.4,143.0,1,-1,-1,-1
61,20,622.5,312.6,33.5,83.4,1,-1,-1,-1
61,21,527.5,332.3,35.8,91.1,1,-1,-1,-1
61,22,534.9,369.3,38.9,94.5,1,-1,-1,-1
61,23,343.1,234.5,20.9,42.8,1,-1,-1,-1
61,24,596.1,199.4,27.9,59.4,1,-1,-1,-1
61,25,243.9,199.8,24.6,61.6,1,-1,-1,-1
61,26,767.5,162.5,21.7,48.5,1,-1,-1,-1
61,27,13.9,304.8,26.7,58.5,1,-1,-1,-1
61,28,346.0,182.7,22.2,52.5,1,-1,-1,-1
61,29,409.0,188.4,26.6,35.7,1,-1,-1,-1
61,30,266.8,271.8,24.9,39.8,1,-1,-1,-1
61,31,293.0,277.3,20.5,45.6,1,-1,-1,-1
61,32,218.5,288.0,27.4,52.9,1,-1,-1,-1
61,33,269.9,306.0,17.2,33.7,1,-1,-1,-1
61,34,234.7,278.5,26.0,45.9,1,-1,-1,-1
61,36,646.0,364.5,40.2,95.8,1,-1,-1,-1
61,37,782.4,639.2,68.1,116.2,1,-1,-1,-1
61,38,287.0,284.3,17.7,35.8,1,-1,-1,-1
62,1,420.0,642.0,68.0,94.5,1,-1,-1,-1
62,2,111.7,531.0,62.3,89.7,1,-1,-1,-1
62,3,106.9,371.4,58.9,58.9,1,-1,-1,-1
62,4,253.5,569.4,73.8,90.1,1,-1,-1,-1
62,5,691.9,341.0,35.4,85.1,1,-1,-1,-1
62,6,302.7,462.5,58.3,112.0,1,-1,-1,-1
62,7,449.3,473.7,44.4,112.3,1,-1,-1,-1
62,8,489.7,271.0,27.6,51.7,1,-1,-1,-1
62,9,468.7,641.3,99.1,114.9,1,-1,-1,-1
62,10,601.2,346.4,45.8,84.6,1,-1,-1,-1
62,12,68.3,386.7,38.4,74.2,1,-1,-1,-1
62,13,717.2,293.1,30.7,69.2,1,-1,-1,-1
62,14,758.7,347.4,37.2,85.7,1,-1,-1,-1
62,15,511.9,262.2,30.9,56.6,1,-1,-1,-1
62,16,224.6,284.4,31.9,74.9,1,-1,-1,-1
62,17,713.7,270.2,31.0,41.9,1,-1,-1,-1
62,18,244.3,472.1,56.5,117.4,1,-1,-1,-1
62,19,0.4,384.0,38.0,142.7,1,-1,-1,-1
62,20,621.9,313.2,33.1,83.8,1,-1,-1,-1
62,21,527.2,333.3,34.5,92.5,1,-1,-1,-1
62,22,533.2,372.3,39.6,93.8,1,-1,-1,-1
62,23,340.5,235.2,21.3,42.4,1,-1,-1,-1
62,24,595.5,199.6,28.2,59.8,1,-1,-1,-1
62,25,242.8,200.4,24.8,60.5,1,-1,-1,-1
62,26,767.5,160.6,21.0,48.7,1,-1,-1,-1
62,27,13.8,305.9,27.2,60.2,1,-1,-1,-1
62,28,345.9,182.2,22.3,53.7,1,-1,-1,-1
62,29,406.9,189.1,26.8,35.2,1,-1,-1,-1
62,30,265.6,271.5,25.8,39.2,1,-1,-1,-1
62,31,292.7,277.8,20.6,44.7,1,-1,-1,-1
62,33,268.7,306.6,17.6,34.1,1,-1,-1,-1
62,34,233.3,279.2,26.4,43.5,1,-1,-1,-1
62,36,643.6,365.9,40.7,94.2,1,-1,-1,-1
62,37,765.5,635.8,69.6,120.3,1,-1,-1,-1
62,38,286.0,283.7,18.3,36.0,1,-1,-1,-1
63,1,417.7,641.4,68.2,93.6,1,-1,-1,-1
63,2,110.2,530.6,61.6,89.8,1,-1,-1,-1
63,3,105.3,371.9,57.6,58.3,1,-1,-1,-1
63,4,251.5,568.9,74.4,90.6,1,-1,-1,-1
63,5,690.6,341.5,34.5,84.7,1,-1,-1,-1
63,6,301.0,461.8,57.9,112.2,1,-1,-1,-1
63,7,447.0,473.5,42.4,112.8,1,-1,-1,-1
63,8,487.6,270.2,27.8,52.4,1,-1,-1,-1
63,9,467.7,641.4,96.7,114.7,1,-1,-1,-1
63,10,593.7,345.3,45.1,88.3,1,-1,-1,-1
63,12,67.4,386.1,35.8,75.6,1,-1,-1,-1
63,13,714.1,289.9,31.4,71.9,1,-1,-1,-1
63,14,759.0,348.2,37.1,85.1,1,-1,-1,-1
63,15,511.0,263.0,29.1,56.6,1,-1,-1,-1
63,16,223.2,284.3,32.4,74.7,1,-1,-1,-1
63,17,712.2,270.1,31.0,43.0,1,-1,-1,-1
63,18,242.3,474.8,54.4,116.7,1,-1,-1,-1
63,19,0.4,382.1,39.0,142.3,1,-1,-1,-1
63,20,620.4,312.8,32.2,78.9,1,-1,-1,-1
63,21,526.0,333.7,35.1,92.3,1,-1,-1,-1
63,22,531.6,374.9,39.8,91.8,1,-1,-1,-1
63,23,336.4,235.0,22.5,42.4,1,-1,-1,-1
63,24,595.0,199.7,27.9,60.5,1,-1,-1,-1
63,25,241.5,200.5,25.5,60.2,1,-1,-1,-1
63,26,766.8,160.9,20.8,47.6,1,-1,-1,-1
63,27,13.4,307.3,27.6,59.9,1,-1,-1,-1
63,28,346.0,182.1,22.0,54.0,1,-1,-1,-1
63,29,406.3,189.2,26.4,35.0,1,-1,-1,-1
63,30,263.2,272.4,26.0,39.2,1,-1,-1,-1
63,31,291.8,278.6,20.7,43.5,1,-1,-1,-1
63,33,267.3,307.9,17.5,33.9,1,-1,-1,-1
63,34,232.4,280.2,26.4,42.8,1,-1,-1,-1
63,36,640.3,365.4,39.6,94.3,1,-1,-1,-1
63,37,753.6,630.6,69.3,125.2,1,-1,-1,-1
63,38,287.3,284.2,16.9,37.1,1,-1,-1,-1
64,1,415.8,641.5,67.5,93.8,1,-1,-1,-1
64,2,107.6,530.4,61.9,89.9,1,-1,-1,-1
64,3,103.5,371.9,55.6,58.3,1,-1,-1,-1
64,4,249.0,567.8,74.7,91.8,1,-1,-1,-1
64,5,689.6,343.1,32.7,83.6,1,-1,-1,-1
64,6,298.5,460.3,58.7,112.6,1,-1,-1,-1
64,7,445.1,473.4,42.3,110.7,1,-1,-1,-1
64,8,486.3,270.1,28.1,52.6,1,-1,-1,-1
64,9,465.6,640.2,96.3,115.5,1,-1,-1,-1
64,10,590.7,343.9,43.1,90.9,1,-1,-1,-1
64,12,67.3,385.8,34.7,75.5,1,-1,-1,-1
64,13,709.0,287.5,32.1,72.9,1,-1,-1,-1
64,14,758.8,347.8,36.8,84.6,1,-1,-1,-1
64,15,510.1,263.1,28.0,55.6,1,-1,-1,-1
64,16,218.6,286.3,31.2,72.9,1,-1,-1,-1
64,17,711.3,269.4,31.1,44.1,1,-1,-1,-1
64,18,240.0,475.3,56.0,116.4,1,-1,-1,-1
64,19,-0.2,382.9,37.4,138.5,1,-1,-1,-1
64,20,617.7,312.7,32.0,80.4,1,-1,-1,-1
64,21,525.2,335.0,35.9,91.4,1,-1,-1,-1
64,22,529.2,377.6,40.8,93.7,1,-1,-1,-1
64,23,334.3,235.3,23.7,42.3,1,-1,-1,-1
64,24,593.5,199.5,27.8,61.1,1,-1,-1,-1
64,25,240.4,201.5,26.1,59.4,1,-1,-1,-1
64,26,765.4,161.8,21.5,47.4,1,-1,-1,-1
64,27,13.0,308.6,28.3,59.6,1,-1,-1,-1
64,28,345.9,182.2,21.5,53.9,1,-1,-1,-1
64,29,405.7,189.2,25.9,36.0,1,-1,-1,-1
64,30,262.2,272.9,25.6,39.7,1,-1,-1,-1
64,31,288.8,278.4,20.8,42.9,1,-1,-1,-1
64,33,266.4,307.8,18.0,35.1,1,-1,-1,-1
64,34,230.9,280.8,25.9,48.7,1,-1,-1,-1
64,36,637.3,364.4,38.5,94.4,1,-1,-1,-1
64,37,741.1,629.6,66.6,126.5,1,-1,-1,-1
64,38,287.9,285.0,16.4,37.5,1,-1,-1,-1
65,1,413.8,640.8,67.8,94.1,1,-1,-1,-1
65,2,106.2,530.8,61.4,89.3,1,-1,-1,-1
65,3,101.9,371.7,55.8,58.3,1,-1,-1,-1
65,4,246.7,566.6,73.7,92.9,1,-1,-1,-1
65,5,687.8,343.3,32.1,83.4,1,-1,-1,-1
65,6,296.4,461.0,56.5,111.7,1,-1,-1,-1
65,7,443.8,473.0,44.4,110.0,1,-1,-1,-1
65,8,485.4,270.4,28.2,52.4,1,-1,-1,-1
65,9,462.6,638.9,97.2,116.4,1,-1,-1,-1
65,10,589.0,343.2,42.4,92.1,1,-1,-1,-1
65,12,66.0,385.3,35.7,76.3,1,-1,-1,-1
65,13,705.5,287.2,32.6,73.6,1,-1,-1,-1
65,14,757.5,347.4,37.1,84.5,1,-1,-1,-1
65,15,509.3,262.9,27.9,54.9,1,-1,-1,-1
65,16,220.3,283.2,32.2,75.2,1,-1,-1,-1
65,17,710.7,268.8,31.4,45.0,1,-1,-1,-1
65,18,237.8,475.4,57.4,116.1,1,-1,-1,-1
65,19,-0.4,384.0,34.4,133.7,1,-1,-1,-1
65,20,615.5,312.6,32.0,79.9,1,-1,-1,-1
65,21,524.9,336.9,39.4,89.1,1,-1,-1,-1
65,22,527.6,378.6,41.7,92.9,1,-1,-1,-1
65,23,331.3,235.1,24.4,42.6,1,-1,-1,-1
65,24,592.7,199.3,27.4,61.7,1,-1,-1,-1
65,25,238.4,201.2,27.1,59.5,1,-1,-1,-1
65,26,760.8,162.0,23.0,49.7,1,-1,-1,-1
65,27,12.8,308.8,28.3,59.5,1,-1,-1,-1
65,28,345.8,182.2,21.2,53.8,1,-1,-1,-1
65,29,405.3,188.7,26.3,36.8,1,-1,-1,-1
65,30,261.9,273.9,24.0,38.6,1,-1,-1,-1
65,31,287.4,277.6,20.9,43.7,1,-1,-1,-1
65,33,266.1,309.4,18.7,34.3,1,-1,-1,-1
65,34,230.3,278.6,24.9,45.6,1,-1,-1,-1
65,36,633.4,364.2,38.7,94.1,1,-1,-1,-1
65,37,735.8,624.4,64.4,131.3,1,-1,-1,-1
66,1,411.4,639.9,66.1,93.6,1,-1,-1,-1
66,2,104.9,530.0,61.3,89.8,1,-1,-1,-1
66,3,101.0,371.6,56.5,58.0,1,-1,-1,-1
66,4,244.5,566.0,73.7,93.0,1,-1,-1,-1
66,5,686.9,343.9,32.8,83.1,1,-1,-1,-1
66,6,295.3,460.5,56.1,111.3,1,-1,-1,-1
66,7,442.6,473.4,48.8,110.9,1,-1,-1,-1
66,8,484.5,270.7,28.1,52.1,1,-1,-1,-1
66,9,457.1,637.5,102.8,117.5,1,-1,-1,-1
66,10,584.2,342.0,44.8,92.9,1,-1,-1,-1
66,12,64.5,385.0,36.3,76.7,1,-1,-1,-1
66,13,701.7,288.3,32.9,74.5,1,-1,-1,-1
66,14,758.3,346.4,35.3,85.5,1,-1,-1,-1
66,15,506.7,262.2,29.4,54.6,1,-1,-1,-1
66,16,221.2,279.8,32.7,78.5,1,-1,-1,-1
66,17,710.4,267.5,30.1,43.7,1,-1,-1,-1
66,18,233.4,474.8,59.6,115.4,1,-1,-1,-1
66,19,-0.6,384.5,29.4,129.4,1,-1,-1,-1
66,20,613.8,313.3,32.7,80.6,1,-1,-1,-1
66,21,523.8,338.9,40.2,87.1,1,-1,-1,-1
66,22,526.2,374.2,43.0,94.6,1,-1,-1,-1
66,23,328.1,234.4,22.9,42.1,1,-1,-1,-1
66,24,592.6,199.3,26.8,60.7,1,-1,-1,-1
66,25,235.9,200.3,27.0,60.1,1,-1,-1,-1
66,26,759.7,161.6,22.9,49.0,1,-1,-1,-1
66,27,12.6,308.9,28.1,59.1,1,-1,-1,-1
66,28,345.6,181.7,22.0,52.9,1,-1,-1,-1
66,29,405.2,188.9,25.6,37.6,1,-1,-1,-1
66,30,261.5,272.3,23.6,38.5,1,-1,-1,-1
66,31,286.7,277.1,20.3,44.2,1,-1,-1,-1
66,33,265.6,310.0,18.8,34.3,1,-1,-1,-1
66,34,229.4,278.3,24.5,46.6,1,-1,-1,-1
66,36,630.3,363.6,38.5,94.2,1,-1,-1,-1
66,37,723.9,621.2,63.9,133.7,1,-1,-1,-1
66,39,273.9,283.3,21.9,34.1,1,-1,-1,-1
67,1,408.0,639.6,66.7,93.9,1,-1,-1,-1
67,2,103.0,528.4,61.0,91.2,1,-1,-1,-1
67,3,99.8,371.3,57.6,57.8,1,-1,-1,-1
67,4,241.2,566.7,73.4,91.6,1,-1,-1,-1
67,5,685.2,344.5,33.6,82.8,1,-1,-1,-1
67,6,292.3,461.3,57.6,111.0,1,-1,-1,-1
67,7,439.0,472.7,53.6,110.8,1,-1,-1,-1
67,8,483.5,270.2,28.0,52.4,1,-1,-1,-1
67,9,453.0,636.4,104.5,117.2,1,-1,-1,-1
67,10,580.2,341.4,46.0,93.6,1,-1,-1,-1
67,12,62.4,384.4,37.2,77.5,1,-1,-1,-1
67,13,696.5,290.6,33.7,74.7,1,-1,-1,-1
67,14,757.6,346.9,33.1,83.4,1,-1,-1,-1
67,15,504.8,261.9,29.7,54.2,1,-1,-1,-1
67,16,221.3,278.7,31.9,79.9,1,-1,-1,-1
67,17,709.9,267.6,28.7,41.3,1,-1,-1,-1
67,18,231.3,473.3,58.9,116.2,1,-1,-1,-1
67,19,-0.4,381.3,24.5,127.4,1,-1,-1,-1
67,20,612.1,313.1,32.5,80.4,1,-1,-1,-1
67,21,523.8,338.8,39.1,85.6,1,-1,-1,-1
67,22,527.0,371.1,42.0,93.9,1,-1,-1,-1
67,23,323.6,233.6,21.0,42.9,1,-1,-1,-1
67,24,591.4,199.4,26.0,59.4,1,-1,-1,-1
67,25,234.7,200.6,26.3,59.6,1,-1,-1,-1
67,26,758.7,161.9,22.5,47.2,1,-1,-1,-1
67,27,12.0,309.1,28.2,58.9,1,-1,-1,-1
67,28,344.8,182.0,23.2,52.3,1,-1,-1,-1
67,29,406.7,189.5,24.2,37.5,1,-1,-1,-1
67,30,257.9,273.9,23.2,39.9,1,-1,-1,-1
67,31,285.2,277.1,19.6,44.0,1,-1,-1,-1
67,33,264.9,310.7,19.3,35.5,1,-1,-1,-1
67,34,228.1,278.0,25.0,46.8,1,-1,-1,-1
67,36,625.4,362.9,39.5,93.6,1,-1,-1,-1
67,37,715.7,619.4,65.6,136.0,1,-1,-1,-1
67,39,273.8,283.8,21.5,34.6,1,-1,-1,-1
67,40,207.8,276.2,26.1,51.6,1,-1,-1,-1
68,1,404.9,638.4,67.4,93.7,1,-1,-1,-1
68,2,99.7,528.4,61.4,90.7,1,-1,-1,-1
68,3,98.8,370.5,58.2,58.5,1,-1,-1,-1
68,4,239.1,565.8,74.5,92.1,1,-1,-1,-1
68,5,683.0,345.4,34.7,82.0,1,-1,-1,-1
68,6,289.3,459.9,58.6,112.5,1,-1,-1,-1
68,7,435.3,472.5,55.4,110.1,1,-1,-1,-1
68,8,479.3,268.4,29.4,56.1,1,-1,-1,-1
68,9,451.8,636.7,103.9,116.7,1,-1,-1,-1
68,10,580.0,343.1,44.4,91.1,1,-1,-1,-1
68,12,60.1,384.2,37.4,77.1,1,-1,-1,-1
68,13,693.7,292.6,33.6,73.6,1,-1,-1,-1
68,14,754.4,347.0,32.3,82.5,1,-1,-1,-1
68,15,504.4,262.1,30.8,54.3,1,-1,-1,-1
68,16,221.5,279.2,30.6,79.4,1,-1,-1,-1
68,17,707.4,268.8,29.2,40.3,1,-1,-1,-1
68,18,229.7,472.6,58.4,117.6,1,-1,-1,-1
68,19,0.3,380.3,22.7,126.9,1,-1,-1,-1
68,20,610.1,312.0,32.0,80.1,1,-1,-1,-1
68,21,523.9,337.8,40.1,87.4,1,-1,-1,-1
68,22,528.3,363.8,39.4,94.5,1,-1,-1,-1
68,23,319.9,235.6,19.8,41.7,1,-1,-1,-1
68,24,590.4,199.9,25.4,59.6,1,-1,-1,-1
68,25,234.0,199.9,25.8,59.7,1,-1,-1,-1
68,26,757.0,161.2,23.1,47.0,1,-1,-1,-1
68,27,11.9,309.0,28.6,59.3,1,-1,-1,-1
68,28,344.3,183.1,23.7,52.5,1,-1,-1,-1
68,29,407.2,189.6,23.0,36.9,1,-1,-1,-1
68,30,256.4,273.7,23.3,40.1,1,-1,-1,-1
68,31,284.1,276.9,19.6,44.3,1,-1,-1,-1
68,33,264.2,310.5,19.7,36.0,1,-1,-1,-1
68,34,227.4,278.3,24.7,45.8,1,-1,-1,-1
68,36,623.3,362.4,39.2,95.1,1,-1,-1,-1
68,37,708.3,617.8,66.7,136.9,1,-1,-1,-1
68,39,274.0,283.5,21.2,35.4,1,-1,-1,-1
68,40,206.8,275.9,26.5,49.9,1,-1,-1,-1
69,1,403.1,637.6,68.5,93.4,1,-1,-1,-1
69,2,97.1,527.8,62.3,90.2,1,-1,-1,-1
69,3,95.8,370.1,60.1,58.9,1,-1,-1,-1
69,4,237.6,564.8,74.2,91.8,1,-1,-1,-1
69,5,681.2,345.4,36.1,82.0,1,-1,-1,-1
69,6,286.8,458.5,59.1,112.9,1,-1,-1,-1
69,7,432.1,471.7,57.0,110.6,1,-1,-1,-1
69,8,478.3,267.1,30.3,56.1,1,-1,-1,-1
69,9,450.3,636.5,102.2,116.5,1,-1,-1,-1
69,10,577.8,344.4,40.4,89.0,1,-1,-1,-1
69,12,58.0,383.9,37.5,77.2,1,-1,-1,-1
69,13,691.1,294.1,33.0,70.6,1,-1,-1,-1
69,14,752.8,346.5,32.5,82.9,1,-1,-1,-1
69,15,503.3,262.0,31.4,54.1,1,-1,-1,-1
69,16,220.7,279.6,29.5,79.1,1,-1,-1,-1
69,17,705.3,268.7,30.1,40.6,1,-1,-1,-1
69,18,228.2,471.4,59.4,118.1,1,-1,-1,-1
69,19,0.5,380.3,21.6,125.3,1,-1,-1,-1
69,20,608.1,312.2,31.9,79.1,1,-1,-1,-1
69,21,524.8,336.0,38.9,88.6,1,-1,-1,-1
69,22,529.5,361.0,39.9,94.1,1,-1,-1,-1
69,23,315.7,235.7,22.5,41.5,1,-1,-1,-1
69,24,590.0,199.7,25.6,59.5,1,-1,-1,-1
69,25,234.0,199.5,25.6,59.9,1,-1,-1,-1
69,26,756.1,161.3,23.2,47.4,1,-1,-1,-1
69,27,12.4,309.6,31.0,59.8,1,-1,-1,-1
69,28,344.2,182.9,23.8,53.8,1,-1,-1,-1
69,29,403.6,187.6,23.6,37.5,1,-1,-1,-1
69,30,256.3,273.3,23.6,39.7,1,-1,-1,-1
69,31,283.7,276.9,19.5,44.9,1,-1,-1,-1
69,33,264.5,310.6,19.1,36.1,1,-1,-1,-1
69,34,227.3,278.6,23.7,43.5,1,-1,-1,-1
69,36,621.3,361.8,39.2,91.9,1,-1,-1,-1
69,37,698.3,615.7,67.0,138.4,1,-1,-1,-1
69,39,273.8,283.4,21.2,36.3,1,-1,-1,-1
69,40,204.0,276.4,26.2,51.3,1,-1,-1,-1
70,1,400.4,637.0,68.0,91.6,1,-1,-1,-1
70,2,95.7,527.1,63.4,90.1,1,-1,-1,-1
70,3,95.4,369.7,60.1,59.2,1,-1,-1,-1
70,4,235.8,564.5,74.0,91.5,1,-1,-1,-1
70,5,680.6,345.4,36.1,81.9,1,-1,-1,-1
70,6,285.8,458.0,59.0,111.8,1,-1,-1,-1
70,7,431.1,471.3,56.0,111.2,1,-1,-1,-1
70,8,478.3,266.6,30.9,56.1,1,-1,-1,-1
70,9,447.5,634.7,100.5,118.0,1,-1,-1,-1
70,10,577.3,345.0,40.1,87.7,1,-1,-1,-1
70,12,57.0,383.2,38.0,77.5,1,-1,-1,-1
70,13,686.3,295.3,33.9,72.7,1,-1,-1,-1
70,14,750.8,345.2,33.9,83.2,1,-1,-1,-1
70,15,503.1,261.9,31.4,53.8,1,-1,-1,-1
70,16,220.5,280.0,29.0,78.2,1,-1,-1,-1
70,17,706.6,268.8,29.1,40.0,1,-1,-1,-1
70,18,227.2,470.4,59.7,116.6,1,-1,-1,-1
70,19,0.5,380.3,21.2,124.9,1,-1,-1,-1
70,20,606.2,311.6,31.8,80.7,1,-1,-1,-1
70,21,525.8,335.5,36.0,88.3,1,-1,-1,-1
70,22,531.0,361.4,38.8,91.5,1,-1,-1,-1
70,23,312.1,236.3,23.7,41.5,1,-1,-1,-1
70,24,590.1,199.4,25.8,59.5,1,-1,-1,-1
70,25,234.2,199.2,25.3,60.0,1,-1,-1,-1
70,26,756.1,162.0,23.1,47.0,1,-1,-1,-1
70,27,14.0,310.0,31.2,59.6,1,-1,-1,-1
70,28,345.4,182.0,24.1,54.3,1,-1,-1,-1
70,29,402.7,186.9,24.0,38.0,1,-1,-1,-1
70,30,256.7,273.3,23.5,39.9,1,-1,-1,-1
70,31,283.9,276.5,19.5,45.4,1,-1,-1,-1
70,33,265.0,310.9,18.8,37.3,1,-1,-1,-1
70,34,226.7,278.7,23.4,42.2,1,-1,-1,-1
70,36,618.8,360.7,38.3,90.3,1,-1,-1,-1
70,37,692.3,612.9,63.9,140.9,1,-1,-1,-1
70,39,272.6,283.4,21.2,35.8,1,-1,-1,-1
70,40,203.4,277.0,25.9,52.4,1,-1,-1,-1
70,41,723.4,697.6,50.5,58.4,1,-1,-1,-1
71,1,398.9,635.3,67.5,92.1,1,-1,-1,-1
71,2,95.8,526.7,63.8,89.4,1,-1,-1,-1
71,3,97.6,368.8,58.9,58.9,1,-1,-1,-1
71,4,235.2,564.3,73.4,91.2,1,-1,-1,-1
71,5,680.7,345.9,36.3,82.0,1,-1,-1,-1
71,6,285.7,457.7,58.5,111.4,1,-1,-1,-1
71,7,431.2,469.9,53.9,110.5,1,-1,-1,-1
71,8,478.7,266.1,31.2,56.4,1,-1,-1,-1
71,9,447.1,633.8,98.0,119.0,1,-1,-1,-1
71,10,577.0,348.0,39.6,84.4,1,-1,-1,-1
71,12,57.2,382.1,38.0,77.9,1,-1,-1,-1
71,13,684.5,295.1,33.3,72.3,1,-1,-1,-1
71,14,749.5,344.7,34.9,83.2,1,-1,-1,-1
71,15,503.5,261.8,31.5,53.2,1,-1,-1,-1
71,16,221.4,281.4,28.8,76.1,1,-1,-1,-1
71,17,707.4,267.9,28.5,39.7,1,-1,-1,-1
71,18,226.3,469.4,60.0,114.6,1,-1,-1,-1
71,19,0.5,379.6,22.0,125.0,1,-1,-1,-1
71,20,605.1,310.7,31.8,80.0,1,-1,-1,-1
71,21,526.5,334.8,34.2,87.7,1,-1,-1,-1
71,22,533.5,358.7,39.1,90.9,1,-1,-1,-1
71,23,310.2,237.6,23.1,40.5,1,-1,-1,-1
71,24,590.3,198.8,26.0,59.4,1,-1,-1,-1
71,25,234.1,198.7,27.4,60.3,1,-1,-1,-1
71,26,755.7,162.3,23.1,46.8,1,-1,-1,-1
71,27,16.8,310.2,29.9,59.2,1,-1,-1,-1
71,28,348.6,183.3,24.4,54.2,1,-1,-1,-1
71,29,406.8,188.5,23.3,37.7,1,-1,-1,-1
71,30,257.0,272.4,23.6,41.5,1,-1,-1,-1
71,31,284.7,276.1,19.4,44.8,1,-1,-1,-1
71,33,266.0,311.3,19.9,38.8,1,-1,-1,-1
71,34,226.8,278.5,23.0,40.9,1,-1,-1,-1
71,36,617.4,360.0,37.9,89.9,1,-1,-1,-1
71,37,681.9,610.8,64.1,143.5,1,-1,-1,-1
71,39,271.9,281.7,22.1,36.3,1,-1,-1,-1
71,40,203.6,278.0,25.1,51.8,1,-1,-1,-1
71,41,720.9,693.6,56.0,62.3,1,-1,-1,-1
72,1,398.3,632.2,67.6,94.6,1,-1,-1,-1
72,2,95.5,526.4,63.4,88.9,1,-1,-1,-1
72,3,97.5,367.8,59.2,58.5,1,-1,-1,-1
72,4,234.8,563.8,74.0,91.1,1,-1,-1,-1
72,5,681.1,346.8,36.3,82.0,1,-1,-1,-1
72,6,285.6,456.9,57.4,110.5,1,-1,-1,-1
72,7,431.4,468.8,51.6,110.8,1,-1,-1,-1
72,8,479.2,266.0,31.2,56.3,1,-1,-1,-1
72,9,446.6,632.6,96.4,117.9,1,-1,-1,-1
72,10,575.5,350.8,42.0,82.5,1,-1,-1,-1
72,12,57.9,380.8,38.1,79.2,1,-1,-1,-1
72,13,682.2,294.4,32.8,72.1,1,-1,-1,-1
72,14,747.2,345.1,32.9,80.1,1,-1,-1,-1
72,15,504.2,262.0,32.0,52.6,1,-1,-1,-1
72,16,221.8,280.9,29.4,75.7,1,-1,-1,-1
72,17,708.0,267.8,28.0,39.6,1,-1,-1,-1
72,18,226.1,468.6,59.0,113.3,1,-1,-1,-1
72,19,0.3,379.2,23.1,126.0,1,-1,-1,-1
72,20,603.8,310.4,32.2,80.0,1,-1,-1,-1
72,21,527.1,333.7,32.9,85.4,1,-1,-1,-1
72,22,534.7,355.6,39.3,90.8,1,-1,-1,-1
72,23,308.1,238.4,20.9,39.4,1,-1,-1,-1
72,24,591.6,198.2,25.8,59.5,1,-1,-1,-1
72,25,235.7,198.4,27.5,60.8,1,-1,-1,-1
72,26,754.9,160.0,23.3,47.2,1,-1,-1,-1
72,27,19.7,311.2,27.6,57.6,1,-1,-1,-1
72,28,350.0,179.6,24.9,57.8,1,-1,-1,-1
72,29,406.6,189.2,23.9,37.5,1,-1,-1,-1
72,30,257.6,271.5,23.1,43.1,1,-1,-1,-1
72,31,285.2,275.7,19.4,43.9,1,-1,-1,-1
72,33,268.6,313.4,21.0,37.3,1,-1,-1,-1
72,36,616.7,358.2,37.7,91.0,1,-1,-1,-1
72,37,671.7,608.7,69.4,144.8,1,-1,-1,-1
72,39,272.9,281.9,22.1,35.6,1,-1,-1,-1
72,40,203.7,277.0,24.5,52.0,1,-1,-1,-1
72,41,719.3,687.4,61.2,65.8,1,-1,-1,-1
72,42,184.3,210.0,19.9,54.4,1,-1,-1,-1
73,1,397.7,630.9,67.6,96.7,1,-1,-1,-1
73,2,95.7,525.5,62.7,88.6,1,-1,-1,-1
73,3,98.9,367.4,58.0,58.5,1,-1,-1,-1
73,4,234.1,563.2,74.0,91.5,1,-1,-1,-1
73,5,681.7,349.0,36.1,83.9,1,-1,-1,-1
73,6,285.7,456.6,56.1,109.8,1,-1,-1,-1
73,7,430.8,468.5,49.9,111.6,1,-1,-1,-1
73,8,479.7,265.8,30.9,58.5,1,-1,-1,-1
73,9,445.5,632.1,96.6,116.2,1,-1,-1,-1
73,10,575.2,353.8,44.6,80.4,1,-1,-1,-1
73,12,59.1,379.6,37.3,79.8,1,-1,-1,-1
73,13,680.6,293.3,33.2,74.6,1,-1,-1,-1
73,14,747.1,344.5,32.9,80.9,1,-1,-1,-1
73,15,504.4,262.0,32.5,52.3,1,-1,-1,-1
73,16,222.2,279.9,30.4,76.1,1,-1,-1,-1
73,17,708.4,266.3,29.9,41.3,1,-1,-1,-1
73,18,225.7,468.3,59.8,113.1,1,-1,-1,-1
73,19,0.1,378.8,24.0,126.3,1,-1,-1,-1
73,20,603.2,310.9,33.0,81.8,1,-1,-1,-1
73,21,527.5,332.6,33.4,87.0,1,-1,-1,-1
73,22,536.2,353.2,39.3,89.2,1,-1,-1,-1
73,23,305.5,237.4,21.0,39.0,1,-1,-1,-1
73,24,592.9,198.5,26.1,59.7,1,-1,-1,-1
73,25,236.9,198.2,27.9,61.2,1,-1,-1,-1
73,26,755.4,158.3,23.0,47.2,1,-1,-1,-1
73,27,21.9,311.3,27.0,57.3,1,-1,-1,-1
73,28,351.7,177.9,24.6,58.7,1,-1,-1,-1
73,29,407.4,188.0,23.4,38.7,1,-1,-1,-1
73,30,259.7,270.0,23.3,42.5,1,-1,-1,-1
73,31,285.0,275.5,20.0,44.2,1,-1,-1,-1
73,33,271.2,314.4,20.8,36.9,1,-1,-1,-1
73,36,616.1,355.0,37.6,92.2,1,-1,-1,-1
73,37,669.5,607.1,65.8,140.5,1,-1,-1,-1
73,39,273.2,281.5,22.2,35.3,1,-1,-1,-1
73,40,203.9,276.0,23.5,50.2,1,-1,-1,-1
73,42,184.7,208.6,19.7,56.9,1,-1,-1,-1
73,43,634.7,682.9,76.2,73.1,1,-1,-1,-1
74,1,395.9,630.1,67.4,97.3,1,-1,-1,-1
74,2,95.7,524.4,62.0,88.8,1,-1,-1,-1
74,3,99.1,366.8,58.2,58.2,1,-1,-1,-1
74,4,232.7,563.1,74.0,90.6,1,-1,-1,-1
74,5,681.8,352.0,35.9,83.8,1,-1,-1,-1
74,6,285.6,456.2,55.5,110.0,1,-1,-1,-1
74,7,429.1,468.8,47.4,113.1,1,-1,-1,-1
74,8,481.6,266.4,29.8,56.3,1,-1,-1,-1
74,9,444.3,631.4,97.0,113.6,1,-1,-1,-1
74,10,576.8,356.3,44.7,78.1,1,-1,-1,-1
74,12,60.1,378.7,37.7,79.8,1,-1,-1,-1
74,13,679.9,293.5,32.8,75.9,1,-1,-1,-1
74,14,746.2,344.6,32.0,80.1,1,-1,-1,-1
74,15,504.7,262.2,31.1,52.7,1,-1,-1,-1
74,16,222.6,280.4,30.4,75.7,1,-1,-1,-1
74,17,708.3,265.8,30.8,42.2,1,-1,-1,-1
74,18,225.7,466.3,60.1,113.8,1,-1,-1,-1
74,19,0.0,377.9,25.0,126.2,1,-1,-1,-1
74,20,602.5,311.6,33.7,84.1,1,-1,-1,-1
74,21,525.6,333.9,33.6,86.0,1,-1,-1,-1
74,22,538.2,352.8,38.5,87.1,1,-1,-1,-1
74,23,301.5,235.6,21.3,40.3,1,-1,-1,-1
74,24,594.1,198.8,25.9,59.1,1,-1,-1,-1
74,25,239.9,198.8,26.5,59.9,1,-1,-1,-1
74,26,755.2,158.6,23.9,47.5,1,-1,-1,-1
74,27,24.1,310.5,27.8,57.8,1,-1,-1,-1
74,28,352.6,177.0,24.4,57.3,1,-1,-1,-1
74,29,408.2,187.0,23.8,38.7,1,-1,-1,-1
74,30,261.6,270.1,22.5,41.5,1,-1,-1,-1
74,31,285.8,275.3,19.8,44.1,1,-1,-1,-1
74,33,273.1,314.5,19.9,37.0,1,-1,-1,-1
74,36,615.6,353.2,38.1,93.3,1,-1,-1,-1
74,37,665.9,605.4,57.8,132.0,1,-1,-1,-1
74,39,272.5,280.7,22.4,34.8,1,-1,-1,-1
74,40,204.0,275.3,23.9,50.6,1,-1,-1,-1
74,41,713.4,694.6,48.4,61.4,1,-1,-1,-1
74,43,633.5,682.5,75.8,73.5,1,-1,-1,-1
75,1,395.3,629.4,66.4,97.7,1,-1,-1,-1
75,2,95.7,523.2,61.3,89.2,1,-1,-1,-1
75,3,100.3,366.3,57.2,57.6,1,-1,-1,-1
75,4,232.8,562.6,72.5,88.3,1,-1,-1,-1
75,5,681.5,354.6,36.5,83.5,1,-1,-1,-1
75,6,285.5,455.1,55.0,111.0,1,-1,-1,-1
75,7,427.5,466.6,46.1,112.4,1,-1,-1,-1
75,8,481.5,266.0,29.9,57.1,1,-1,-1,-1
75,9,442.1,631.0,98.5,111.3,1,-1,-1,-1
75,10,579.6,356.7,44.5,73.6,1,-1,-1,-1
75,12,60.4,377.9,38.2,79.6,1,-1,-1,-1
75,13,677.8,293.6,31.7,77.2,1,-1,-1,-1
75,14,744.5,344.4,31.4,80.9,1,-1,-1,-1
75,15,505.2,262.2,30.5,52.6,1,-1,-1,-1
75,16,222.5,281.5,29.7,74.1,1,-1,-1,-1
75,17,708.2,266.3,29.6,41.4,1,-1,-1,-1
75,18,223.9,465.0,61.5,113.1,1,-1,-1,-1
75,19,-0.1,377.4,25.4,128.1,1,-1,-1,-1
75,20,601.9,311.2,34.6,86.0,1,-1,-1,-1
75,21,524.4,334.3,34.3,87.8,1,-1,-1,-1
75,22,541.5,350.4,40.3,87.6,1,-1,-1,-1
75,23,297.8,235.1,20.4,40.6,1,-1,-1,-1
75,24,595.0,199.1,25.5,59.8,1,-1,-1,-1
75,25,240.9,199.2,25.7,59.2,1,-1,-1,-1
75,26,755.3,157.6,24.3,48.5,1,-1,-1,-1
75,27,25.6,309.9,28.3,58.7,1,-1,-1,-1
75,28,354.0,176.6,24.1,56.6,1,-1,-1,-1
75,29,408.0,186.8,24.5,38.7,1,-1,-1,-1
75,30,262.3,270.1,21.9,41.6,1,-1,-1,-1
75,31,286.7,275.1,19.4,43.8,1,-1,-1,-1
75,33,274.6,316.2,19.7,35.6,1,-1,-1,-1
75,36,613.8,351.9,39.1,95.1,1,-1,-1,-1
75,37,655.7,601.4,56.8,128.7,1,-1,-1,-1
75,39,272.7,280.3,22.7,35.9,1,-1,-1,-1
75,40,203.2,275.3,24.5,51.6,1,-1,-1,-1
75,41,711.3,694.1,49.8,61.9,1,-1,-1,-1
75,43,631.5,682.5,76.0,73.6,1,-1,-1,-1
76,1,394.7,627.3,66.5,99.5,1,-1,-1,-1
76,2,95.0,521.6,61.2,90.0,1,-1,-1,-1
76,3,99.4,365.9,57.6,56.8,1,-1,-1,-1
76,4,231.6,562.3,72.3,87.4,1,-1,-1,-1
76,5,680.6,355.2,37.2,84.1,1,-1,-1,-1
76,6,285.3,454.4,55.5,110.8,1,-1,-1,-1
76,7,424.5,464.5,47.4,112.2,1,-1,-1,-1
76,8,481.6,265.3,30.2,57.8,1,-1,-1,-1
76,9,438.3,631.1,100.7,109.0,1,-1,-1,-1
76,10,582.9,354.8,46.4,75.5,1,-1,-1,-1
76,12,59.8,377.5,38.9,79.6,1,-1,-1,-1
76,13,675.7,293.7,31.0,74.2,1,-1,-1,-1
76,14,741.9,344.3,32.1,82.3,1,-1,-1,-1
76,15,505.5,262.1,30.2,52.4,1,-1,-1,-1
76,16,222.3,278.4,29.3,75.9,1,-1,-1,-1
76,17,707.8,265.5,30.2,41.4,1,-1,-1,-1
76,18,222.3,464.6,61.9,113.2,1,-1,-1,-1
76,19,-0.3,376.1,24.7,129.1,1,-1,-1,-1
76,20,601.7,309.5,34.5,82.6,1,-1,-1,-1
76,21,522.7,332.3,35.0,90.2,1,-1,-1,-1
76,22,543.3,348.6,40.1,86.9,1,-1,-1,-1
76,23,294.1,236.0,21.4,40.9,1,-1,-1,-1
76,24,595.5,197.5,25.9,60.3,1,-1,-1,-1
76,25,241.6,198.8,25.0,59.0,1,-1,-1,-1
76,26,755.2,156.1,24.6,49.9,1,-1,-1,-1
76,27,26.2,310.1,28.6,60.3,1,-1,-1,-1
76,28,355.5,177.2,23.9,55.9,1,-1,-1,-1
76,29,408.2,186.6,25.4,39.3,1,-1,-1,-1
76,30,262.8,269.6,21.4,41.3,1,-1,-1,-1
76,31,286.7,275.1,19.1,43.3,1,-1,-1,-1
76,33,275.6,317.6,19.3,35.8,1,-1,-1,-1
76,36,610.1,352.8,41.1,94.8,1,-1,-1,-1
76,37,646.4,598.2,57.4,126.8,1,-1,-1,-1
76,39,272.7,280.0,22.8,36.5,1,-1,-1,-1
76,40,202.4,275.2,25.4,51.9,1,-1,-1,-1
76,41,707.6,693.1,51.7,62.8,1,-1,-1,-1
76,43,630.8,683.6,72.1,72.6,1,-1,-1,-1
77,1,393.5,626.0,65.8,100.2,1,-1,-1,-1
77,2,93.8,520.1,61.5,89.9,1,-1,-1,-1
77,3,100.6,365.4,56.4,56.5,1,-1,-1,-1
77,4,229.5,561.3,73.5,87.9,1,-1,-1,-1
77,5,679.9,356.1,37.7,83.8,1,-1,-1,-1
77,6,283.2,454.0,56.5,109.7,1,-1,-1,-1
77,7,422.1,462.9,48.2,112.2,1,-1,-1,-1
77,8,481.5,265.0,30.5,58.3,1,-1,-1,-1
77,9,434.3,632.6,103.8,108.3,1,-1,-1,-1
77,10,582.6,357.5,46.7,74.8,1,-1,-1,-1
77,12,59.0,377.1,39.6,79.0,1,-1,-1,-1
77,13,674.4,294.9,30.6,72.4,1,-1,-1,-1
77,14,740.2,344.6,32.3,83.9,1,-1,-1,-1
77,15,505.2,261.8,30.1,52.1,1,-1,-1,-1
77,16,223.2,276.8,29.0,77.2,1,-1,-1,-1
77,17,707.6,265.3,30.9,41.3,1,-1,-1,-1
77,18,221.5,464.0,61.8,114.0,1,-1,-1,-1
77,19,-0.3,376.0,23.2,125.6,1,-1,-1,-1
77,20,602.2,308.3,34.5,80.8,1,-1,-1,-1
77,21,520.2,330.4,34.9,91.4,1,-1,-1,-1
77,22,544.0,346.5,39.4,88.2,1,-1,-1,-1
77,23,290.5,234.9,21.7,42.0,1,-1,-1,-1
77,24,595.8,196.6,26.3,60.9,1,-1,-1,-1
77,25,241.8,198.2,24.9,58.9,1,-1,-1,-1
77,26,755.4,156.3,24.5,49.6,1,-1,-1,-1
77,27,27.1,310.7,28.2,60.7,1,-1,-1,-1
77,28,356.6,178.4,23.4,55.3,1,-1,-1,-1
77,29,408.4,186.5,26.1,40.1,1,-1,-1,-1
77,30,263.1,268.8,21.2,41.6,1,-1,-1,-1
77,31,285.9,275.4,19.4,43.0,1,-1,-1,-1
77,33,276.7,318.9,19.1,37.3,1,-1,-1,-1
77,36,606.0,354.2,43.5,92.2,1,-1,-1,-1
77,37,634.2,594.2,61.1,128.3,1,-1,-1,-1
77,39,273.3,279.0,22.6,37.2,1,-1,-1,-1
77,40,202.4,274.9,24.8,51.5,1,-1,-1,-1
77,41,703.1,692.1,51.8,63.8,1,-1,-1,-1
77,43,628.9,682.6,69.9,73.3,1,-1,-1,-1
78,1,391.8,625.2,66.0,100.5,1,-1,-1,-1
78,2,92.6,519.8,61.6,89.7,1,-1,-1,-1
78,3,100.8,365.0,55.7,56.0,1,-1,-1,-1
78,4,228.3,558.5,74.9,89.2,1,-1,-1,-1
78,5,679.6,357.2,37.8,82.5,1,-1,-1,-1
78,6,281.0,453.6,56.9,109.6,1,-1,-1,-1
78,7,419.7,461.8,47.3,112.4,1,-1,-1,-1
78,8,481.4,264.5,30.1,56.4,1,-1,-1,-1
78,9,431.5,632.5,105.9,108.1,1,-1,-1,-1
78,10,581.8,360.9,47.5,74.0,1,-1,-1,-1
78,12,58.7,377.2,39.5,76.6,1,-1,-1,-1
78,13,672.9,295.8,30.8,71.6,1,-1,-1,-1
78,14,738.9,345.0,32.7,83.6,1,-1,-1,-1
78,15,504.6,261.7,30.2,51.7,1,-1,-1,-1
78,16,223.5,277.0,29.3,77.1,1,-1,-1,-1
78,17,707.1,266.7,30.0,40.1,1,-1,-1,-1
78,18,221.0,463.0,60.0,115.5,1,-1,-1,-1
78,19,0.1,375.3,23.7,122.8,1,-1,-1,-1
78,20,602.7,306.5,34.0,77.5,1,-1,-1,-1
78,21,517.9,330.0,34.0,91.6,1,-1,-1,-1
78,22,545.5,345.7,37.9,88.7,1,-1,-1,-1
78,23,286.8,234.1,23.8,43.7,1,-1,-1,-1
78,24,595.1,196.8,26.2,62.1,1,-1,-1,-1
78,25,242.3,197.5,25.6,59.1,1,-1,-1,-1
78,26,755.5,157.4,24.3,48.7,1,-1,-1,-1
78,27,28.3,311.8,27.7,60.1,1,-1,-1,-1
78,28,357.1,178.4,23.4,55.6,1,-1,-1,-1
78,29,408.3,186.2,27.1,40.4,1,-1,-1,-1
78,30,263.1,268.5,21.3,41.8,1,-1,-1,-1
78,31,286.7,274.6,18.8,42.7,1,-1,-1,-1
78,33,277.3,319.5,19.6,38.0,1,-1,-1,-1
78,36,601.5,355.5,43.9,89.5,1,-1,-1,-1
78,37,626.4,589.4,64.1,127.1,1,-1,-1,-1
78,39,273.0,279.2,22.2,36.8,1,-1,-1,-1
78,40,202.1,274.2,24.5,52.5,1,-1,-1,-1
78,41,701.0,691.2,50.5,64.8,1,-1,-1,-1
78,43,627.3,683.0,67.4,73.0,1,-1,-1,-1
78,44,581.8,359.5,28.5,78.7,1,-1,-1,-1
79,1,389.6,624.3,66.4,100.1,1,-1,-1,-1
79,2,91.8,519.3,61.8,89.8,1,-1,-1,-1
79,3,100.2,363.5,56.2,56.8,1,-1,-1,-1
79,4,227.0,556.4,75.6,90.5,1,-1,-1,-1
79,5,679.7,357.9,37.8,81.5,1,-1,-1,-1
79,6,280.1,452.8,57.3,110.1,1,-1,-1,-1
79,7,418.5,462.0,45.5,112.9,1,-1,-1,-1
79,8,481.4,264.8,29.5,54.9,1,-1,-1,-1
79,9,429.7,632.7,104.1,107.2,1,-1,-1,-1
79,12,58.3,377.1,38.9,75.0,1,-1,-1,-1
79,13,671.1,296.6,31.1,71.5,1,-1,-1,-1
79,14,737.6,346.6,33.3,81.9,1,-1,-1,-1
79,15,504.3,261.5,30.4,51.5,1,-1,-1,-1
79,16,223.6,277.4,28.8,76.3,1,-1,-1,-1
79,17,706.9,265.9,30.9,40.4,1,-1,-1,-1
79,18,220.5,462.2,59.2,115.9,1,-1,-1,-1
79,19,0.2,375.7,24.3,120.2,1,-1,-1,-1
79,20,603.0,305.7,34.1,75.6,1,-1,-1,-1
79,21,516.8,329.9,33.0,91.2,1,-1,-1,-1
79,22,546.4,345.3,36.7,88.2,1,-1,-1,-1
79,23,283.4,234.9,23.6,42.5,1,-1,-1,-1
79,24,595.0,196.1,26.2,63.2,1,-1,-1,-1
79,25,242.6,197.0,25.8,59.0,1,-1,-1,-1
79,26,756.0,158.0,23.5,47.5,1,-1,-1,-1
79,27,29.3,312.6,27.4,59.6,1,-1,-1,-1
79,28,356.9,178.5,24.0,55.1,1,-1,-1,-1
79,29,408.6,185.6,27.4,40.7,1,-1,-1,-1
79,30,263.1,268.5,21.5,41.9,1,-1,-1,-1
79,31,287.3,274.4,18.2,42.4,1,-1,-1,-1
79,33,277.8,319.3,20.4,38.6,1,-1,-1,-1
79,36,598.8,356.6,44.7,86.7,1,-1,-1,-1
79,37,623.9,586.4,62.2,127.9,1,-1,-1,-1
79,39,273.6,278.8,21.7,36.4,1,-1,-1,-1
79,40,203.3,273.7,24.5,52.9,1,-1,-1,-1
79,41,698.1,690.1,51.9,65.8,1,-1,-1,-1
79,43,628.1,683.0,62.5,73.0,1,-1,-1,-1
79,44,589.9,356.2,27.0,89.4,1,-1,-1,-1
80,1,387.1,622.8,66.6,101.0,1,-1,-1,-1
80,2,91.2,518.2,61.8,90.1,1,-1,-1,-1
80,3,99.5,362.8,56.4,57.3,1,-1,-1,-1
80,4,225.8,555.4,74.8,90.5,1,-1,-1,-1
80,5,679.9,359.0,38.2,81.5,1,-1,-1,-1
80,6,279.5,452.5,57.3,111.4,1,-1,-1,-1
80,7,417.1,460.4,45.1,113.4,1,-1,-1,-1
80,8,481.2,264.9,29.4,54.4,1,-1,-1,-1
80,9,428.4,631.6,103.0,107.9,1,-1,-1,-1
80,12,57.9,377.1,38.7,74.5,1,-1,-1,-1
80,13,669.4,298.1,31.3,72.1,1,-1,-1,-1
80,14,736.6,349.0,34.4,81.5,1,-1,-1,-1
80,15,503.8,260.5,30.4,51.9,1,-1,-1,-1
80,16,223.7,278.0,28.6,75.0,1,-1,-1,-1
80,17,706.7,265.4,31.4,40.8,1,-1,-1,-1
80,18,219.6,461.2,58.3,116.1,1,-1,-1,-1
80,19,0.1,375.6,24.6,117.8,1,-1,-1,-1
80,20,603.4,305.7,33.3,75.6,1,-1,-1,-1
80,21,515.5,328.9,32.4,92.0,1,-1,-1,-1
80,22,547.3,344.9,35.9,85.4,1,-1,-1,-1
80,23,278.6,235.0,22.6,43.6,1,-1,-1,-1
80,24,595.1,195.6,26.6,63.8,1,-1,-1,-1
80,25,242.8,196.6,25.8,59.4,1,-1,-1,-1
80,26,756.8,158.4,23.3,46.8,1,-1,-1,-1
80,27,30.7,312.9,26.8,58.7,1,-1,-1,-1
80,28,357.3,178.0,24.3,53.9,1,-1,-1,-1
80,29,409.9,185.8,27.3,40.9,1,-1,-1,-1
80,30,262.8,268.2,22.3,43.7,1,-1,-1,-1
80,31,287.0,273.7,18.1,42.4,1,-1,-1,-1
80,33,279.2,319.2,21.0,40.3,1,-1,-1,-1
80,36,597.4,357.2,44.5,85.6,1,-1,-1,-1
80,37,614.7,586.5,59.6,125.9,1,-1,-1,-1
80,39,273.7,278.9,21.2,36.4,1,-1,-1,-1
80,40,203.8,273.4,24.6,53.0,1,-1,-1,-1
80,41,694.3,689.8,51.8,66.3,1,-1,-1,-1
80,43,623.5,682.2,64.6,73.7,1,-1,-1,-1
81,1,386.1,621.7,65.5,100.5,1,-1,-1,-1
81,2,90.5,517.4,61.7,90.0,1,-1,-1,-1
81,3,99.3,362.6,56.5,57.1,1,-1,-1,-1
81,4,224.3,554.4,75.1,90.5,1,-1,-1,-1
81,5,680.2,360.3,39.1,85.6,1,-1,-1,-1
81,6,278.6,452.0,56.9,112.0,1,-1,-1,-1
81,7,415.2,458.9,46.3,114.3,1,-1,-1,-1
81,8,480.9,264.6,29.5,54.4,1,-1,-1,-1
81,9,428.7,630.8,103.4,109.0,1,-1,-1,-1
81,12,57.8,376.8,38.7,74.6,1,-1,-1,-1
81,13,666.8,297.9,30.8,74.0,1,-1,-1,-1
81,14,736.2,350.6,34.4,79.9,1,-1,-1,-1
81,15,503.7,260.5,30.1,52.2,1,-1,-1,-1
81,16,224.2,278.1,28.7,74.6,1,-1,-1,-1
81,17,706.6,265.5,31.1,40.9,1,-1,-1,-1
81,18,218.9,461.9,56.1,114.3,1,-1,-1,-1
81,19,-0.1,375.0,23.9,116.6,1,-1,-1,-1
81,20,603.2,304.2,35.3,76.2,1,-1,-1,-1
81,21,514.2,328.5,31.5,92.5,1,-1,-1,-1
81,22,547.4,343.8,34.7,81.5,1,-1,-1,-1
81,23,276.1,234.3,21.7,43.5,1,-1,-1,-1
81,24,595.0,195.2,27.1,64.6,1,-1,-1,-1
81,25,243.3,196.4,25.5,60.5,1,-1,-1,-1
81,26,756.2,158.9,23.4,46.6,1,-1,-1,-1
81,27,32.2,313.2,26.2,57.2,1,-1,-1,-1
81,28,359.4,178.5,24.4,54.7,1,-1,-1,-1
81,29,412.6,186.0,25.8,40.8,1,-1,-1,-1
81,30,262.1,267.9,22.9,44.0,1,-1,-1,-1
81,31,285.9,274.8,19.2,41.6,1,-1,-1,-1
81,33,280.7,320.1,21.1,41.3,1,-1,-1,-1
81,36,596.5,359.9,44.1,82.4,1,-1,-1,-1
81,37,607.2,584.1,58.3,125.3,1,-1,-1,-1
81,39,274.8,278.3,20.8,36.8,1,-1,-1,-1
81,40,204.8,273.2,24.8,53.2,1,-1,-1,-1
81,41,691.3,688.1,51.5,67.8,1,-1,-1,-1
81,43,620.2,681.4,67.5,74.5,1,-1,-1,-1
82,1,383.1,620.1,67.1,99.0,1,-1,-1,-1
82,2,89.6,516.4,61.6,88.6,1,-1,-1,-1
82,3,99.2,362.1,56.7,57.2,1,-1,-1,-1
82,4,223.5,553.8,75.2,90.8,1,-1,-1,-1
82,5,680.0,362.6,39.5,87.3,1,-1,-1,-1
82,6,277.6,451.6,56.1,110.7,1,-1,-1,-1
82,7,412.8,459.3,47.2,115.4,1,-1,-1,-1
82,8,481.8,264.3,29.1,53.9,1,-1,-1,-1
82,9,426.7,630.0,104.0,109.0,1,-1,-1,-1
82,12,58.2,376.0,38.2,74.5,1,-1,-1,-1
82,13,665.1,297.5,31.2,74.7,1,-1,-1,-1
82,14,735.7,350.7,34.7,79.1,1,-1,-1,-1
82,15,503.6,259.6,30.5,53.1,1,-1,-1,-1
82,16,224.1,278.1,28.4,73.7,1,-1,-1,-1
82,17,706.8,265.6,31.1,40.7,1,-1,-1,-1
82,18,219.0,460.1,57.0,115.4,1,-1,-1,-1
82,19,-0.1,374.6,23.6,117.0,1,-1,-1,-1
82,20,604.4,302.3,35.2,75.2,1,-1,-1,-1
82,21,512.8,328.0,32.0,93.8,1,-1,-1,-1
82,22,549.0,342.7,33.2,81.5,1,-1,-1,-1
82,23,274.1,233.8,21.4,43.2,1,-1,-1,-1
82,24,596.0,194.8,27.3,63.9,1,-1,-1,-1
82,25,244.2,196.0,24.7,60.0,1,-1,-1,-1
82,26,756.2,158.3,23.7,46.3,1,-1,-1,-1
82,27,33.4,312.2,27.2,57.8,1,-1,-1,-1
82,28,361.9,179.6,23.7,54.4,1,-1,-1,-1
82,29,415.2,186.2,24.6,40.6,1,-1,-1,-1
82,30,262.2,267.3,23.0,44.4,1,-1,-1,-1
82,31,285.8,273.5,20.8,42.2,1,-1,-1,-1
82,33,281.9,319.6,21.3,41.0,1,-1,-1,-1
82,36,595.2,363.6,43.8,81.6,1,-1,-1,-1
82,37,603.2,578.4,57.7,139.8,1,-1,-1,-1
82,39,276.0,277.2,21.1,37.9,1,-1,-1,-1
82,40,206.1,272.4,24.8,51.9,1,-1,-1,-1
82,41,689.4,686.5,52.0,69.4,1,-1,-1,-1
82,43,617.7,681.2,66.7,74.8,1,-1,-1,-1
83,1,381.2,619.2,68.4,97.3,1,-1,-1,-1
83,2,89.7,515.9,61.4,87.6,1,-1,-1,-1
83,3,99.0,361.6,57.6,57.4,1,-1,-1,-1
83,4,222.7,553.2,75.8,91.6,1,-1,-1,-1
83,5,680.1,365.4,39.2,85.0,1,-1,-1,-1
83,6,276.6,451.1,55.9,110.4,1,-1,-1,-1
83,7,411.7,455.8,48.0,118.5,1,-1,-1,-1
83,8,483.3,264.1,28.2,53.4,1,-1,-1,-1
83,9,425.4,629.3,103.2,109.1,1,-1,-1,-1
83,12,59.2,375.9,37.9,74.0,1,-1,-1,-1
83,13,663.5,297.4,31.7,74.7,1,-1,-1,-1
83,14,734.9,350.5,35.1,77.3,1,-1,-1,-1
83,15,503.7,259.0,31.0,53.5,1,-1,-1,-1
83,16,224.6,277.8,28.3,73.6,1,-1,-1,-1
83,17,707.4,265.3,31.3,40.7,1,-1,-1,-1
83,18,218.9,460.4,56.3,114.7,1,-1,-1,-1
83,19,0.0,374.3,23.6,118.4,1,-1,-1,-1
83,20,606.7,302.0,33.4,74.9,1,-1,-1,-1
83,21,512.0,327.5,32.8,91.6,1,-1,-1,-1
83,22,548.9,341.4,32.7,84.4,1,-1,-1,-1
83,23,269.3,234.4,21.9,41.7,1,-1,-1,-1
83,24,596.5,195.1,27.6,62.6,1,-1,-1,-1
83,25,245.6,196.1,24.3,60.7,1,-1,-1,-1
83,26,756.3,158.6,23.1,47.0,1,-1,-1,-1
83,27,34.9,311.6,29.7,59.3,1,-1,-1,-1
83,28,364.4,179.4,23.4,55.1,1,-1,-1,-1
83,29,416.1,185.5,24.5,41.9,1,-1,-1,-1
83,30,263.1,267.6,23.8,44.3,1,-1,-1,-1
83,31,283.4,274.4,23.5,41.4,1,-1,-1,-1
83,33,284.0,319.2,21.6,41.1,1,-1,-1,-1
83,36,594.1,364.6,44.2,81.7,1,-1,-1,-1
83,37,595.8,571.4,58.2,146.7,1,-1,-1,-1
83,39,278.0,276.2,21.0,38.4,1,-1,-1,-1
83,40,205.5,270.4,27.3,52.3,1,-1,-1,-1
83,41,687.0,684.6,52.7,71.3,1,-1,-1,-1
83,43,616.3,679.9,64.8,76.0,1,-1,-1,-1
84,1,380.3,618.9,67.7,96.8,1,-1,-1,-1
84,2,89.8,515.3,61.0,87.2,1,-1,-1,-1
84,3,100.3,361.9,57.7,56.9,1,-1,-1,-1
84,4,222.1,553.3,74.5,91.2,1,-1,-1,-1
84,5,681.7,366.2,39.8,87.6,1,-1,-1,-1
84,6,276.2,450.3,55.9,109.9,1,-1,-1,-1
84,7,410.2,452.9,45.9,120.4,1,-1,-1,-1
84,8,485.5,263.1,27.2,55.0,1,-1,-1,-1
84,9,424.5,629.1,100.6,108.8,1,-1,-1,-1
84,12,60.3,375.8,37.6,73.4,1,-1,-1,-1
84,13,662.6,297.7,32.2,75.9,1,-1,-1,-1
84,14,734.5,350.7,35.4,79.4,1,-1,-1,-1
84,15,505.0,259.1,30.8,53.0,1,-1,-1,-1
84,16,225.6,275.6,28.1,74.4,1,-1,-1,-1
84,17,708.3,264.9,30.2,40.9,1,-1,-1,-1
84,18,218.6,459.1,56.4,115.2,1,-1,-1,-1
84,19,0.3,372.7,25.1,119.4,1,-1,-1,-1
84,20,608.4,301.0,32.1,75.6,1,-1,-1,-1
84,21,509.8,327.6,34.1,90.5,1,-1,-1,-1
84,22,547.9,340.1,32.9,85.7,1,-1,-1,-1
84,23,266.1,235.7,23.6,45.2,1,-1,-1,-1
84,24,596.8,195.0,27.5,62.0,1,-1,-1,-1
84,25,246.2,195.7,25.5,60.8,1,-1,-1,-1
84,26,756.8,160.5,22.9,46.7,1,-1,-1,-1
84,27,38.5,313.4,29.3,59.1,1,-1,-1,-1
84,28,366.7,178.4,23.1,55.6,1,-1,-1,-1
84,29,417.9,185.3,23.5,42.5,1,-1,-1,-1
84,30,263.6,268.6,23.9,43.2,1,-1,-1,-1
84,31,283.0,275.2,23.9,40.2,1,-1,-1,-1
84,33,286.0,319.1,21.8,41.0,1,-1,-1,-1
84,36,591.3,365.0,47.0,82.5,1,-1,-1,-1
84,37,585.8,568.8,60.8,153.5,1,-1,-1,-1
84,40,205.9,268.9,29.1,52.6,1,-1,-1,-1
84,41,685.1,684.0,53.4,72.1,1,-1,-1,-1
84,43,618.5,678.9,60.1,77.1,1,-1,-1,-1
85,1,379.9,618.5,67.3,97.3,1,-1,-1,-1
85,2,89.8,514.7,60.5,87.0,1,-1,-1,-1
85,3,101.0,361.4,57.0,56.5,1,-1,-1,-1
85,4,221.5,552.5,73.8,91.1,1,-1,-1,-1
85,5,682.9,366.3,40.2,88.7,1,-1,-1,-1
85,6,275.7,449.7,56.2,110.3,1,-1,-1,-1
85,7,409.4,451.6,44.1,121.0,1,-1,-1,-1
85,8,486.4,262.7,27.4,56.3,1,-1,-1,-1
85,9,423.7,628.9,98.2,108.6,1,-1,-1,-1
85,12,61.9,375.2,37.0,73.9,1,-1,-1,-1
85,13,662.5,298.1,31.8,76.2,1,-1,-1,-1
85,14,734.8,351.5,35.3,82.5,1,-1,-1,-1
85,15,507.8,260.5,29.4,51.0,1,-1,-1,-1
85,16,227.7,280.2,28.0,70.8,1,-1,-1,-1
85,17,709.0,265.3,29.5,40.7,1,-1,-1,-1
85,18,218.5,458.2,57.3,115.9,1,-1,-1,-1
85,19,0.1,374.2,25.8,120.2,1,-1,-1,-1
85,20,609.4,300.1,32.1,77.8,1,-1,-1,-1
85,21,507.2,328.3,36.5,90.2,1,-1,-1,-1
85,22,547.0,340.1,33.1,86.2,1,-1,-1,-1
85,23,265.1,234.1,23.3,43.0,1,-1,-1,-1
85,24,598.2,195.9,27.4,61.0,1,-1,-1,-1
85,25,247.8,195.5,26.2,61.0,1,-1,-1,-1
85,26,757.2,160.3,23.4,48.4,1,-1,-1,-1
85,27,40.3,313.2,28.9,58.6,1,-1,-1,-1
85,28,368.1,177.5,23.1,55.9,1,-1,-1,-1
85,29,419.6,185.5,22.6,42.4,1,-1,-1,-1
85,30,265.8,266.9,23.7,44.7,1,-1,-1,-1
85,31,290.1,273.6,22.0,40.0,1,-1,-1,-1
85,33,288.4,321.3,21.3,42.3,1,-1,-1,-1
85,36,592.9,365.6,47.3,82.3,1,-1,-1,-1
85,37,578.3,565.1,62.9,148.0,1,-1,-1,-1
85,40,206.8,268.0,29.3,52.9,1,-1,-1,-1
85,41,681.9,684.5,52.1,71.8,1,-1,-1,-1
85,43,613.4,677.7,60.7,78.3,1,-1,-1,-1
86,1,379.4,617.2,67.0,98.1,1,-1,-1,-1
86,2,89.6,513.8,59.9,86.9,1,-1,-1,-1
86,3,102.4,360.9,55.4,56.5,1,-1,-1,-1
86,4,221.6,551.9,72.9,89.9,1,-1,-1,-1
86,5,684.1,366.1,40.1,88.5,1,-1,-1,-1
86,6,275.5,448.4,56.0,111.3,1,-1,-1,-1
86,7,408.6,451.3,42.9,120.3,1,-1,-1,-1
86,8,486.7,262.3,27.5,56.5,1,-1,-1,-1
86,9,423.3,628.7,97.3,108.7,1,-1,-1,-1
86,12,63.0,373.7,37.0,74.2,1,-1,-1,-1
86,13,662.7,298.3,31.5,75.8,1,-1,-1,-1
86,14,734.6,351.9,35.5,83.5,1,-1,-1,-1
86,15,508.5,260.9,29.8,50.5,1,-1,-1,-1
86,16,228.1,275.5,28.4,73.8,1,-1,-1,-1
86,17,710.5,265.7,28.7,40.0,1,-1,-1,-1
86,18,218.6,457.4,57.5,116.5,1,-1,-1,-1
86,19,0.1,374.1,26.9,120.7,1,-1,-1,-1
86,20,611.5,299.5,30.9,78.6,1,-1,-1,-1
86,21,505.9,328.6,38.1,90.0,1,-1,-1,-1
86,22,546.1,339.9,33.9,86.2,1,-1,-1,-1
86,23,263.5,234.8,22.3,42.7,1,-1,-1,-1
86,24,598.8,195.7,27.0,60.8,1,-1,-1,-1
86,25,249.7,195.1,25.1,60.6,1,-1,-1,-1
86,26,758.1,160.9,23.6,47.7,1,-1,-1,-1
86,27,44.7,314.4,28.9,57.3,1,-1,-1,-1
86,28,371.1,178.1,23.1,56.1,1,-1,-1,-1
86,29,420.8,185.2,22.6,41.8,1,-1,-1,-1
86,30,268.6,267.5,23.7,43.6,1,-1,-1,-1
86,31,293.3,272.7,20.4,39.9,1,-1,-1,-1
86,33,291.1,322.0,20.6,42.4,1,-1,-1,-1
86,36,598.8,366.6,42.9,83.3,1,-1,-1,-1
86,37,573.5,562.5,61.6,144.8,1,-1,-1,-1
86,39,278.1,272.6,20.8,40.2,1,-1,-1,-1
86,40,207.4,268.2,27.8,52.2,1,-1,-1,-1
86,41,680.4,683.9,51.3,72.2,1,-1,-1,-1
86,43,612.1,677.1,59.4,78.9,1,-1,-1,-1
87,1,379.0,615.7,66.6,99.4,1,-1,-1,-1
87,2,89.3,512.5,59.9,86.9,1,-1,-1,-1
87,3,103.6,360.6,54.2,56.3,1,-1,-1,-1
87,4,222.1,551.0,72.0,88.3,1,-1,-1,-1
87,5,684.9,367.0,40.1,89.2,1,-1,-1,-1
87,6,275.5,447.2,55.6,110.5,1,-1,-1,-1
87,7,407.1,451.5,43.1,120.4,1,-1,-1,-1
87,8,486.8,262.4,28.0,56.7,1,-1,-1,-1
87,9,422.2,628.9,97.8,108.4,1,-1,-1,-1
87,12,63.6,372.7,37.0,74.2,1,-1,-1,-1
87,13,662.8,298.5,31.0,75.4,1,-1,-1,-1
87,14,732.8,353.6,35.9,83.3,1,-1,-1,-1
87,15,511.0,258.7,30.9,52.2,1,-1,-1,-1
87,16,229.1,272.3,28.4,76.3,1,-1,-1,-1
87,17,711.2,265.0,28.7,40.4,1,-1,-1,-1
87,18,218.4,456.8,57.7,115.4,1,-1,-1,-1
87,19,-0.1,374.6,27.5,123.1,1,-1,-1,-1
87,20,612.4,299.0,30.9,76.4,1,-1,-1,-1
87,21,505.0,328.7,39.0,90.5,1,-1,-1,-1
87,22,544.4,340.3,35.0,85.0,1,-1,-1,-1
87,23,262.3,234.8,21.5,42.3,1,-1,-1,-1
87,24,600.0,195.6,26.5,61.7,1,-1,-1,-1
87,25,251.3,194.4,26.0,61.6,1,-1,-1,-1
87,26,759.4,161.0,23.2,46.3,1,-1,-1,-1
87,27,48.2,314.8,28.3,56.1,1,-1,-1,-1
87,28,373.3,177.3,23.2,57.6,1,-1,-1,-1
87,29,421.0,185.0,22.9,42.1,1,-1,-1,-1
87,30,269.5,267.1,25.1,44.5,1,-1,-1,-1
87,31,293.7,271.8,19.9,40.5,1,-1,-1,-1
87,33,293.9,321.0,20.5,42.9,1,-1,-1,-1
87,36,600.6,369.6,41.0,84.4,1,-1,-1,-1
87,37,567.7,562.1,62.2,138.6,1,-1,-1,-1
87,39,275.4,269.1,20.8,40.9,1,-1,-1,-1
87,40,209.6,267.9,26.3,51.7,1,-1,-1,-1
87,41,679.5,683.0,51.0,73.0,1,-1,-1,-1
87,43,610.4,677.3,59.0,78.9,1,-1,-1,-1
87,45,574.5,381.1,30.9,67.6,1,-1,-1,-1
87,46,246.5,271.9,22.2,38.4,1,-1,-1,-1
88,1,378.2,614.7,66.7,99.4,1,-1,-1,-1
88,2,89.8,511.9,60.9,86.6,1,-1,-1,-1
88,3,105.2,360.1,53.3,56.2,1,-1,-1,-1
88,4,222.3,551.1,71.9,87.1,1,-1,-1,-1
88,5,686.1,370.2,40.8,88.3,1,-1,-1,-1
88,6,275.9,446.4,54.9,109.7,1,-1,-1,-1
88,7,404.5,450.4,45.0,121.5,1,-1,-1,-1
88,8,486.9,262.4,28.0,55.2,1,-1,-1,-1
88,9,421.0,628.9,98.5,107.7,1,-1,-1,-1
88,12,64.9,371.9,37.2,75.2,1,-1,-1,-1
88,13,663.1,298.9,30.8,74.9,1,-1,-1,-1
88,14,732.1,356.3,36.4,83.1,1,-1,-1,-1
88,15,512.1,258.1,31.1,52.3,1,-1,-1,-1
88,16,230.6,271.4,27.9,77.5,1,-1,-1,-1
88,17,711.5,265.8,28.9,39.9,1,-1,-1,-1
88,18,218.6,456.3,57.4,114.7,1,-1,-1,-1
88,19,-0.1,373.6,27.9,126.0,1,-1,-1,-1
88,20,612.8,298.2,31.4,75.7,1,-1,-1,-1
88,21,503.3,328.3,39.0,90.2,1,-1,-1,-1
88,22,541.1,340.3,37.2,85.0,1,-1,-1,-1
88,23,262.0,236.7,20.1,39.3,1,-1,-1,-1
88,24,601.2,195.2,26.5,62.0,1,-1,-1,-1
88,25,253.2,194.5,26.5,63.5,1,-1,-1,-1
88,26,760.9,161.5,22.4,44.8,1,-1,-1,-1
88,27,50.5,314.5,27.5,56.1,1,-1,-1,-1
88,28,374.8,177.6,24.8,57.5,1,-1,-1,-1
88,29,422.0,184.1,23.8,41.3,1,-1,-1,-1
88,30,269.3,266.1,25.2,45.2,1,-1,-1,-1
88,31,294.0,271.4,19.8,41.3,1,-1,-1,-1
88,33,296.8,320.2,20.3,44.1,1,-1,-1,-1
88,36,601.6,372.9,40.0,83.3,1,-1,-1,-1
88,37,563.2,563.3,63.9,134.5,1,-1,-1,-1
88,40,210.7,267.7,25.5,52.2,1,-1,-1,-1
88,41,678.0,682.5,51.4,73.5,1,-1,-1,-1
88,43,609.6,677.4,56.9,78.8,1,-1,-1,-1
88,45,561.6,402.0,15.1,60.7,1,-1,-1,-1
88,46,248.4,272.3,21.5,36.8,1,-1,-1,-1
89,1,377.5,613.8,66.3,100.2,1,-1,-1,-1
89,2,91.2,510.7,61.0,87.0,1,-1,-1,-1
89,3,107.8,359.0,54.0,56.4,1,-1,-1,-1
89,4,221.8,550.3,70.5,85.6,1,-1,-1,-1
89,5,687.7,372.2,40.7,87.1,1,-1,-1,-1
89,6,276.6,446.1,54.3,109.4,1,-1,-1,-1
89,7,402.9,448.9,46.6,119.9,1,-1,-1,-1
89,8,488.0,262.6,28.1,54.2,1,-1,-1,-1
89,9,419.4,628.5,99.5,107.3,1,-1,-1,-1
89,12,67.0,370.7,36.4,75.1,1,-1,-1,-1
89,13,663.2,298.7,31.0,74.7,1,-1,-1,-1
89,14,732.3,358.3,35.6,83.5,1,-1,-1,-1
89,15,512.2,258.2,31.8,52.7,1,-1,-1,-1
89,16,232.8,272.3,28.2,76.9,1,-1,-1,-1
89,17,712.7,265.2,29.7,41.1,1,-1,-1,-1
89,18,219.5,455.5,56.7,114.5,1,-1,-1,-1
89,19,0.4,369.4,30.7,130.9,1,-1,-1,-1
89,20,613.3,297.7,31.8,74.6,1,-1,-1,-1
89,21,502.1,328.9,38.5,89.0,1,-1,-1,-1
89,22,539.8,341.1,37.3,84.2,1,-1,-1,-1
89,23,261.1,239.3,19.2,36.9,1,-1,-1,-1
89,24,602.6,195.1,26.9,62.4,1,-1,-1,-1
89,25,255.0,193.0,25.4,63.7,1,-1,-1,-1
89,26,762.2,163.0,21.5,44.7,1,-1,-1,-1
89,27,52.7,313.5,26.7,57.3,1,-1,-1,-1
89,28,377.5,178.4,25.3,56.4,1,-1,-1,-1
89,29,423.7,184.0,24.9,41.1,1,-1,-1,-1
89,30,271.1,266.3,25.0,44.3,1,-1,-1,-1
89,31,295.1,271.8,19.9,41.6,1,-1,-1,-1
89,33,300.6,320.9,20.2,43.9,1,-1,-1,-1
89,36,602.4,374.6,39.2,80.8,1,-1,-1,-1
89,37,558.6,562.8,67.3,134.4,1,-1,-1,-1
89,40,211.8,266.3,24.1,51.9,1,-1,-1,-1
89,41,676.0,682.6,52.6,73.5,1,-1,-1,-1
89,43,607.9,677.5,57.3,78.6,1,-1,-1,-1
89,46,248.8,272.4,21.5,34.8,1,-1,-1,-1
89,47,570.1,385.6,36.0,65.3,1,-1,-1,-1
90,1,377.4,613.3,65.9,100.6,1,-1,-1,-1
90,2,92.7,509.6,60.4,87.3,1,-1,-1,-1
90,3,110.6,357.3,55.6,58.5,1,-1,-1,-1
90,4,222.0,549.7,69.8,85.1,1,-1,-1,-1
90,5,689.0,374.3,40.7,88.3,1,-1,-1,-1
90,6,277.8,445.4,53.7,109.7,1,-1,-1,-1
90,7,401.2,447.9,48.1,116.5,1,-1,-1,-1
90,8,489.3,261.6,29.0,55.4,1,-1,-1,-1
90,9,417.5,628.5,100.1,106.9,1,-1,-1,-1
90,12,68.2,370.8,35.7,76.9,1,-1,-1,-1
90,13,663.4,298.7,31.2,74.1,1,-1,-1,-1
90,14,732.1,359.7,34.9,85.9,1,-1,-1,-1
90,15,512.9,257.7,32.8,53.7,1,-1,-1,-1
90,16,233.6,273.9,29.0,75.1,1,-1,-1,-1
90,17,714.1,265.0,29.6,41.4,1,-1,-1,-1
90,18,220.1,454.8,56.2,114.3,1,-1,-1,-1
90,19,0.6,363.3,35.3,135.7,1,-1,-1,-1
90,20,613.5,297.4,32.2,74.2,1,-1,-1,-1
90,21,500.3,329.9,39.4,88.4,1,-1,-1,-1
90,22,538.5,341.3,36.9,85.1,1,-1,-1,-1
90,23,260.1,238.5,19.3,34.6,1,-1,-1,-1
90,24,605.0,195.2,27.2,62.9,1,-1,-1,-1
90,25,256.6,193.6,26.4,62.9,1,-1,-1,-1
90,26,764.5,162.5,21.0,44.5,1,-1,-1,-1
90,27,55.6,313.4,28.0,58.7,1,-1,-1,-1
90,28,378.9,178.0,27.3,57.2,1,-1,-1,-1
90,29,427.3,184.7,25.0,40.7,1,-1,-1,-1
90,30,273.5,265.8,23.6,43.9,1,-1,-1,-1
90,31,296.7,271.9,20.0,41.8,1,-1,-1,-1
90,33,303.7,321.8,20.1,42.9,1,-1,-1,-1
90,36,603.9,374.3,38.3,80.1,1,-1,-1,-1
90,37,554.6,560.6,69.7,133.8,1,-1,-1,-1
90,40,215.4,267.1,24.5,51.3,1,-1,-1,-1
90,41,673.7,682.2,53.0,73.9,1,-1,-1,-1
90,43,605.9,676.6,58.0,79.3,1,-1,-1,-1
90,46,249.0,272.1,21.4,33.1,1,-1,-1,-1
90,47,566.9,384.9,37.8,64.6,1,-1,-1,-1
91,1,377.1,612.2,65.9,100.8,1,-1,-1,-1
91,2,93.3,508.6,59.5,85.7,1,-1,-1,-1
91,3,111.2,356.8,57.3,58.1,1,-1,-1,-1
91,4,222.2,549.2,69.6,84.6,1,-1,-1,-1
91,5,690.1,376.4,41.1,91.9,1,-1,-1,-1
91,6,279.0,444.2,52.5,111.8,1,-1,-1,-1
91,7,399.2,448.5,48.8,113.2,1,-1,-1,-1
91,8,490.4,261.0,29.2,56.2,1,-1,-1,-1
91,9,417.5,628.4,99.6,105.5,1,-1,-1,-1
91,12,70.3,369.8,35.7,76.4,1,-1,-1,-1
91,13,663.5,299.0,31.3,73.8,1,-1,-1,-1
91,14,731.9,359.6,34.9,86.9,1,-1,-1,-1
91,15,514.9,260.1,32.1,51.6,1,-1,-1,-1
91,16,234.8,275.2,28.9,73.6,1,-1,-1,-1
91,17,715.5,265.4,29.0,40.3,1,-1,-1,-1
91,18,220.1,454.2,56.3,113.6,1,-1,-1,-1
91,19,0.1,365.1,38.0,135.0,1,-1,-1,-1
91,20,614.5,296.3,32.5,75.3,1,-1,-1,-1
91,21,499.4,330.5,39.0,86.9,1,-1,-1,-1
91,22,537.4,341.4,36.1,86.8,1,-1,-1,-1
91,23,259.4,236.6,20.1,35.0,1,-1,-1,-1
91,24,605.9,195.1,27.7,62.4,1,-1,-1,-1
91,25,258.7,192.5,26.1,61.8,1,-1,-1,-1
91,26,765.2,162.5,21.3,45.1,1,-1,-1,-1
91,27,58.4,313.7,28.9,59.3,1,-1,-1,-1
91,28,380.9,176.9,28.8,57.8,1,-1,-1,-1
91,29,430.1,185.0,23.7,40.5,1,-1,-1,-1
91,30,274.8,265.5,23.4,44.1,1,-1,-1,-1
91,31,298.0,271.9,20.3,41.4,1,-1,-1,-1
91,33,306.8,321.3,19.4,42.9,1,-1,-1,-1
91,36,604.2,374.1,38.1,81.0,1,-1,-1,-1
91,37,547.3,559.0,68.5,132.5,1,-1,-1,-1
91,40,216.1,266.4,26.2,51.5,1,-1,-1,-1
91,41,671.2,681.9,53.8,74.2,1,-1,-1,-1
91,43,602.2,673.3,61.4,82.2,1,-1,-1,-1
91,47,562.8,386.4,39.0,65.9,1,-1,-1,-1
92,1,376.0,609.4,66.8,100.4,1,-1,-1,-1
92,2,95.7,507.9,58.8,84.7,1,-1,-1,-1
92,3,112.5,356.6,56.5,56.8,1,-1,-1,-1
92,4,222.6,547.1,71.2,87.0,1,-1,-1,-1
92,5,691.1,375.3,40.5,94.1,1,-1,-1,-1
92,6,279.9,442.9,53.1,111.6,1,-1,-1,-1
92,7,398.2,448.6,47.9,112.0,1,-1,-1,-1
92,8,492.3,261.2,29.4,56.1,1,-1,-1,-1
92,9,417.8,628.4,98.5,103.8,1,-1,-1,-1
92,12,73.4,368.5,36.7,75.4,1,-1,-1,-1
92,13,663.9,298.9,31.5,73.2,1,-1,-1,-1
92,14,731.4,359.9,34.9,87.1,1,-1,-1,-1
92,15,518.8,261.0,29.2,49.6,1,-1,-1,-1
92,16,236.4,272.3,29.6,74.6,1,-1,-1,-1
92,17,716.8,266.2,28.7,38.7,1,-1,-1,-1
92,18,220.6,453.8,56.4,113.3,1,-1,-1,-1
92,19,-0.4,366.6,38.8,133.2,1,-1,-1,-1
92,20,615.9,294.8,32.3,76.6,1,-1,-1,-1
92,21,499.2,330.1,39.4,87.3,1,-1,-1,-1
92,22,536.1,340.6,37.1,87.9,1,-1,-1,-1
92,23,259.9,234.5,20.2,34.0,1,-1,-1,-1
92,24,606.8,194.8,28.7,62.4,1,-1,-1,-1
92,25,260.9,192.2,26.7,61.7,1,-1,-1,-1
92,26,766.6,161.2,20.9,45.0,1,-1,-1,-1
92,27,61.0,314.7,28.4,59.3,1,-1,-1,-1
92,28,383.5,176.9,28.8,58.4,1,-1,-1,-1
92,29,432.0,184.1,22.7,39.3,1,-1,-1,-1
92,30,277.5,264.7,23.4,44.8,1,-1,-1,-1
92,31,299.9,271.9,19.6,40.2,1,-1,-1,-1
92,33,309.6,320.7,18.5,43.0,1,-1,-1,-1
92,36,604.0,373.2,37.8,82.2,1,-1,-1,-1
92,37,541.6,553.0,63.8,133.0,1,-1,-1,-1
92,40,218.8,265.3,25.6,51.0,1,-1,-1,-1
92,41,669.7,681.6,53.6,74.4,1,-1,-1,-1
92,43,601.6,673.6,60.1,82.5,1,-1,-1,-1
92,47,559.9,385.8,39.4,71.0,1,-1,-1,-1
93,1,375.4,608.8,67.1,100.1,1,-1,-1,-1
93,2,95.8,507.1,59.5,84.7,1,-1,-1,-1
93,3,114.1,355.6,55.3,56.2,1,-1,-1,-1
93,4,222.4,544.6,72.0,88.5,1,-1,-1,-1
93,5,692.8,375.8,40.5,94.4,1,-1,-1,-1
93,6,280.5,442.2,54.6,111.2,1,-1,-1,-1
93,7,397.6,447.6,46.6,111.5,1,-1,-1,-1
93,8,495.1,261.9,28.6,55.0,1,-1,-1,-1
93,9,418.6,628.2,97.8,102.0,1,-1,-1,-1
93,12,75.3,368.0,36.2,74.0,1,-1,-1,-1
93,13,664.9,299.4,31.0,73.1,1,-1,-1,-1
93,14,729.6,360.3,34.7,86.3,1,-1,-1,-1
93,15,522.1,262.0,27.6,47.9,1,-1,-1,-1
93,16,237.2,272.6,29.7,73.6,1,-1,-1,-1
93,17,718.4,265.6,29.4,39.1,1,-1,-1,-1
93,18,221.6,452.8,55.8,112.7,1,-1,-1,-1
93,19,-0.3,365.6,39.6,133.1,1,-1,-1,-1
93,20,617.3,293.5,32.3,77.8,1,-1,-1,-1
93,21,498.6,329.9,39.9,88.1,1,-1,-1,-1
93,22,535.3,339.9,38.0,88.2,1,-1,-1,-1
93,23,260.4,235.7,20.2,33.9,1,-1,-1,-1
93,24,608.6,194.5,28.3,62.3,1,-1,-1,-1
93,25,263.6,191.8,26.2,61.5,1,-1,-1,-1
93,26,767.7,161.4,20.1,44.7,1,-1,-1,-1
93,27,63.8,315.6,27.3,58.8,1,-1,-1,-1
93,28,385.6,177.1,28.1,58.7,1,-1,-1,-1
93,29,432.9,184.0,22.3,37.9,1,-1,-1,-1
93,30,279.0,263.8,24.2,43.3,1,-1,-1,-1
93,31,304.0,270.0,19.7,40.8,1,-1,-1,-1
93,33,312.0,320.1,19.1,44.0,1,-1,-1,-1
93,36,603.6,372.0,38.0,82.8,1,-1,-1,-1
93,37,536.9,550.5,60.2,133.0,1,-1,-1,-1
93,40,221.0,264.5,24.7,50.5,1,-1,-1,-1
93,41,668.4,681.1,53.6,74.9,1,-1,-1,-1
93,43,599.3,672.0,60.1,84.0,1,-1,-1,-1
93,46,258.1,269.2,21.1,37.7,1,-1,-1,-1
93,47,556.6,389.0,38.8,77.3,1,-1,-1,-1
94,1,375.1,608.5,67.2,99.8,1,-1,-1,-1
94,2,96.0,506.1,60.6,84.8,1,-1,-1,-1
94,3,117.1,354.0,54.1,56.9,1,-1,-1,-1
94,4,222.3,543.1,72.7,89.8,1,-1,-1,-1
94,5,695.6,376.6,41.1,93.2,1,-1,-1,-1
94,6,280.6,442.2,56.0,110.5,1,-1,-1,-1
94,7,393.5,447.1,46.3,110.7,1,-1,-1,-1
94,8,496.7,261.2,28.4,54.9,1,-1,-1,-1
94,9,418.6,627.7,97.7,97.8,1,-1,-1,-1
94,12,75.6,367.4,36.0,72.7,1,-1,-1,-1
94,13,664.7,299.1,31.2,73.3,1,-1,-1,-1
94,14,728.7,361.5,34.0,85.7,1,-1,-1,-1
94,15,523.0,260.7,28.5,50.0,1,-1,-1,-1
94,16,239.3,271.7,29.4,74.0,1,-1,-1,-1
94,17,720.3,265.4,28.4,38.3,1,-1,-1,-1
94,18,222.9,451.8,55.9,112.9,1,-1,-1,-1
94,19,-0.2,417.7,39.8,85.7,1,-1,-1,-1
94,20,619.1,292.5,31.8,77.9,1,-1,-1,-1
94,21,498.2,329.7,39.8,88.6,1,-1,-1,-1
94,22,535.0,339.8,38.3,87.3,1,-1,-1,-1
94,23,260.9,234.6,20.0,37.5,1,-1,-1,-1
94,24,612.0,194.0,27.3,62.1,1,-1,-1,-1
94,25,265.5,192.1,25.2,58.9,1,-1,-1,-1
94,26,767.6,161.2,21.8,47.5,1,-1,-1,-1
94,27,66.6,315.4,28.3,59.0,1,-1,-1,-1
94,28,389.0,176.8,26.5,58.3,1,-1,-1,-1
94,29,435.5,184.1,23.5,38.6,1,-1,-1,-1
94,30,279.2,264.1,24.9,44.3,1,-1,-1,-1
94,31,306.2,268.2,19.3,40.9,1,-1,-1,-1
94,33,313.8,319.5,19.1,43.7,1,-1,-1,-1
94,36,602.9,371.9,37.2,81.2,1,-1,-1,-1
94,37,531.3,547.6,56.7,136.2,1,-1,-1,-1
94,40,222.9,263.7,24.5,52.0,1,-1,-1,-1
94,41,667.8,680.8,53.4,75.1,1,-1,-1,-1
94,43,598.1,671.6,59.6,84.5,1,-1,-1,-1
94,46,257.8,269.2,21.9,38.0,1,-1,-1,-1
94,47,551.6,391.5,41.1,82.5,1,-1,-1,-1
95,1,374.4,607.7,67.2,99.4,1,-1,-1,-1
95,2,97.3,504.7,60.5,85.3,1,-1,-1,-1
95,3,118.7,353.3,53.9,57.0,1,-1,-1,-1
95,4,222.4,542.1,72.4,89.6,1,-1,-1,-1
95,5,698.3,378.3,42.3,92.7,1,-1,-1,-1
95,6,280.6,441.7,56.7,109.3,1,-1,-1,-1
95,7,391.7,446.0,47.6,110.2,1,-1,-1,-1
95,8,497.6,260.9,28.0,55.6,1,-1,-1,-1
95,9,417.7,627.5,98.3,94.4,1,-1,-1,-1
95,12,76.4,366.6,36.1,72.6,1,-1,-1,-1
95,13,663.6,299.5,32.2,73.3,1,-1,-1,-1
95,14,727.4,362.7,35.1,86.4,1,-1,-1,-1
95,15,525.0,257.1,29.3,51.8,1,-1,-1,-1
95,16,241.9,273.3,28.6,72.6,1,-1,-1,-1
95,17,721.1,265.4,28.1,38.5,1,-1,-1,-1
95,18,223.8,450.4,56.8,113.5,1,-1,-1,-1
95,19,-0.9,467.2,40.6,62.0,1,-1,-1,-1
95,20,622.0,293.3,31.3,76.6,1,-1,-1,-1
95,21,497.4,329.6,39.2,88.7,1,-1,-1,-1
95,22,534.8,340.0,37.8,84.8,1,-1,-1,-1
95,23,260.8,230.2,20.1,42.2,1,-1,-1,-1
95,24,613.5,194.6,27.0,61.9,1,-1,-1,-1
95,25,268.2,192.3,24.4,58.6,1,-1,-1,-1
95,26,767.7,161.1,22.7,47.0,1,-1,-1,-1
95,27,70.4,314.9,28.0,55.6,1,-1,-1,-1
95,28,392.9,176.8,25.5,56.6,1,-1,-1,-1
95,29,438.2,184.3,23.3,38.3,1,-1,-1,-1
95,30,280.5,263.8,23.6,43.8,1,-1,-1,-1
95,31,306.9,268.0,19.4,41.4,1,-1,-1,-1
95,33,315.3,318.8,19.0,43.1,1,-1,-1,-1
95,36,602.2,373.3,37.8,81.0,1,-1,-1,-1
95,37,524.8,544.9,56.3,135.8,1,-1,-1,-1
95,40,224.5,261.9,24.3,52.3,1,-1,-1,-1
95,41,666.6,680.5,52.9,75.5,1,-1,-1,-1
95,43,596.9,670.9,60.2,85.2,1,-1,-1,-1
95,46,258.8,267.3,21.8,38.1,1,-1,-1,-1
95,47,548.4,393.6,40.9,81.4,1,-1,-1,-1
95,48,297.3,273.0,19.5,35.2,1,-1,-1,-1
96,1,373.8,606.7,66.8,99.8,1,-1,-1,-1
96,2,98.2,503.4,60.0,85.1,1,-1,-1,-1
96,3,121.3,352.1,53.3,56.5,1,-1,-1,-1
96,4,222.8,541.7,72.2,89.5,1,-1,-1,-1
96,5,700.0,380.3,43.6,92.3,1,-1,-1,-1
96,6,280.8,441.5,56.3,109.0,1,-1,-1,-1
96,7,391.2,444.3,48.3,111.0,1,-1,-1,-1
96,8,497.9,261.3,28.4,55.1,1,-1,-1,-1
96,9,417.0,627.4,98.9,92.0,1,-1,-1,-1
96,12,78.9,365.7,36.4,73.1,1,-1,-1,-1
96,13,662.1,299.5,33.9,74.8,1,-1,-1,-1
96,14,725.6,364.3,36.6,85.6,1,-1,-1,-1
96,15,525.3,256.6,29.7,53.0,1,-1,-1,-1
96,16,243.6,273.6,27.1,71.8,1,-1,-1,-1
96,17,723.5,265.9,27.3,38.8,1,-1,-1,-1
96,18,223.6,450.9,54.8,111.4,1,-1,-1,-1
96,20,624.7,292.7,33.1,76.0,1,-1,-1,-1
96,21,497.2,329.8,37.9,90.3,1,-1,-1,-1
96,22,534.7,340.6,37.2,82.0,1,-1,-1,-1
96,23,261.8,227.7,19.7,43.4,1,-1,-1,-1
96,24,614.9,194.8,27.0,61.5,1,-1,-1,-1
96,25,270.8,192.1,24.3,58.7,1,-1,-1,-1
96,26,767.9,161.1,22.8,46.3,1,-1,-1,-1
96,27,71.8,315.2,28.4,59.4,1,-1,-1,-1
96,28,396.2,175.8,26.4,57.6,1,-1,-1,-1
96,29,440.7,184.0,22.8,38.6,1,-1,-1,-1
96,30,284.6,262.1,22.1,42.8,1,-1,-1,-1
96,31,307.9,268.7,20.1,41.6,1,-1,-1,-1
96,33,316.2,317.8,19.7,42.5,1,-1,-1,-1
96,36,601.2,374.1,38.5,81.4,1,-1,-1,-1
96,37,520.9,543.6,56.7,134.9,1,-1,-1,-1
96,40,226.5,261.8,25.5,51.8,1,-1,-1,-1
96,41,664.1,680.1,53.3,75.9,1,-1,-1,-1
96,43,593.3,670.2,61.7,85.8,1,-1,-1,-1
96,46,260.0,267.2,21.8,39.1,1,-1,-1,-1
96,47,545.4,396.1,40.6,78.2,1,-1,-1,-1
96,48,297.4,272.7,20.1,36.7,1,-1,-1,-1
96,49,0.4,365.9,44.2,127.2,1,-1,-1,-1
97,1,373.8,605.7,66.5,100.2,1,-1,-1,-1
97,2,99.0,502.4,59.4,84.9,1,-1,-1,-1
97,3,122.7,351.6,53.6,56.2,1,-1,-1,-1
97,4,223.5,541.4,71.5,87.3,1,-1,-1,-1
97,5,702.6,382.3,44.4,92.6,1,-1,-1,-1
97,6,280.5,440.5,56.3,109.1,1,-1,-1,-1
97,7,391.3,444.3,49.0,110.0,1,-1,-1,-1
97,8,500.0,261.3,27.3,53.9,1,-1,-1,-1
97,9,416.3,626.6,99.7,91.3,1,-1,-1,-1
97,12,81.5,365.7,36.3,72.5,1,-1,-1,-1
97,13,662.0,300.0,34.1,74.7,1,-1,-1,-1
97,14,724.2,365.2,36.3,82.3,1,-1,-1,-1
97,15,524.6,256.4,31.0,54.3,1,-1,-1,-1
97,16,244.8,271.4,28.0,72.8,1,-1,-1,-1
97,17,724.4,266.1,27.9,39.2,1,-1,-1,-1
97,18,223.9,450.7,54.4,109.7,1,-1,-1,-1
97,20,626.5,292.2,33.3,75.0,1,-1,-1,-1
97,21,496.8,330.1,36.9,92.1,1,-1,-1,-1
97,22,534.7,341.3,36.8,80.1,1,-1,-1,-1
97,23,263.2,227.7,19.8,42.6,1,-1,-1,-1
97,24,617.3,194.6,27.1,62.5,1,-1,-1,-1
97,25,272.8,190.8,24.8,59.1,1,-1,-1,-1
97,26,768.6,160.7,22.9,45.9,1,-1,-1,-1
97,27,73.8,314.8,28.3,61.5,1,-1,-1,-1
97,28,399.3,176.9,25.8,55.8,1,-1,-1,-1
97,29,442.1,184.0,22.7,38.5,1,-1,-1,-1
97,30,286.3,260.5,21.4,41.4,1,-1,-1,-1
97,31,309.8,267.7,20.5,42.5,1,-1,-1,-1
97,33,317.6,317.3,19.6,41.3,1,-1,-1,-1
97,36,599.5,374.8,39.4,83.5,1,-1,-1,-1
97,37,516.8,542.2,59.1,134.3,1,-1,-1,-1
97,40,228.1,260.9,26.1,51.4,1,-1,-1,-1
97,41,662.1,680.0,52.5,76.0,1,-1,-1,-1
97,43,590.7,670.3,63.4,85.8,1,-1,-1,-1
97,46,262.2,266.5,21.1,41.2,1,-1,-1,-1
97,47,541.0,397.1,43.5,79.1,1,-1,-1,-1
97,48,298.0,271.9,20.5,37.2,1,-1,-1,-1
97,49,0.3,363.7,46.3,129.2,1,-1,-1,-1
97,50,0.0,687.8,52.4,68.2,1,-1,-1,-1
98,1,373.6,604.3,66.8,100.6,1,-1,-1,-1
98,2,100.1,501.0,57.9,84.6,1,-1,-1,-1
98,3,123.8,351.6,54.3,55.7,1,-1,-1,-1
98,4,223.9,540.8,71.7,86.0,1,-1,-1,-1
98,5,704.5,384.2,44.7,92.9,1,-1,-1,-1
98,6,281.1,439.9,55.9,109.2,1,-1,-1,-1
98,7,389.6,446.7,49.7,107.3,1,-1,-1,-1
98,8,501.9,259.9,26.7,54.1,1,-1,-1,-1
98,9,415.7,625.2,100.3,92.0,1,-1,-1,-1
98,12,83.6,365.5,35.9,72.4,1,-1,-1,-1
98,13,661.9,300.1,33.6,74.9,1,-1,-1,-1
98,14,724.2,366.7,34.5,80.4,1,-1,-1,-1
98,15,524.9,255.5,31.9,55.5,1,-1,-1,-1
98,16,245.7,269.5,28.9,74.2,1,-1,-1,-1
98,17,725.5,265.6,28.0,39.6,1,-1,-1,-1
98,18,223.7,448.7,55.3,108.7,1,-1,-1,-1
98,20,627.8,291.4,33.4,75.2,1,-1,-1,-1
98,21,496.5,330.2,36.6,94.3,1,-1,-1,-1
98,22,533.6,342.1,37.7,82.3,1,-1,-1,-1
98,23,264.1,228.6,19.7,40.5,1,-1,-1,-1
98,24,618.6,194.2,27.5,63.8,1,-1,-1,-1
98,25,275.3,190.6,24.8,58.3,1,-1,-1,-1
98,26,771.1,161.0,22.8,46.0,1,-1,-1,-1
98,27,76.8,314.4,29.6,61.5,1,-1,-1,-1
98,28,402.8,177.0,23.9,54.9,1,-1,-1,-1
98,29,443.1,184.1,22.5,38.0,1,-1,-1,-1
98,30,287.1,260.7,22.2,40.6,1,-1,-1,-1
98,31,311.1,266.8,20.4,41.0,1,-1,-1,-1
98,33,318.2,317.4,20.2,41.0,1,-1,-1,-1
98,36,596.9,374.7,41.8,85.3,1,-1,-1,-1
98,37,511.9,540.0,61.0,133.2,1,-1,-1,-1
98,40,229.1,260.4,26.3,51.1,1,-1,-1,-1
98,41,661.2,678.8,51.0,77.1,1,-1,-1,-1
98,43,589.0,669.5,65.2,86.5,1,-1,-1,-1
98,46,265.6,266.0,20.6,40.5,1,-1,-1,-1
98,47,537.3,398.3,45.8,80.8,1,-1,-1,-1
98,48,301.3,271.0,19.7,36.3,1,-1,-1,-1
98,49,-0.2,419.2,46.3,78.2,1,-1,-1,-1
98,50,1.3,683.2,60.2,72.8,1,-1,-1,-1
99,1,373.3,603.0,66.5,101.3,1,-1,-1,-1
99,2,100.8,499.6,56.9,84.7,1,-1,-1,-1
99,3,124.7,351.2,55.4,55.5,1,-1,-1,-1
99,4,224.2,539.6,71.3,85.1,1,-1,-1,-1
99,5,707.5,385.8,45.4,93.2,1,-1,-1,-1
99,6,282.0,438.8,54.8,109.6,1,-1,-1,-1
99,7,389.1,445.0,48.8,107.2,1,-1,-1,-1
99,8,502.8,258.3,27.8,55.8,1,-1,-1,-1
99,9,413.2,621.9,102.5,94.3,1,-1,-1,-1
99,12,86.1,364.6,36.4,72.7,1,-1,-1,-1
99,13,662.1,299.6,32.9,74.9,1,-1,-1,-1
99,14,719.5,367.1,38.2,80.5,1,-1,-1,-1
99,15,527.1,255.5,31.5,55.1,1,-1,-1,-1
99,16,246.6,269.7,29.1,73.8,1,-1,-1,-1
99,17,726.3,264.7,28.4,39.6,1,-1,-1,-1
99,18,223.7,447.1,56.4,110.3,1,-1,-1,-1
99,20,630.6,291.3,32.6,74.9,1,-1,-1,-1
99,21,496.3,330.6,36.6,90.9,1,-1,-1,-1
99,22,533.0,341.7,37.2,81.1,1,-1,-1,-1
99,23,265.5,227.5,19.2,39.4,1,-1,-1,-1
99,24,618.9,194.1,28.2,64.8,1,-1,-1,-1
99,25,277.8,190.5,24.0,57.3,1,-1,-1,-1
99,26,772.1,160.9,22.3,45.9,1,-1,-1,-1
99,27,80.5,314.4,29.8,58.8,1,-1,-1,-1
99,28,402.8,176.7,25.1,55.5,1,-1,-1,-1
99,29,443.2,183.0,23.4,38.2,1,-1,-1,-1
99,30,290.1,261.1,23.0,38.2,1,-1,-1,-1
99,31,315.2,265.7,20.0,41.2,1,-1,-1,-1
99,33,317.9,316.4,20.9,40.5,1,-1,-1,-1
99,36,597.4,376.3,42.4,86.6,1,-1,-1,-1
99,37,508.0,538.3,59.5,134.1,1,-1,-1,-1
99,40,231.0,259.8,25.9,50.9,1,-1,-1,-1
99,41,660.2,677.6,50.5,78.3,1,-1,-1,-1
99,43,588.2,667.9,65.9,87.9,1,-1,-1,-1
99,46,267.4,266.7,21.3,39.4,1,-1,-1,-1
99,47,533.4,400.1,46.8,91.0,1,-1,-1,-1
99,48,302.5,270.3,19.0,34.9,1,-1,-1,-1
99,49,-2.9,493.9,47.2,49.9,1,-1,-1,-1
99,50,7.6,675.7,63.5,80.1,1,-1,-1,-1
100,1,372.9,601.5,66.1,100.8,1,-1,-1,-1
100,2,101.1,498.7,58.6,83.7,1,-1,-1,-1
100,3,126.0,350.6,54.8,55.2,1,-1,-1,-1
100,4,224.1,536.6,71.2,86.3,1,-1,-1,-1
100,5,709.7,385.1,44.7,94.5,1,-1,-1,-1
100,6,283.0,437.6,53.4,110.0,1,-1,-1,-1
100,7,387.3,442.2,45.4,109.3,1,-1,-1,-1
100,8,504.5,258.9,28.8,55.9,1,-1,-1,-1
100,9,411.9,619.0,104.0,96.8,1,-1,-1,-1
100,12,87.3,364.0,36.2,72.1,1,-1,-1,-1
100,13,661.6,299.0,33.3,76.0,1,-1,-1,-1
100,14,716.1,366.0,41.1,79.1,1,-1,-1,-1
100,15,528.1,256.6,29.8,52.7,1,-1,-1,-1
100,16,248.6,267.8,29.2,74.7,1,-1,-1,-1
100,17,726.9,264.0,30.8,40.2,1,-1,-1,-1
100,18,223.3,445.2,55.7,110.2,1,-1,-1,-1
100,20,635.7,291.3,31.5,73.2,1,-1,-1,-1
100,21,496.5,332.0,36.9,88.6,1,-1,-1,-1
100,22,531.5,341.8,37.0,84.4,1,-1,-1,-1
100,23,266.1,223.6,20.2,42.1,1,-1,-1,-1
100,24,620.9,192.8,28.0,63.8,1,-1,-1,-1
100,25,279.6,190.1,23.6,57.5,1,-1,-1,-1
100,26,774.7,161.5,21.9,45.0,1,-1,-1,-1
100,27,82.9,316.1,29.2,62.6,1,-1,-1,-1
100,28,405.5,176.7,27.1,56.1,1,-1,-1,-1
100,29,446.5,184.9,24.4,38.8,1,-1,-1,-1
100,30,291.9,261.5,23.5,39.7,1,-1,-1,-1
100,31,317.1,265.4,19.3,41.6,1,-1,-1,-1
100,33,318.3,315.8,21.6,40.5,1,-1,-1,-1
100,36,597.6,378.1,41.5,85.7,1,-1,-1,-1
100,37,501.2,537.5,59.3,130.7,1,-1,-1,-1
100,40,233.3,258.9,25.0,49.9,1,-1,-1,-1
100,41,658.8,676.0,50.6,79.8,1,-1,-1,-1
100,43,585.8,665.7,67.7,90.1,1,-1,-1,-1
100,46,269.3,267.6,21.5,37.8,1,-1,-1,-1
100,47,532.1,403.4,47.0,95.9,1,-1,-1,-1
100,48,309.1,268.6,18.0,36.6,1,-1,-1,-1
100,50,17.3,669.0,61.2,86.8,1,-1,-1,-1
100,51,0.0,423.5,51.1,65.8,1,-1,-1,-1
101,1,373.2,600.4,66.2,99.3,1,-1,-1,-1
101,2,102.2,497.3,58.8,82.9,1,-1,-1,-1
101,3,128.4,350.3,53.1,54.9,1,-1,-1,-1
101,4,224.1,534.8,72.2,86.8,1,-1,-1,-1
101,5,715.1,382.5,44.7,98.0,1,-1,-1,-1
101,6,284.7,435.5,53.3,109.0,1,-1,-1,-1
101,7,387.9,440.9,42.0,110.2,1,-1,-1,-1
101,8,506.7,258.3,27.7,55.5,1,-1,-1,-1
101,9,411.9,615.8,103.3,100.7,1,-1,-1,-1
101,12,86.9,360.0,35.9,74.6,1,-1,-1,-1
101,13,661.7,298.4,33.3,76.6,1,-1,-1,-1
101,14,712.6,364.1,43.3,78.0,1,-1,-1,-1
101,15,530.0,256.8,29.1,51.4,1,-1,-1,-1
101,16,249.9,265.9,29.7,76.3,1,-1,-1,-1
101,17,727.6,263.4,31.4,40.2,1,-1,-1,-1
101,18,223.7,444.4,56.0,109.9,1,-1,-1,-1
101,20,639.6,290.6,30.3,73.2,1,-1,-1,-1
101,21,496.1,332.3,37.5,90.7,1,-1,-1,-1
101,22,529.7,341.9,36.6,87.0,1,-1,-1,-1
101,23,267.0,221.6,20.1,42.6,1,-1,-1,-1
101,24,622.5,192.4,27.3,62.0,1,-1,-1,-1
101,25,283.6,190.7,22.3,56.9,1,-1,-1,-1
101,26,776.7,162.0,20.5,43.9,1,-1,-1,-1
101,27,86.1,315.9,27.9,62.4,1,-1,-1,-1
101,28,409.2,178.1,26.5,54.1,1,-1,-1,-1
101,29,449.5,185.3,24.1,39.0,1,-1,-1,-1
101,30,293.9,261.4,23.1,40.4,1,-1,-1,-1
101,31,318.4,265.0,19.2,42.1,1,-1,-1,-1
101,33,318.5,315.2,22.1,39.1,1,-1,-1,-1
101,36,597.9,381.5,40.8,86.7,1,-1,-1,-1
101,37,498.0,529.4,56.1,129.9,1,-1,-1,-1
101,40,234.5,258.3,24.4,49.0,1,-1,-1,-1
101,41,656.5,675.7,51.2,80.4,1,-1,-1,-1
101,43,583.5,664.5,67.6,91.2,1,-1,-1,-1
101,46,270.2,267.9,21.0,37.2,1,-1,-1,-1
101,47,532.0,406.4,46.5,92.5,1,-1,-1,-1
101,48,309.5,270.9,18.1,34.9,1,-1,-1,-1
101,50,29.7,662.4,68.8,93.5,1,-1,-1,-1
101,51,-0.1,422.9,51.6,65.6,1,-1,-1,-1
102,1,372.0,599.0,67.9,97.7,1,-1,-1,-1
102,2,103.8,496.1,59.0,82.7,1,-1,-1,-1
102,3,130.1,349.2,51.9,54.4,1,-1,-1,-1
102,4,224.1,533.1,73.6,87.0,1,-1,-1,-1
102,5,718.8,381.9,43.8,97.3,1,-1,-1,-1
102,6,286.1,435.0,51.7,107.7,1,-1,-1,-1
102,7,388.5,440.4,39.8,109.9,1,-1,-1,-1
102,8,508.2,258.5,26.8,55.5,1,-1,-1,-1
102,9,411.6,613.6,102.9,103.3,1,-1,-1,-1
102,12,88.3,356.9,36.2,75.9,1,-1,-1,-1
102,13,662.3,298.0,32.6,76.4,1,-1,-1,-1
102,15,531.7,256.2,29.1,51.4,1,-1,-1,-1
102,16,252.1,267.0,28.7,75.3,1,-1,-1,-1
102,17,728.1,263.2,32.1,41.0,1,-1,-1,-1
102,18,225.2,443.4,56.9,110.7,1,-1,-1,-1
102,20,642.9,289.8,30.2,74.4,1,-1,-1,-1
102,21,495.4,332.0,38.1,92.5,1,-1,-1,-1
102,22,528.5,341.5,36.1,86.9,1,-1,-1,-1
102,23,268.6,223.6,20.6,40.6,1,-1,-1,-1
102,24,624.0,193.2,26.9,61.7,1,-1,-1,-1
102,25,286.9,190.5,22.4,57.0,1,-1,-1,-1
102,26,778.1,162.6,19.7,43.8,1,-1,-1,-1
102,27,89.4,315.4,28.4,63.8,1,-1,-1,-1
102,28,414.3,179.1,23.4,52.3,1,-1,-1,-1
102,29,451.9,183.8,23.6,39.4,1,-1,-1,-1
102,30,295.9,259.6,21.6,39.6,1,-1,-1,-1
102,31,319.9,264.5,18.7,42.0,1,-1,-1,-1
102,33,319.0,315.1,22.5,38.3,1,-1,-1,-1
102,36,598.1,384.2,41.8,83.5,1,-1,-1,-1
102,37,492.7,527.8,54.8,123.8,1,-1,-1,-1
102,40,237.6,258.2,24.1,48.9,1,-1,-1,-1
102,41,656.4,673.7,50.3,82.2,1,-1,-1,-1
102,43,582.9,661.9,70.0,93.7,1,-1,-1,-1
102,46,271.3,267.3,20.7,37.8,1,-1,-1,-1
102,47,533.4,407.2,48.0,96.3,1,-1,-1,-1
102,48,308.6,271.3,19.3,33.6,1,-1,-1,-1
102,50,38.9,658.6,67.7,97.8,1,-1,-1,-1
102,51,0.0,421.7,53.4,65.0,1,-1,-1,-1
103,1,370.9,598.3,68.7,97.3,1,-1,-1,-1
103,2,105.2,494.2,57.7,82.0,1,-1,-1,-1
103,3,131.9,347.6,51.6,54.7,1,-1,-1,-1
103,4,224.6,530.9,74.2,86.1,1,-1,-1,-1
103,5,723.3,385.4,40.9,95.2,1,-1,-1,-1
103,6,286.2,434.1,51.1,107.2,1,-1,-1,-1
103,7,388.5,439.4,38.7,109.6,1,-1,-1,-1
103,8,509.2,257.1,26.1,56.2,1,-1,-1,-1
103,9,412.5,611.9,100.8,104.8,1,-1,-1,-1
103,12,91.0,356.2,35.0,75.9,1,-1,-1,-1
103,13,661.9,297.0,31.6,76.4,1,-1,-1,-1
103,14,712.0,366.1,38.0,80.8,1,-1,-1,-1
103,15,533.5,255.3,28.4,51.7,1,-1,-1,-1
103,16,254.3,267.0,26.8,73.3,1,-1,-1,-1
103,17,729.6,262.7,32.1,41.2,1,-1,-1,-1
103,18,226.3,442.0,58.3,111.8,1,-1,-1,-1
103,20,646.9,289.6,28.6,77.4,1,-1,-1,-1
103,21,494.8,331.9,37.0,93.5,1,-1,-1,-1
103,22,526.9,340.7,35.5,86.7,1,-1,-1,-1
103,23,271.4,225.9,20.1,38.4,1,-1,-1,-1
103,24,626.4,193.3,27.1,61.5,1,-1,-1,-1
103,25,289.4,189.0,22.5,57.5,1,-1,-1,-1
103,26,778.8,162.5,19.9,44.3,1,-1,-1,-1
103,27,92.2,313.5,28.2,63.4,1,-1,-1,-1
103,28,417.6,180.7,23.4,51.0,1,-1,-1,-1
103,29,454.1,182.9,22.6,39.1,1,-1,-1,-1
103,30,297.4,258.4,21.3,39.9,1,-1,-1,-1
103,31,320.6,264.2,18.7,42.0,1,-1,-1,-1
103,33,319.3,314.0,22.8,38.5,1,-1,-1,-1
103,36,598.8,386.8,42.5,83.9,1,-1,-1,-1
103,37,489.3,525.9,52.8,126.2,1,-1,-1,-1
103,40,239.3,257.6,23.6,49.8,1,-1,-1,-1
103,41,654.2,672.5,51.6,83.5,1,-1,-1,-1
103,43,581.7,660.0,71.8,95.9,1,-1,-1,-1
103,46,271.8,265.9,20.5,37.1,1,-1,-1,-1
103,47,538.4,409.0,49.5,104.1,1,-1,-1,-1
103,48,309.6,269.7,19.2,34.1,1,-1,-1,-1
103,50,50.2,655.5,77.0,101.0,1,-1,-1,-1
103,51,0.1,420.5,55.6,64.2,1,-1,-1,-1
104,1,370.3,597.1,68.4,97.7,1,-1,-1,-1
104,2,106.3,493.4,56.7,81.6,1,-1,-1,-1
104,3,133.5,345.1,56.4,56.9,1,-1,-1,-1
104,4,224.9,529.5,73.8,85.2,1,-1,-1,-1
104,5,726.0,388.2,40.7,94.6,1,-1,-1,-1
104,6,286.0,434.5,51.8,106.9,1,-1,-1,-1
104,7,387.5,438.5,38.6,113.3,1,-1,-1,-1
104,8,510.5,255.8,26.7,56.8,1,-1,-1,-1
104,9,410.9,611.0,100.9,105.2,1,-1,-1,-1
104,12,93.5,355.4,35.0,75.0,1,-1,-1,-1
104,13,661.7,297.0,30.9,76.0,1,-1,-1,-1
104,14,709.3,366.9,41.2,82.0,1,-1,-1,-1
104,15,535.2,252.0,30.0,52.7,1,-1,-1,-1
104,16,255.5,266.8,25.3,71.6,1,-1,-1,-1
104,17,730.7,261.1,32.3,42.3,1,-1,-1,-1
104,18,226.9,441.3,57.1,112.6,1,-1,-1,-1
104,20,649.4,288.7,28.6,77.5,1,-1,-1,-1
104,21,494.8,331.6,36.2,93.7,1,-1,-1,-1
104,22,524.6,341.0,36.6,86.2,1,-1,-1,-1
104,23,272.5,223.0,19.9,40.3,1,-1,-1,-1
104,24,627.7,192.7,27.9,61.8,1,-1,-1,-1
104,25,291.6,188.9,22.1,57.5,1,-1,-1,-1
104,26,779.4,162.0,20.2,44.8,1,-1,-1,-1
104,27,94.0,313.1,28.6,64.4,1,-1,-1,-1
104,28,416.9,177.3,24.1,52.7,1,-1,-1,-1
104,29,454.6,181.7,22.9,39.0,1,-1,-1,-1
104,30,298.6,257.3,22.2,42.2,1,-1,-1,-1
104,31,322.1,263.5,18.6,40.8,1,-1,-1,-1
104,33,318.7,312.5,23.2,39.3,1,-1,-1,-1
104,36,600.2,388.3,40.5,80.5,1,-1,-1,-1
104,37,482.4,521.0,55.1,132.8,1,-1,-1,-1
104,40,240.1,256.4,23.0,48.9,1,-1,-1,-1
104,41,650.9,671.8,53.1,84.3,1,-1,-1,-1
104,43,580.8,658.9,72.7,97.3,1,-1,-1,-1
104,46,273.1,264.8,20.6,37.0,1,-1,-1,-1
104,47,535.9,412.5,54.4,108.2,1,-1,-1,-1
104,48,311.6,268.9,18.8,34.6,1,-1,-1,-1
104,50,61.9,654.0,76.5,102.6,1,-1,-1,-1
104,51,0.7,417.8,56.3,65.3,1,-1,-1,-1
105,1,370.4,595.9,68.7,98.5,1,-1,-1,-1
105,2,108.3,492.0,56.6,80.8,1,-1,-1,-1
105,3,135.6,344.9,55.5,55.5,1,-1,-1,-1
105,4,226.1,527.8,72.5,84.8,1,-1,-1,-1
105,5,727.9,389.8,41.2,95.9,1,-1,-1,-1
105,6,286.0,431.9,52.0,107.6,1,-1,-1,-1
105,7,386.8,436.1,39.2,114.3,1,-1,-1,-1
105,8,511.8,255.5,26.8,56.1,1,-1,-1,-1
105,9,409.9,609.9,100.9,105.6,1,-1,-1,-1
105,12,94.9,354.8,35.1,74.5,1,-1,-1,-1
105,13,661.0,297.1,30.3,76.3,1,-1,-1,-1
105,14,707.1,366.9,42.7,83.4,1,-1,-1,-1
105,15,535.9,251.5,29.7,53.3,1,-1,-1,-1
105,16,256.7,267.3,24.7,70.7,1,-1,-1,-1
105,17,733.0,261.2,31.8,42.8,1,-1,-1,-1
105,18,228.2,440.1,56.6,113.0,1,-1,-1,-1
105,20,652.3,289.0,27.5,75.8,1,-1,-1,-1
105,21,494.2,331.3,35.9,92.9,1,-1,-1,-1
105,22,523.3,341.3,37.2,86.3,1,-1,-1,-1
105,23,273.7,221.2,19.7,41.2,1,-1,-1,-1
105,24,629.0,192.3,28.4,62.6,1,-1,-1,-1
105,25,294.3,188.0,22.1,58.3,1,-1,-1,-1
105,26,780.1,161.5,20.5,44.5,1,-1,-1,-1
105,27,96.7,313.5,27.5,62.9,1,-1,-1,-1
105,28,420.8,177.7,24.2,51.7,1,-1,-1,-1
105,29,455.3,181.0,23.4,39.1,1,-1,-1,-1
105,30,301.4,256.4,23.0,43.0,1,-1,-1,-1
105,31,322.7,263.8,18.9,38.8,1,-1,-1,-1
105,33,317.7,310.5,23.0,39.8,1,-1,-1,-1
105,36,602.0,389.2,40.9,83.2,1,-1,-1,-1
105,37,475.5,518.9,55.2,129.6,1,-1,-1,-1
105,40,240.3,254.5,24.1,48.4,1,-1,-1,-1
105,41,648.9,670.8,52.9,85.3,1,-1,-1,-1
105,43,579.6,658.5,72.8,97.8,1,-1,-1,-1
105,46,274.2,263.9,20.8,36.8,1,-1,-1,-1
105,47,536.0,416.6,55.1,106.2,1,-1,-1,-1
105,48,312.2,267.3,19.1,35.3,1,-1,-1,-1
105,50,70.3,652.0,78.3,104.3,1,-1,-1,-1
105,51,1.1,415.5,58.6,66.8,1,-1,-1,-1
106,1,370.0,594.5,68.8,99.1,1,-1,-1,-1
106,2,107.3,490.2,57.6,80.1,1,-1,-1,-1
106,3,137.6,344.1,53.7,54.7,1,-1,-1,-1
106,4,226.5,527.1,72.2,84.8,1,-1,-1,-1
106,5,730.7,392.5,41.6,95.9,1,-1,-1,-1
106,6,286.0,430.7,52.8,107.4,1,-1,-1,-1
106,7,385.0,432.4,41.5,115.4,1,-1,-1,-1
106,8,512.3,255.2,27.8,54.8,1,-1,-1,-1
106,9,409.6,607.6,100.5,106.8,1,-1,-1,-1
106,12,96.9,356.0,34.8,71.9,1,-1,-1,-1
106,13,659.3,295.6,31.2,79.4,1,-1,-1,-1
106,14,705.2,366.0,43.0,84.3,1,-1,-1,-1
106,15,536.8,251.4,29.9,53.1,1,-1,-1,-1
106,16,258.2,266.3,26.0,71.1,1,-1,-1,-1
106,17,733.8,261.8,32.0,42.7,1,-1,-1,-1
106,18,229.8,438.4,56.4,114.1,1,-1,-1,-1
106,20,652.2,287.9,27.2,75.9,1,-1,-1,-1
106,21,494.0,330.4,35.6,92.7,1,-1,-1,-1
106,22,522.2,341.5,37.2,86.0,1,-1,-1,-1
106,23,274.6,219.6,19.7,41.8,1,-1,-1,-1
106,24,629.9,191.8,28.8,64.2,1,-1,-1,-1
106,25,296.5,188.0,21.4,57.8,1,-1,-1,-1
106,26,781.6,161.5,20.9,44.0,1,-1,-1,-1
106,27,97.9,314.2,27.8,60.4,1,-1,-1,-1
106,28,424.9,177.4,23.0,51.3,1,-1,-1,-1
106,29,456.9,180.8,23.8,39.7,1,-1,-1,-1
106,30,302.8,255.7,23.3,43.4,1,-1,-1,-1
106,31,326.5,263.4,19.5,39.9,1,-1,-1,-1
106,33,315.4,309.0,22.9,39.7,1,-1,-1,-1
106,36,603.4,389.1,41.1,86.2,1,-1,-1,-1
106,37,473.4,518.6,56.4,128.7,1,-1,-1,-1
106,40,240.6,254.2,24.6,48.5,1,-1,-1,-1
106,41,648.1,669.5,52.4,86.5,1,-1,-1,-1
106,43,578.5,656.8,72.0,98.0,1,-1,-1,-1
106,46,276.7,263.7,21.2,36.4,1,-1,-1,-1
106,47,541.5,418.1,51.4,105.0,1,-1,-1,-1
106,48,313.1,265.9,19.1,35.7,1,-1,-1,-1
106,50,77.2,646.0,69.2,107.5,1,-1,-1,-1
106,51,0.1,415.8,60.0,64.3,1,-1,-1,-1
107,1,370.2,592.4,67.8,98.5,1,-1,-1,-1
107,2,108.4,487.8,56.7,78.8,1,-1,-1,-1
107,3,137.9,341.8,53.6,55.9,1,-1,-1,-1
107,4,226.4,526.7,72.0,84.2,1,-1,-1,-1
107,5,732.5,393.4,41.6,95.2,1,-1,-1,-1
107,6,286.3,430.2,52.4,105.7,1,-1,-1,-1
107,7,383.7,430.0,43.1,115.4,1,-1,-1,-1
107,8,512.5,255.6,28.7,54.4,1,-1,-1,-1
107,9,409.2,605.9,100.4,107.6,1,-1,-1,-1
107,12,98.7,354.1,34.9,72.3,1,-1,-1,-1
107,13,658.4,294.6,31.8,80.1,1,-1,-1,-1
107,14,704.2,365.6,40.9,84.0,1,-1,-1,-1
107,15,537.4,251.0,29.6,52.4,1,-1,-1,-1
107,16,259.2,266.9,26.5,70.4,1,-1,-1,-1
107,17,735.0,261.8,32.2,41.4,1,-1,-1,-1
107,18,230.2,436.2,57.0,115.1,1,-1,-1,-1
107,20,651.2,286.5,26.6,75.8,1,-1,-1,-1
107,21,492.9,330.0,36.3,93.5,1,-1,-1,-1
107,22,522.1,341.6,37.0,85.5,1,-1,-1,-1
107,23,275.2,218.4,19.7,43.4,1,-1,-1,-1
107,24,631.1,191.0,28.5,64.7,1,-1,-1,-1
107,25,299.0,187.8,21.2,57.2,1,-1,-1,-1
107,26,783.9,162.5,20.4,42.9,1,-1,-1,-1
107,27,100.5,314.9,29.5,60.1,1,-1,-1,-1
107,28,427.9,176.1,22.9,52.0,1,-1,-1,-1
107,29,461.1,179.3,23.4,39.2,1,-1,-1,-1
107,30,303.6,255.7,23.3,43.5,1,-1,-1,-1
107,31,328.7,262.7,19.2,39.7,1,-1,-1,-1
107,33,317.2,308.1,21.1,39.1,1,-1,-1,-1
107,36,605.2,388.9,40.9,88.1,1,-1,-1,-1
107,37,469.5,518.8,58.4,124.5,1,-1,-1,-1
107,40,242.5,253.5,23.6,46.1,1,-1,-1,-1
107,41,646.7,667.8,52.7,88.1,1,-1,-1,-1
107,43,578.8,655.4,71.0,99.0,1,-1,-1,-1
107,46,278.1,263.7,21.5,36.2,1,-1,-1,-1
107,47,546.8,417.1,49.5,104.5,1,-1,-1,-1
107,50,84.0,642.1,64.1,110.5,1,-1,-1,-1
107,51,-0.3,414.3,60.4,63.6,1,-1,-1,-1
108,1,370.2,591.4,66.2,97.5,1,-1,-1,-1
108,2,109.8,486.6,56.2,78.2,1,-1,-1,-1
108,3,139.0,340.9,53.1,56.0,1,-1,-1,-1
108,4,227.4,526.2,71.5,83.2,1,-1,-1,-1
108,5,734.7,394.7,41.2,94.5,1,-1,-1,-1
108,6,286.5,429.5,52.5,105.1,1,-1,-1,-1
108,7,387.0,429.2,40.4,113.7,1,-1,-1,-1
108,8,514.0,256.6,28.3,55.1,1,-1,-1,-1
108,9,408.0,603.2,100.7,109.2,1,-1,-1,-1
108,12,98.9,351.7,35.4,73.5,1,-1,-1,-1
108,13,659.8,293.5,31.4,82.7,1,-1,-1,-1
108,14,702.4,365.9,40.4,84.1,1,-1,-1,-1
108,15,538.4,250.9,30.0,52.1,1,-1,-1,-1
108,16,260.5,263.6,26.4,72.2,1,-1,-1,-1
108,17,736.3,261.9,32.8,40.7,1,-1,-1,-1
108,18,230.2,435.0,56.4,114.9,1,-1,-1,-1
108,21,492.1,330.2,36.8,92.8,1,-1,-1,-1
108,22,521.5,341.2,37.1,85.7,1,-1,-1,-1
108,23,275.6,217.4,19.3,43.9,1,-1,-1,-1
108,24,636.0,191.5,26.8,62.3,1,-1,-1,-1
108,25,300.9,186.1,21.6,58.9,1,-1,-1,-1
108,26,785.0,161.2,20.4,44.0,1,-1,-1,-1
108,27,102.7,315.8,29.7,60.8,1,-1,-1,-1
108,28,430.3,176.8,23.0,52.2,1,-1,-1,-1
108,29,463.3,178.6,23.0,39.3,1,-1,-1,-1
108,30,305.4,255.6,23.5,44.2,1,-1,-1,-1
108,31,329.8,262.2,18.7,39.7,1,-1,-1,-1
108,33,318.5,307.9,19.9,39.4,1,-1,-1,-1
108,36,606.9,390.1,41.8,89.6,1,-1,-1,-1
108,37,467.1,518.3,58.6,122.3,1,-1,-1,-1
108,40,245.2,253.3,22.7,45.5,1,-1,-1,-1
108,41,645.4,667.1,52.3,89.0,1,-1,-1,-1
108,43,577.9,654.4,71.7,99.7,1,-1,-1,-1
108,46,278.3,263.3,21.8,36.3,1,-1,-1,-1
108,47,551.0,417.9,48.2,106.6,1,-1,-1,-1
108,48,320.3,263.8,19.2,37.2,1,-1,-1,-1
108,50,91.5,640.7,60.7,114.7,1,-1,-1,-1
108,51,-0.1,412.5,61.6,64.1,1,-1,-1,-1
109,1,370.3,591.0,65.2,97.0,1,-1,-1,-1
109,2,110.2,485.6,57.5,78.2,1,-1,-1,-1
109,3,141.1,340.6,51.6,55.4,1,-1,-1,-1
109,4,228.0,525.5,71.8,82.0,1,-1,-1,-1
109,5,735.6,395.7,44.3,95.2,1,-1,-1,-1
109,6,286.8,428.7,52.6,104.6,1,-1,-1,-1
109,7,387.6,428.3,39.5,112.1,1,-1,-1,-1
109,8,517.7,258.1,26.0,53.0,1,-1,-1,-1
109,9,406.9,604.3,101.5,108.1,1,-1,-1,-1
109,12,99.7,350.9,35.7,73.9,1,-1,-1,-1
109,13,659.8,291.7,31.5,83.8,1,-1,-1,-1
109,14,701.4,364.6,40.0,84.8,1,-1,-1,-1
109,15,540.2,251.9,29.4,52.1,1,-1,-1,-1
109,16,262.3,261.6,27.0,73.7,1,-1,-1,-1
109,17,738.0,261.5,32.3,41.2,1,-1,-1,-1
109,18,230.2,434.1,55.9,114.1,1,-1,-1,-1
109,21,491.7,330.4,37.5,92.9,1,-1,-1,-1
109,22,520.6,339.9,38.2,87.2,1,-1,-1,-1
109,23,276.7,216.7,18.9,43.5,1,-1,-1,-1
109,24,639.0,192.2,26.4,60.0,1,-1,-1,-1
109,25,303.3,185.7,22.0,59.1,1,-1,-1,-1
109,26,785.9,161.5,20.5,43.7,1,-1,-1,-1
109,27,105.7,315.7,28.7,60.4,1,-1,-1,-1
109,28,440.8,179.6,24.6,50.6,1,-1,-1,-1
109,29,462.5,179.5,24.7,40.9,1,-1,-1,-1
109,30,307.4,254.8,22.3,44.6,1,-1,-1,-1
109,31,330.8,262.0,18.6,40.2,1,-1,-1,-1
109,33,318.7,307.4,19.9,39.3,1,-1,-1,-1
109,36,608.3,392.9,41.8,90.8,1,-1,-1,-1
109,37,456.8,518.3,64.9,122.5,1,-1,-1,-1
109,40,246.5,252.9,22.7,47.1,1,-1,-1,-1
109,41,644.2,665.7,52.5,90.3,1,-1,-1,-1
109,43,577.7,654.0,72.4,100.6,1,-1,-1,-1
109,46,277.4,262.4,22.1,36.6,1,-1,-1,-1
109,47,555.5,421.0,45.6,109.6,1,-1,-1,-1
109,48,320.5,263.2,19.6,37.9,1,-1,-1,-1
109,50,95.5,637.9,63.3,118.1,1,-1,-1,-1
109,51,-0.0,411.4,62.7,64.0,1,-1,-1,-1
110,1,370.1,590.1,65.6,96.4,1,-1,-1,-1
110,2,111.3,483.5,57.6,79.6,1,-1,-1,-1
110,3,143.6,340.3,51.3,54.7,1,-1,-1,-1
110,4,228.7,525.2,71.2,80.5,1,-1,-1,-1
110,5,738.4,395.4,46.2,93.0,1,-1,-1,-1
110,6,287.5,427.5,52.6,105.3,1,-1,-1,-1
110,7,387.3,427.4,40.3,111.5,1,-1,-1,-1
110,8,519.8,256.7,25.1,52.7,1,-1,-1,-1
110,9,406.9,603.7,101.5,105.0,1,-1,-1,-1
110,12,101.5,349.8,35.5,74.5,1,-1,-1,-1
110,13,660.1,293.9,31.3,81.3,1,-1,-1,-1
110,14,700.4,363.4,40.0,84.8,1,-1,-1,-1
110,15,542.2,252.3,28.7,52.1,1,-1,-1,-1
110,16,264.5,261.4,26.7,73.3,1,-1,-1,-1
110,17,739.4,260.6,32.1,41.2,1,-1,-1,-1
110,18,230.9,432.9,55.6,113.0,1,-1,-1,-1
110,21,491.2,329.8,37.8,93.2,1,-1,-1,-1
110,22,520.6,339.0,38.7,87.7,1,-1,-1,-1
110,23,277.4,215.8,18.4,43.3,1,-1,-1,-1
110,24,640.3,192.5,25.9,58.7,1,-1,-1,-1
110,25,305.2,185.8,22.1,57.9,1,-1,-1,-1
110,26,788.0,160.9,20.1,43.6,1,-1,-1,-1
110,27,108.7,314.7,27.4,59.0,1,-1,-1,-1
110,28,453.7,183.0,25.2,50.0,1,-1,-1,-1
110,29,463.1,179.6,25.4,42.6,1,-1,-1,-1
110,30,308.8,254.8,22.9,44.3,1,-1,-1,-1
110,31,332.2,262.1,18.4,39.2,1,-1,-1,-1
110,33,318.5,306.8,19.8,39.1,1,-1,-1,-1
110,36,610.0,393.7,41.3,94.2,1,-1,-1,-1
110,37,449.8,516.4,67.2,123.2,1,-1,-1,-1
110,40,248.4,252.4,22.2,48.2,1,-1,-1,-1
110,41,642.5,664.7,52.7,91.3,1,-1,-1,-1
110,43,577.6,653.1,72.8,101.0,1,-1,-1,-1
110,46,280.2,262.2,22.6,36.2,1,-1,-1,-1
110,47,557.7,422.9,49.9,112.7,1,-1,-1,-1
110,48,323.1,262.9,19.1,38.4,1,-1,-1,-1
110,50,103.0,639.4,72.4,117.5,1,-1,-1,-1
110,51,0.3,410.6,65.2,64.3,1,-1,-1,-1
111,1,368.6,588.1,65.8,96.3,1,-1,-1,-1
111,2,112.2,482.3,57.4,80.7,1,-1,-1,-1
111,3,145.5,339.8,53.2,54.2,1,-1,-1,-1
111,4,230.0,523.7,71.0,80.0,1,-1,-1,-1
111,5,742.5,394.8,45.9,95.7,1,-1,-1,-1
111,6,287.9,426.0,52.6,106.6,1,-1,-1,-1
111,7,385.3,425.5,42.6,110.0,1,-1,-1,-1
111,8,520.7,255.7,25.5,53.3,1,-1,-1,-1
111,9,406.2,601.9,101.9,101.9,1,-1,-1,-1
111,12,103.3,350.7,34.9,73.0,1,-1,-1,-1
111,13,660.8,295.1,31.1,80.0,1,-1,-1,-1
111,14,698.9,363.3,40.3,85.0,1,-1,-1,-1
111,15,544.0,252.3,28.2,51.7,1,-1,-1,-1
111,16,266.5,262.8,26.6,71.7,1,-1,-1,-1
111,17,741.2,261.0,31.4,40.8,1,-1,-1,-1
111,18,232.5,432.2,55.2,112.4,1,-1,-1,-1
111,21,490.5,330.3,37.9,93.5,1,-1,-1,-1
111,22,521.2,339.2,38.1,87.8,1,-1,-1,-1
111,23,277.7,216.3,18.5,43.3,1,-1,-1,-1
111,24,640.5,191.9,26.3,58.6,1,-1,-1,-1
111,25,306.8,185.8,21.9,57.2,1,-1,-1,-1
111,26,787.2,160.9,20.9,43.8,1,-1,-1,-1
111,27,112.0,312.8,27.8,60.1,1,-1,-1,-1
111,29,463.8,178.7,26.2,43.1,1,-1,-1,-1
111,30,311.6,254.4,23.3,44.4,1,-1,-1,-1
111,31,332.8,261.9,18.7,37.8,1,-1,-1,-1
111,33,318.5,306.1,19.8,39.2,1,-1,-1,-1
111,36,611.6,395.3,42.2,90.9,1,-1,-1,-1
111,37,443.9,508.8,64.2,119.8,1,-1,-1,-1
111,40,250.3,251.6,24.1,49.2,1,-1,-1,-1
111,41,640.8,663.3,53.2,92.7,1,-1,-1,-1
111,43,578.6,651.5,72.5,102.5,1,-1,-1,-1
111,46,281.9,261.4,23.5,36.7,1,-1,-1,-1
111,47,561.1,426.4,54.6,116.2,1,-1,-1,-1
111,48,323.6,263.1,18.8,37.9,1,-1,-1,-1
111,50,109.7,640.5,83.0,116.2,1,-1,-1,-1
111,51,0.2,409.7,67.7,64.6,1,-1,-1,-1
111,52,438.4,180.4,23.2,48.9,1,-1,-1,-1
112,1,368.2,586.7,66.1,96.6,1,-1,-1,-1
112,2,113.1,481.7,56.9,81.2,1,-1,-1,-1
112,3,146.8,340.0,54.2,53.3,1,-1,-1,-1
112,4,232.7,522.0,68.9,79.7,1,-1,-1,-1
112,5,747.4,395.7,48.6,96.1,1,-1,-1,-1
112,6,289.1,424.2,52.1,108.0,1,-1,-1,-1
112,7,386.0,424.3,43.0,109.9,1,-1,-1,-1
112,8,521.9,255.0,26.6,53.2,1,-1,-1,-1
112,9,404.3,601.5,103.7,99.2,1,-1,-1,-1
112,12,105.8,350.2,34.0,72.3,1,-1,-1,-1
112,13,661.0,295.0,32.0,79.6,1,-1,-1,-1
112,14,698.0,362.7,39.7,85.2,1,-1,-1,-1
112,15,545.5,249.9,30.2,53.2,1,-1,-1,-1
112,16,267.7,263.7,26.2,69.9,1,-1,-1,-1
112,17,742.8,259.9,32.4,41.9,1,-1,-1,-1
112,18,234.1,430.9,54.8,112.4,1,-1,-1,-1
112,21,490.0,330.7,37.7,94.3,1,-1,-1,-1
112,22,521.1,336.7,38.5,90.1,1,-1,-1,-1
112,23,277.9,216.4,18.9,43.9,1,-1,-1,-1
112,24,641.5,191.2,27.1,59.7,1,-1,-1,-1
112,25,310.0,185.7,20.9,57.0,1,-1,-1,-1
112,26,788.2,161.6,20.5,43.3,1,-1,-1,-1
112,27,114.4,312.3,29.3,61.4,1,-1,-1,-1
112,29,467.4,177.3,25.2,42.4,1,-1,-1,-1
112,30,313.6,253.8,23.5,44.3,1,-1,-1,-1
112,31,336.7,260.6,19.1,38.6,1,-1,-1,-1
112,33,318.9,304.6,19.3,38.7,1,-1,-1,-1
112,36,614.4,396.6,42.3,88.0,1,-1,-1,-1
112,37,440.1,505.1,59.1,115.9,1,-1,-1,-1
112,40,252.5,248.0,25.2,51.9,1,-1,-1,-1
112,41,639.7,661.6,52.3,94.3,1,-1,-1,-1
112,43,577.8,649.5,72.9,104.5,1,-1,-1,-1
112,46,284.6,259.8,23.5,37.3,1,-1,-1,-1
112,47,566.0,431.2,56.0,119.4,1,-1,-1,-1
112,48,323.4,264.0,19.4,36.6,1,-1,-1,-1
112,50,116.3,638.7,85.9,117.3,1,-1,-1,-1
112,51,0.1,409.6,70.1,63.8,1,-1,-1,-1
112,52,441.8,179.0,25.8,51.2,1,-1,-1,-1
112,53,0.0,209.4,10.7,45.4,1,-1,-1,-1
113,1,367.4,586.1,66.3,96.6,1,-1,-1,-1
113,2,113.3,481.6,56.5,81.1,1,-1,-1,-1
113,3,150.0,338.9,52.6,53.4,1,-1,-1,-1
113,4,233.6,520.3,68.3,80.6,1,-1,-1,-1
113,5,750.3,396.2,51.9,95.8,1,-1,-1,-1
113,6,289.6,422.5,53.1,108.9,1,-1,-1,-1
113,7,383.4,422.4,45.3,112.7,1,-1,-1,-1
113,8,523.4,254.8,26.1,52.7,1,-1,-1,-1
113,9,403.1,600.8,104.7,97.7,1,-1,-1,-1
113,12,108.3,347.5,34.9,72.8,1,-1,-1,-1
113,13,660.4,295.7,33.3,78.6,1,-1,-1,-1
113,14,696.6,362.1,38.0,85.3,1,-1,-1,-1
113,15,546.8,249.1,30.5,53.9,1,-1,-1,-1
113,16,268.7,262.4,26.9,70.2,1,-1,-1,-1
113,17,743.7,259.6,32.4,41.9,1,-1,-1,-1
113,18,234.6,430.1,53.0,111.1,1,-1,-1,-1
113,21,488.2,330.9,38.7,93.4,1,-1,-1,-1
113,22,521.5,334.8,38.9,91.8,1,-1,-1,-1
113,23,279.3,215.8,20.0,44.3,1,-1,-1,-1
113,24,642.8,191.1,27.1,60.3,1,-1,-1,-1
113,25,312.3,185.2,21.4,57.5,1,-1,-1,-1
113,26,790.1,161.7,20.0,42.6,1,-1,-1,-1
113,27,116.0,312.7,29.6,62.1,1,-1,-1,-1
113,29,473.4,174.7,22.9,39.4,1,-1,-1,-1
113,30,314.5,253.8,23.5,44.0,1,-1,-1,-1
113,31,338.9,259.4,19.1,39.2,1,-1,-1,-1
113,33,318.5,303.1,19.9,39.9,1,-1,-1,-1
113,36,618.5,398.3,42.9,85.9,1,-1,-1,-1
113,37,434.2,504.0,56.0,120.4,1,-1,-1,-1
113,40,255.7,247.1,23.6,50.6,1,-1,-1,-1
113,41,636.3,659.4,53.0,96.4,1,-1,-1,-1
113,43,576.3,648.0,72.1,105.3,1,-1,-1,-1
113,46,286.6,258.4,22.6,38.3,1,-1,-1,-1
113,47,573.9,435.6,55.4,118.2,1,-1,-1,-1
113,48,331.0,262.4,17.9,36.0,1,-1,-1,-1
113,50,127.5,637.5,84.0,118.2,1,-1,-1,-1
113,51,0.2,409.0,72.2,63.2,1,-1,-1,-1
113,52,442.4,183.0,25.7,49.6,1,-1,-1,-1
113,53,0.0,208.8,12.5,46.6,1,-1,-1,-1
113,54,0.2,426.3,20.4,46.9,1,-1,-1,-1
114,1,367.9,585.4,65.8,97.2,1,-1,-1,-1
114,2,113.6,481.1,57.9,79.9,1,-1,-1,-1
114,3,151.5,338.5,51.2,53.0,1,-1,-1,-1
114,4,232.2,518.3,68.9,82.0,1,-1,-1,-1
114,5,752.3,401.9,54.9,91.0,1,-1,-1,-1
114,6,290.1,422.0,53.2,108.1,1,-1,-1,-1
114,7,380.3,422.4,47.7,113.7,1,-1,-1,-1
114,8,524.0,254.5,26.3,52.6,1,-1,-1,-1
114,9,402.1,598.3,105.5,98.9,1,-1,-1,-1
114,12,109.6,346.0,34.6,73.1,1,-1,-1,-1
114,13,660.3,298.1,33.8,73.4,1,-1,-1,-1
114,14,695.5,361.2,36.0,85.4,1,-1,-1,-1
114,15,546.8,249.5,30.9,54.0,1,-1,-1,-1
114,16,270.4,259.3,27.6,72.2,1,-1,-1,-1
114,17,745.5,259.1,31.3,41.3,1,-1,-1,-1
114,18,236.1,433.1,46.3,100.3,1,-1,-1,-1
114,21,489.0,334.1,38.1,89.0,1,-1,-1,-1
114,22,522.6,334.5,38.9,91.0,1,-1,-1,-1
114,23,278.7,216.0,20.7,44.3,1,-1,-1,-1
114,24,646.9,192.5,25.4,57.0,1,-1,-1,-1
114,25,315.1,185.0,21.0,56.5,1,-1,-1,-1
114,26,791.5,161.6,19.9,42.2,1,-1,-1,-1
114,27,120.0,316.2,28.3,60.0,1,-1,-1,-1
114,29,476.8,177.2,19.7,35.3,1,-1,-1,-1
114,30,316.0,253.9,24.1,42.3,1,-1,-1,-1
114,31,341.8,258.3,19.2,39.4,1,-1,-1,-1
114,33,320.1,302.1,20.4,39.8,1,-1,-1,-1
114,36,621.7,402.3,40.9,83.2,1,-1,-1,-1
114,37,430.0,503.8,53.6,117.9,1,-1,-1,-1
114,40,259.9,250.5,21.7,48.8,1,-1,-1,-1
114,41,633.9,658.8,54.5,97.3,1,-1,-1,-1
114,43,575.7,647.5,71.4,106.1,1,-1,-1,-1
114,46,288.4,257.1,22.4,38.8,1,-1,-1,-1
114,47,583.6,435.8,52.5,82.5,1,-1,-1,-1
114,48,338.8,258.8,18.9,38.7,1,-1,-1,-1
114,50,135.2,634.3,89.0,121.2,1,-1,-1,-1
114,51,0.9,407.4,73.1,62.9,1,-1,-1,-1
114,52,447.3,182.3,26.1,50.0,1,-1,-1,-1
114,53,0.1,208.7,14.5,46.3,1,-1,-1,-1
114,54,-0.9,427.4,16.8,45.7,1,-1,-1,-1
115,1,367.7,584.3,65.7,97.3,1,-1,-1,-1
115,2,114.3,480.3,57.9,78.7,1,-1,-1,-1
115,3,152.9,337.6,49.9,52.8,1,-1,-1,-1
115,4,231.0,517.3,70.8,82.1,1,-1,-1,-1
115,5,752.1,406.0,59.6,85.9,1,-1,-1,-1
115,6,290.6,421.9,52.9,106.7,1,-1,-1,-1
115,7,382.2,423.3,48.1,111.1,1,-1,-1,-1
115,8,524.7,254.1,26.6,52.4,1,-1,-1,-1
115,9,403.1,599.7,102.6,100.0,1,-1,-1,-1
115,12,114.6,347.9,31.5,69.1,1,-1,-1,-1
115,13,657.5,297.6,34.9,73.4,1,-1,-1,-1
115,14,694.7,359.5,35.1,85.6,1,-1,-1,-1
115,15,548.0,249.7,30.9,52.9,1,-1,-1,-1
115,16,271.4,257.6,28.1,73.9,1,-1,-1,-1
115,17,747.4,260.1,31.6,41.4,1,-1,-1,-1
115,18,238.4,434.1,43.2,95.6,1,-1,-1,-1
115,21,488.8,335.3,37.9,87.6,1,-1,-1,-1
115,22,522.9,334.6,38.6,87.8,1,-1,-1,-1
115,23,278.9,215.4,21.3,44.5,1,-1,-1,-1
115,24,647.3,191.6,26.6,60.2,1,-1,-1,-1
115,25,317.5,185.4,20.1,55.4,1,-1,-1,-1
115,26,792.4,161.5,20.5,42.4,1,-1,-1,-1
115,27,123.5,317.8,27.7,58.9,1,-1,-1,-1
115,29,479.1,178.8,18.1,33.2,1,-1,-1,-1
115,30,319.0,251.8,22.0,39.9,1,-1,-1,-1
115,33,320.9,301.4,21.0,39.8,1,-1,-1,-1
115,36,620.2,401.9,42.9,84.7,1,-1,-1,-1
115,37,422.9,497.5,57.1,123.0,1,-1,-1,-1
115,40,259.4,242.8,22.2,54.9,1,-1,-1,-1
115,41,637.5,681.4,48.9,77.6,1,-1,-1,-1
115,43,575.3,646.6,69.9,106.5,1,-1,-1,-1
115,47,587.5,440.8,52.6,75.1,1,-1,-1,-1
115,48,349.6,255.2,18.9,39.5,1,-1,-1,-1
115,50,140.7,632.7,86.2,122.7,1,-1,-1,-1
115,51,0.9,405.4,73.4,63.3,1,-1,-1,-1
115,52,449.5,178.0,26.2,52.5,1,-1,-1,-1
115,53,0.2,209.5,17.7,43.1,1,-1,-1,-1
116,1,365.9,582.9,66.9,97.1,1,-1,-1,-1
116,2,115.1,479.5,57.5,78.3,1,-1,-1,-1
116,3,154.8,337.0,48.3,52.9,1,-1,-1,-1
116,4,230.8,516.5,71.2,81.7,1,-1,-1,-1
116,5,766.9,403.8,49.9,88.3,1,-1,-1,-1
116,6,291.4,421.7,53.2,105.8,1,-1,-1,-1
116,7,384.8,422.8,47.2,110.3,1,-1,-1,-1
116,8,525.2,254.0,27.2,52.9,1,-1,-1,-1
116,9,404.5,596.7,100.6,101.0,1,-1,-1,-1
116,12,116.5,347.8,31.0,67.7,1,-1,-1,-1
116,13,656.3,297.4,34.5,73.7,1,-1,-1,-1
116,14,693.7,358.3,35.1,84.3,1,-1,-1,-1
116,15,549.8,249.5,31.5,53.1,1,-1,-1,-1
116,16,273.2,257.0,28.1,74.7,1,-1,-1,-1
116,17,748.4,259.5,32.4,42.2,1,-1,-1,-1
116,18,240.0,434.2,43.7,95.6,1,-1,-1,-1
116,21,487.2,332.8,40.0,90.0,1,-1,-1,-1
116,22,524.1,334.5,37.1,85.9,1,-1,-1,-1
116,23,280.1,214.5,20.6,42.6,1,-1,-1,-1
116,24,649.0,190.7,27.1,60.3,1,-1,-1,-1
116,25,319.0,184.3,19.9,56.0,1,-1,-1,-1
116,26,793.0,161.4,21.1,42.5,1,-1,-1,-1
116,27,125.7,319.9,27.1,57.1,1,-1,-1,-1
116,29,481.8,179.7,17.7,36.5,1,-1,-1,-1
116,30,319.8,251.1,20.7,39.3,1,-1,-1,-1
116,31,341.7,258.5,19.1,40.7,1,-1,-1,-1
116,33,321.4,300.6,21.2,39.5,1,-1,-1,-1
116,36,623.8,405.2,39.8,82.1,1,-1,-1,-1
116,37,415.2,497.5,59.9,121.9,1,-1,-1,-1
116,40,260.4,238.0,21.7,56.0,1,-1,-1,-1
116,41,633.2,663.7,52.1,89.8,1,-1,-1,-1
116,43,574.8,646.0,69.4,106.7,1,-1,-1,-1
116,47,587.5,441.6,56.4,99.8,1,-1,-1,-1
116,50,148.6,632.3,80.5,123.8,1,-1,-1,-1
116,51,0.3,403.4,76.2,64.3,1,-1,-1,-1
116,52,451.0,176.8,25.5,53.3,1,-1,-1,-1
116,53,1.0,209.1,20.9,41.4,1,-1,-1,-1
117,1,367.9,586.1,66.7,91.0,1,-1,-1,-1
117,2,116.5,478.4,56.5,77.6,1,-1,-1,-1
117,3,158.8,336.0,51.1,55.3,1,-1,-1,-1
117,4,233.4,515.4,69.4,81.0,1,-1,-1,-1
117,5,778.1,398.2,42.8,94.0,1,-1,-1,-1
117,6,292.1,421.0,53.9,105.9,1,-1,-1,-1
117,7,390.4,420.7,42.0,110.6,1,-1,-1,-1
117,8,528.6,252.5,27.7,54.5,1,-1,-1,-1
117,9,404.5,592.6,98.1,103.5,1,-1,-1,-1
117,12,116.6,347.3,32.3,67.7,1,-1,-1,-1
117,13,656.7,297.1,33.8,74.0,1,-1,-1,-1
117,14,693.2,357.7,35.5,84.1,1,-1,-1,-1
117,15,550.6,249.4,30.8,52.5,1,-1,-1,-1
117,16,277.4,258.0,27.7,72.8,1,-1,-1,-1
117,17,748.8,258.7,33.6,42.2,1,-1,-1,-1
117,18,240.7,432.9,44.3,96.7,1,-1,-1,-1
117,21,486.0,332.4,39.9,89.3,1,-1,-1,-1
117,22,526.1,334.3,35.5,84.9,1,-1,-1,-1
117,23,282.3,214.7,20.3,41.3,1,-1,-1,-1
117,24,650.4,190.9,27.1,59.5,1,-1,-1,-1
117,25,321.3,184.9,20.3,53.9,1,-1,-1,-1
117,26,794.5,161.5,21.3,43.1,1,-1,-1,-1
117,27,124.8,320.7,29.1,54.5,1,-1,-1,-1
117,29,483.3,178.9,17.8,36.3,1,-1,-1,-1
117,30,321.1,250.9,20.7,39.5,1,-1,-1,-1
117,31,342.4,258.1,18.9,40.3,1,-1,-1,-1
117,33,322.1,298.7,20.6,39.2,1,-1,-1,-1
117,36,625.9,408.0,38.5,80.6,1,-1,-1,-1
117,37,421.6,506.5,52.2,111.9,1,-1,-1,-1
117,40,265.9,246.4,20.7,51.0,1,-1,-1,-1
117,41,629.7,657.1,55.0,96.0,1,-1,-1,-1
117,43,574.2,645.0,69.8,107.7,1,-1,-1,-1
117,47,590.1,435.6,59.6,109.0,1,-1,-1,-1
117,50,156.1,632.7,83.4,123.6,1,-1,-1,-1
117,51,0.2,401.2,79.2,65.0,1,-1,-1,-1
117,52,455.9,177.7,25.2,54.4,1,-1,-1,-1
117,53,2.3,208.1,22.7,40.1,1,-1,-1,-1
118,1,365.0,581.7,67.4,93.0,1,-1,-1,-1
118,2,123.6,480.5,57.1,73.2,1,-1,-1,-1
118,3,160.7,334.5,52.1,57.6,1,-1,-1,-1
118,4,235.2,514.4,67.6,80.0,1,-1,-1,-1
118,5,783.6,396.0,39.0,96.1,1,-1,-1,-1
118,6,292.6,420.5,54.3,106.0,1,-1,-1,-1
118,7,392.8,419.5,38.3,109.1,1,-1,-1,-1
118,8,530.9,252.2,26.7,54.8,1,-1,-1,-1
118,9,404.9,591.0,95.7,103.5,1,-1,-1,-1
118,12,117.1,345.7,32.9,67.7,1,-1,-1,-1
118,13,657.4,296.8,33.5,74.5,1,-1,-1,-1
118,14,692.9,357.7,35.7,83.3,1,-1,-1,-1
118,15,553.2,249.4,29.0,51.9,1,-1,-1,-1
118,16,279.0,258.0,28.1,71.7,1,-1,-1,-1
118,17,750.1,258.6,33.6,42.5,1,-1,-1,-1
118,18,240.9,431.8,45.6,97.9,1,-1,-1,-1
118,21,488.0,334.7,37.7,88.6,1,-1,-1,-1
118,22,529.8,336.2,34.7,84.2,1,-1,-1,-1
118,23,281.8,215.2,20.4,41.0,1,-1,-1,-1
118,24,652.3,190.7,27.1,59.3,1,-1,-1,-1
118,25,323.8,184.7,20.2,53.0,1,-1,-1,-1
118,26,796.7,161.2,20.7,43.7,1,-1,-1,-1
118,27,129.3,324.6,28.2,50.6,1,-1,-1,-1
118,29,486.4,178.1,18.4,36.8,1,-1,-1,-1
118,30,325.5,250.5,19.7,38.7,1,-1,-1,-1
118,31,348.8,256.8,17.4,39.5,1,-1,-1,-1
118,33,322.6,296.7,20.6,40.1,1,-1,-1,-1
118,37,411.9,501.0,56.0,119.5,1,-1,-1,-1
118,40,264.8,244.7,21.3,47.1,1,-1,-1,-1
118,41,625.1,654.3,57.8,98.2,1,-1,-1,-1
118,43,573.1,644.3,69.3,108.8,1,-1,-1,-1
118,47,597.7,440.4,45.9,93.8,1,-1,-1,-1
118,50,162.2,633.0,85.2,123.3,1,-1,-1,-1
118,51,0.0,399.6,81.4,65.9,1,-1,-1,-1
118,52,460.2,177.1,23.5,55.4,1,-1,-1,-1
118,53,5.2,206.4,23.0,40.7,1,-1,-1,-1
118,57,680.3,288.8,27.9,73.2,1,-1,-1,-1
119,1,363.2,579.3,68.1,93.3,1,-1,-1,-1
119,2,118.8,477.5,56.8,75.0,1,-1,-1,-1
119,3,162.1,333.5,52.2,57.0,1,-1,-1,-1
119,4,236.0,513.0,67.1,80.1,1,-1,-1,-1
119,5,786.9,395.0,38.0,98.3,1,-1,-1,-1
119,6,293.4,419.9,53.3,106.0,1,-1,-1,-1
119,7,393.6,417.6,37.0,106.2,1,-1,-1,-1
119,8,532.0,250.4,25.9,56.0,1,-1,-1,-1
119,9,405.0,590.1,94.9,103.2,1,-1,-1,-1
119,12,119.0,343.7,34.3,68.8,1,-1,-1,-1
119,13,658.0,296.3,34.3,75.4,1,-1,-1,-1
119,14,693.9,360.4,35.1,82.9,1,-1,-1,-1
119,15,554.9,248.2,28.5,52.5,1,-1,-1,-1
119,16,280.4,257.5,28.2,70.7,1,-1,-1,-1
119,17,751.6,258.9,33.3,41.8,1,-1,-1,-1
119,18,240.9,429.9,46.3,99.0,1,-1,-1,-1
119,21,488.7,335.7,37.0,89.5,1,-1,-1,-1
119,22,532.0,336.2,33.5,84.1,1,-1,-1,-1
119,23,283.2,215.6,19.7,40.6,1,-1,-1,-1
119,24,653.1,189.7,27.4,59.9,1,-1,-1,-1
119,25,325.0,182.4,20.8,56.8,1,-1,-1,-1
119,26,797.9,162.3,20.6,42.8,1,-1,-1,-1
119,27,133.3,328.0,28.1,47.7,1,-1,-1,-1
119,29,487.6,177.2,20.4,39.2,1,-1,-1,-1
119,30,327.3,251.1,20.1,38.5,1,-1,-1,-1
119,31,351.1,255.4,17.6,40.2,1,-1,-1,-1
119,33,325.1,295.5,20.5,39.1,1,-1,-1,-1
119,36,628.8,410.1,42.0,75.3,1,-1,-1,-1
119,37,405.8,497.2,57.9,122.2,1,-1,-1,-1
119,40,267.3,244.7,21.7,44.0,1,-1,-1,-1
119,41,624.2,654.1,59.6,101.5,1,-1,-1,-1
119,43,572.2,642.4,67.7,110.8,1,-1,-1,-1
119,47,602.6,439.3,37.8,93.1,1,-1,-1,-1
119,50,170.8,633.4,80.1,122.8,1,-1,-1,-1
119,51,-0.1,398.5,83.1,65.6,1,-1,-1,-1
119,52,461.3,178.5,23.1,55.1,1,-1,-1,-1
119,53,7.6,203.9,22.5,41.6,1,-1,-1,-1
119,55,338.4,261.0,19.0,34.3,1,-1,-1,-1
119,57,681.2,288.3,29.6,71.7,1,-1,-1,-1
120,1,369.5,576.7,66.4,69.3,1,-1,-1,-1
120,2,124.9,478.4,55.6,69.3,1,-1,-1,-1
120,3,166.0,332.5,50.3,54.4,1,-1,-1,-1
120,4,236.4,510.8,66.8,80.1,1,-1,-1,-1
120,5,791.8,395.9,41.1,98.9,1,-1,-1,-1
120,6,294.6,418.5,51.5,106.0,1,-1,-1,-1
120,7,393.7,416.1,36.9,101.2,1,-1,-1,-1
120,8,532.9,250.5,26.1,55.2,1,-1,-1,-1
120,9,404.5,589.5,95.6,103.2,1,-1,-1,-1
120,12,120.2,342.8,34.8,68.8,1,-1,-1,-1
120,13,658.2,295.3,34.5,76.4,1,-1,-1,-1
120,14,693.8,359.4,35.2,83.2,1,-1,-1,-1
120,15,556.4,246.6,28.3,53.3,1,-1,-1,-1
120,16,282.1,256.7,28.8,70.6,1,-1,-1,-1
120,17,753.0,258.6,33.1,41.4,1,-1,-1,-1
120,18,241.5,428.6,47.8,100.5,1,-1,-1,-1
120,21,489.8,336.3,36.2,90.9,1,-1,-1,-1
120,22,533.0,335.8,33.2,83.8,1,-1,-1,-1
120,23,284.9,215.2,19.5,41.8,1,-1,-1,-1
120,24,654.0,189.5,27.9,60.6,1,-1,-1,-1
120,25,327.3,182.8,20.6,55.0,1,-1,-1,-1
120,26,800.2,163.5,20.6,41.7,1,-1,-1,-1
120,29,489.7,177.2,19.6,39.1,1,-1,-1,-1
120,30,329.7,251.3,20.8,38.6,1,-1,-1,-1
120,31,351.6,254.4,18.2,41.5,1,-1,-1,-1
120,33,326.8,294.6,20.4,38.8,1,-1,-1,-1
120,36,635.6,411.1,41.6,72.4,1,-1,-1,-1
120,37,402.6,491.6,57.9,124.3,1,-1,-1,-1
120,40,271.7,245.7,22.3,44.8,1,-1,-1,-1
120,41,625.5,654.8,57.9,101.9,1,-1,-1,-1
120,43,571.5,641.9,65.8,112.4,1,-1,-1,-1
120,47,612.0,429.8,47.4,101.4,1,-1,-1,-1
120,50,176.3,633.0,76.6,123.0,1,-1,-1,-1
120,51,-0.2,399.8,84.1,64.0,1,-1,-1,-1
120,52,461.5,175.7,24.5,55.9,1,-1,-1,-1
120,53,10.7,202.9,22.7,41.7,1,-1,-1,-1
120,55,340.8,263.9,19.8,34.4,1,-1,-1,-1
120,57,681.2,288.4,31.6,71.8,1,-1,-1,-1
120,59,0.0,521.3,14.2,38.3,1,-1,-1,-1
121,1,370.0,579.5,65.4,58.6,1,-1,-1,-1
121,2,121.4,475.5,54.5,72.8,1,-1,-1,-1
121,3,162.1,330.4,52.3,54.5,1,-1,-1,-1
121,4,235.9,509.0,66.6,79.9,1,-1,-1,-1
121,5,794.9,396.2,45.5,98.9,1,-1,-1,-1
121,6,296.2,417.3,49.4,106.1,1,-1,-1,-1
121,7,393.6,415.6,37.0,100.6,1,-1,-1,-1
121,8,534.7,250.7,25.9,54.5,1,-1,-1,-1
121,9,402.9,589.4,96.1,103.8,1,-1,-1,-1
121,12,123.7,342.0,33.3,68.3,1,-1,-1,-1
121,13,660.4,294.7,33.0,75.5,1,-1,-1,-1
121,14,693.4,357.6,35.4,81.9,1,-1,-1,-1
121,15,557.5,246.2,29.3,54.2,1,-1,-1,-1
121,16,285.0,256.0,27.7,69.8,1,-1,-1,-1
121,17,755.3,257.3,32.7,41.2,1,-1,-1,-1
121,18,243.8,428.3,48.1,100.7,1,-1,-1,-1
121,21,490.2,333.4,36.9,93.2,1,-1,-1,-1
121,22,533.5,334.0,33.5,84.1,1,-1,-1,-1
121,23,285.9,214.5,19.8,42.7,1,-1,-1,-1
121,24,659.3,191.6,25.4,56.8,1,-1,-1,-1
121,25,329.2,182.9,19.9,53.9,1,-1,-1,-1
121,26,801.3,164.2,20.4,40.4,1,-1,-1,-1
121,29,492.5,176.6,18.9,37.9,1,-1,-1,-1
121,30,330.2,249.8,20.9,38.3,1,-1,-1,-1
121,31,353.1,253.7,17.7,42.0,1,-1,-1,-1
121,33,329.6,293.6,20.1,38.7,1,-1,-1,-1
121,37,398.3,486.3,53.5,123.2,1,-1,-1,-1
121,40,273.3,244.7,21.8,45.8,1,-1,-1,-1
121,41,631.0,681.6,47.5,78.6,1,-1,-1,-1
121,43,571.7,640.4,64.0,113.2,1,-1,-1,-1
121,47,616.0,424.8,48.4,105.2,1,-1,-1,-1
121,50,180.1,632.3,74.5,123.5,1,-1,-1,-1
121,51,0.0,399.6,86.0,63.1,1,-1,-1,-1
121,52,463.8,175.4,25.9,57.4,1,-1,-1,-1
121,53,11.6,201.8,22.4,42.3,1,-1,-1,-1
121,57,681.3,288.2,32.4,71.2,1,-1,-1,-1
121,59,-0.1,522.2,17.1,35.4,1,-1,-1,-1
122,1,369.5,581.2,65.5,56.3,1,-1,-1,-1
122,2,126.0,474.5,55.2,70.5,1,-1,-1,-1
122,3,164.3,330.1,50.4,53.8,1,-1,-1,-1
122,4,235.7,508.3,66.4,80.1,1,-1,-1,-1
122,5,798.8,396.8,47.5,97.2,1,-1,-1,-1
122,6,296.7,415.3,47.9,107.0,1,-1,-1,-1
122,7,393.3,415.3,37.6,104.2,1,-1,-1,-1
122,8,535.5,251.0,26.6,53.7,1,-1,-1,-1
122,9,401.7,588.6,96.7,104.5,1,-1,-1,-1
122,12,122.4,340.5,33.9,69.4,1,-1,-1,-1
122,13,659.0,294.1,33.6,76.4,1,-1,-1,-1
122,14,692.9,356.0,35.6,80.9,1,-1,-1,-1
122,15,558.0,242.8,30.7,56.8,1,-1,-1,-1
122,16,287.7,255.7,27.8,69.5,1,-1,-1,-1
122,17,757.2,257.0,31.8,40.1,1,-1,-1,-1
122,18,241.3,422.4,54.1,107.4,1,-1,-1,-1
122,21,490.9,332.9,36.7,93.5,1,-1,-1,-1
122,22,535.3,332.6,32.6,82.7,1,-1,-1,-1
122,23,285.6,214.2,21.0,45.5,1,-1,-1,-1
122,24,660.9,190.0,26.0,58.7,1,-1,-1,-1
122,25,331.5,182.2,20.2,53.6,1,-1,-1,-1
122,26,802.8,162.8,20.6,41.0,1,-1,-1,-1
122,29,495.9,177.3,22.2,38.6,1,-1,-1,-1
122,30,330.3,248.6,20.7,38.5,1,-1,-1,-1
122,31,354.6,254.1,17.1,40.8,1,-1,-1,-1
122,33,332.0,292.2,19.8,38.7,1,-1,-1,-1
122,37,391.5,483.7,51.9,125.8,1,-1,-1,-1
122,40,276.6,244.4,20.6,45.7,1,-1,-1,-1
122,41,632.2,689.9,42.9,67.3,1,-1,-1,-1
122,43,570.1,639.2,64.0,113.6,1,-1,-1,-1
122,47,622.5,415.3,54.5,108.6,1,-1,-1,-1
122,50,184.8,632.0,75.2,123.9,1,-1,-1,-1
122,51,0.0,398.3,87.9,63.0,1,-1,-1,-1
122,52,468.7,175.5,26.4,60.2,1,-1,-1,-1
122,53,16.5,201.7,21.7,42.3,1,-1,-1,-1
122,57,681.4,287.4,32.9,70.8,1,-1,-1,-1
123,1,368.9,581.0,66.3,57.4,1,-1,-1,-1
123,2,128.1,474.0,56.2,70.7,1,-1,-1,-1
123,3,167.2,329.6,49.9,54.0,1,-1,-1,-1
123,4,235.9,507.3,66.3,80.4,1,-1,-1,-1
123,5,807.1,401.3,48.4,93.7,1,-1,-1,-1
123,6,297.3,413.5,49.6,106.8,1,-1,-1,-1
123,7,394.0,414.3,39.5,108.1,1,-1,-1,-1
123,8,537.0,250.9,28.4,53.7,1,-1,-1,-1
123,9,401.1,587.3,97.2,105.5,1,-1,-1,-1
123,12,126.6,341.0,32.7,67.6,1,-1,-1,-1
123,13,660.2,293.2,32.9,76.1,1,-1,-1,-1
123,14,692.4,354.9,35.9,79.9,1,-1,-1,-1
123,15,559.0,243.5,30.9,56.5,1,-1,-1,-1
123,16,289.4,254.5,28.5,70.0,1,-1,-1,-1
123,17,758.5,257.9,31.5,39.2,1,-1,-1,-1
123,18,243.6,423.3,50.5,105.4,1,-1,-1,-1
123,21,493.0,335.1,34.7,91.1,1,-1,-1,-1
123,22,537.3,332.6,31.9,81.9,1,-1,-1,-1
123,23,286.3,215.0,21.4,46.0,1,-1,-1,-1
123,24,662.5,189.2,25.9,59.6,1,-1,-1,-1
123,25,333.1,182.2,19.6,52.2,1,-1,-1,-1
123,26,804.5,162.2,20.8,41.3,1,-1,-1,-1
123,29,496.6,177.4,24.4,40.7,1,-1,-1,-1
123,30,332.2,247.0,22.2,39.7,1,-1,-1,-1
123,31,355.8,253.6,16.9,39.7,1,-1,-1,-1
123,33,334.2,288.6,19.1,39.5,1,-1,-1,-1
123,37,386.5,482.4,50.6,125.1,1,-1,-1,-1
123,40,278.9,243.7,20.2,45.2,1,-1,-1,-1
123,41,631.0,688.2,42.3,65.8,1,-1,-1,-1
123,43,565.8,637.8,67.0,115.8,1,-1,-1,-1
123,47,632.4,410.4,58.0,104.5,1,-1,-1,-1
123,50,190.4,631.5,75.3,124.5,1,-1,-1,-1
123,51,-0.2,396.9,88.3,61.9,1,-1,-1,-1
123,52,470.1,174.7,26.5,59.0,1,-1,-1,-1
123,53,20.0,200.3,20.9,42.5,1,-1,-1,-1
123,57,681.8,287.6,32.6,71.1,1,-1,-1,-1
123,59,-0.1,510.4,18.4,50.9,1,-1,-1,-1
123,60,718.4,719.1,39.5,36.9,1,-1,-1,-1
123,61,351.5,630.1,17.1,9.9,1,-1,-1,-1
124,1,367.7,580.1,64.9,58.9,1,-1,-1,-1
124,2,124.2,470.6,55.0,72.7,1,-1,-1,-1
124,3,171.8,330.4,51.1,54.4,1,-1,-1,-1
124,4,248.1,510.8,60.0,75.8,1,-1,-1,-1
124,5,813.5,402.6,46.2,91.1,1,-1,-1,-1
124,6,297.4,412.4,52.0,107.0,1,-1,-1,-1
124,7,394.0,411.9,38.5,114.1,1,-1,-1,-1
124,8,540.1,251.5,28.0,52.6,1,-1,-1,-1
124,9,399.5,586.5,98.6,106.1,1,-1,-1,-1
124,12,126.5,338.2,32.6,70.1,1,-1,-1,-1
124,13,661.0,293.0,32.4,76.1,1,-1,-1,-1
124,14,691.0,354.4,36.9,78.7,1,-1,-1,-1
124,15,560.4,243.8,31.0,56.0,1,-1,-1,-1
124,16,289.7,253.4,28.1,69.9,1,-1,-1,-1
124,17,762.0,259.2,30.1,39.6,1,-1,-1,-1
124,18,245.2,423.0,48.2,104.1,1,-1,-1,-1
124,21,492.6,333.1,36.3,91.9,1,-1,-1,-1
124,22,537.4,329.5,33.2,84.2,1,-1,-1,-1
124,23,286.7,211.8,21.4,46.3,1,-1,-1,-1
124,24,663.7,188.8,26.6,60.4,1,-1,-1,-1
124,25,334.6,179.6,20.7,56.1,1,-1,-1,-1
124,26,806.2,162.5,20.9,41.8,1,-1,-1,-1
124,29,498.2,176.5,23.4,40.2,1,-1,-1,-1
124,30,335.7,245.7,21.7,41.0,1,-1,-1,-1
124,31,356.3,254.0,17.3,38.0,1,-1,-1,-1
124,33,336.4,286.8,18.2,39.5,1,-1,-1,-1
124,37,380.7,480.3,54.1,125.8,1,-1,-1,-1
124,40,277.9,240.6,21.7,45.6,1,-1,-1,-1
124,41,623.5,657.2,50.7,90.0,1,-1,-1,-1
124,43,564.3,637.4,68.7,118.3,1,-1,-1,-1
124,47,640.2,418.0,56.1,88.9,1,-1,-1,-1
124,50,195.9,632.7,74.8,123.1,1,-1,-1,-1
124,51,0.1,394.6,90.5,62.4,1,-1,-1,-1
124,52,471.5,174.3,26.5,59.6,1,-1,-1,-1
124,53,21.7,198.8,20.9,43.0,1,-1,-1,-1
124,57,682.0,287.5,32.6,70.4,1,-1,-1,-1
124,59,-0.1,505.6,19.1,55.5,1,-1,-1,-1
124,60,717.2,718.0,40.0,38.0,1,-1,-1,-1
124,61,349.7,629.1,17.2,11.0,1,-1,-1,-1
125,1,363.9,578.2,66.5,81.4,1,-1,-1,-1
125,2,123.6,467.7,54.1,74.5,1,-1,-1,-1
125,3,172.5,329.5,51.8,55.0,1,-1,-1,-1
125,4,250.6,510.5,57.2,74.4,1,-1,-1,-1
125,5,821.4,401.0,43.2,91.6,1,-1,-1,-1
125,6,297.2,411.8,53.3,106.0,1,-1,-1,-1
125,7,395.1,409.8,37.2,114.3,1,-1,-1,-1
125,8,542.1,251.9,26.9,51.3,1,-1,-1,-1
125,9,398.4,585.6,99.4,106.4,1,-1,-1,-1
125,12,128.6,338.3,33.3,67.7,1,-1,-1,-1
125,13,661.5,292.4,31.9,75.9,1,-1,-1,-1
125,14,690.4,352.7,36.8,78.7,1,-1,-1,-1
125,15,561.2,243.8,31.7,55.7,1,-1,-1,-1
125,16,291.6,252.8,27.3,68.9,1,-1,-1,-1
125,17,764.7,259.5,30.2,39.8,1,-1,-1,-1
125,18,244.6,421.6,47.3,101.9,1,-1,-1,-1
125,21,492.9,332.2,37.1,92.1,1,-1,-1,-1
125,22,538.1,328.7,33.9,85.1,1,-1,-1,-1
125,23,287.5,210.4,21.0,46.1,1,-1,-1,-1
125,24,664.7,188.4,27.0,60.9,1,-1,-1,-1
125,25,337.0,178.6,20.6,58.1,1,-1,-1,-1
125,26,808.3,164.1,19.9,39.8,1,-1,-1,-1
125,29,499.1,175.6,22.7,40.0,1,-1,-1,-1
125,30,337.8,246.2,21.1,41.3,1,-1,-1,-1
125,31,360.2,253.1,18.4,38.4,1,-1,-1,-1
125,33,338.1,286.3,18.0,38.6,1,-1,-1,-1
125,37,375.7,477.9,55.8,127.3,1,-1,-1,-1
125,40,280.9,241.2,20.1,45.2,1,-1,-1,-1
125,41,618.5,647.4,55.7,102.6,1,-1,-1,-1
125,43,563.7,636.4,69.2,119.9,1,-1,-1,-1
125,47,653.6,420.0,49.7,82.3,1,-1,-1,-1
125,50,198.1,634.4,80.2,121.8,1,-1,-1,-1
125,51,-0.1,391.2,91.5,64.0,1,-1,-1,-1
125,52,476.4,167.8,22.5,49.8,1,-1,-1,-1
125,53,26.0,198.2,20.6,41.4,1,-1,-1,-1
125,57,683.4,287.1,31.0,69.9,1,-1,-1,-1
125,59,0.0,503.5,20.4,57.1,1,-1,-1,-1
125,60,714.5,718.8,40.9,37.3,1,-1,-1,-1
125,61,344.6,628.3,19.0,12.4,1,-1,-1,-1
125,64,148.0,338.1,31.8,35.6,1,-1,-1,-1
125,65,5.6,99.4,15.1,35.3,1,-1,-1,-1
126,1,363.3,575.0,66.5,90.6,1,-1,-1,-1
126,2,124.1,466.7,55.6,75.4,1,-1,-1,-1
126,3,172.3,327.5,51.5,53.2,1,-1,-1,-1
126,4,249.6,508.7,57.5,73.2,1,-1,-1,-1
126,5,825.6,396.6,39.8,95.4,1,-1,-1,-1
126,6,297.1,411.7,53.9,105.6,1,-1,-1,-1
126,7,396.2,409.4,36.3,112.7,1,-1,-1,-1
126,8,542.8,251.4,26.4,51.5,1,-1,-1,-1
126,9,397.6,585.0,99.9,106.7,1,-1,-1,-1
126,12,130.9,337.7,34.2,69.4,1,-1,-1,-1
126,13,662.1,292.1,31.8,76.4,1,-1,-1,-1
126,14,690.5,351.9,35.9,78.9,1,-1,-1,-1
126,15,563.1,244.4,31.2,54.6,1,-1,-1,-1
126,16,291.5,249.0,29.0,72.8,1,-1,-1,-1
126,17,764.0,257.1,30.6,40.3,1,-1,-1,-1
126,18,245.0,421.0,47.0,101.0,1,-1,-1,-1
126,21,493.2,331.7,38.5,93.2,1,-1,-1,-1
126,22,539.5,328.5,34.0,85.8,1,-1,-1,-1
126,23,287.4,211.5,21.7,52.0,1,-1,-1,-1
126,24,667.7,189.7,26.2,57.8,1,-1,-1,-1
126,25,339.5,178.4,20.6,56.2,1,-1,-1,-1
126,26,811.8,164.4,19.5,38.5,1,-1,-1,-1
126,29,500.9,174.5,22.3,40.0,1,-1,-1,-1
126,30,339.4,247.5,22.5,40.4,1,-1,-1,-1
126,31,361.8,252.5,18.8,38.5,1,-1,-1,-1
126,33,338.6,284.8,17.9,37.6,1,-1,-1,-1
126,37,368.8,478.1,61.8,124.0,1,-1,-1,-1
126,40,283.0,241.6,19.7,45.0,1,-1,-1,-1
126,41,615.3,646.1,58.5,107.7,1,-1,-1,-1
126,43,562.6,635.5,69.4,120.7,1,-1,-1,-1
126,47,660.1,411.1,44.1,89.2,1,-1,-1,-1
126,50,200.4,636.1,85.4,120.1,1,-1,-1,-1
126,51,0.8,389.3,92.7,64.8,1,-1,-1,-1
126,52,481.8,168.3,19.4,41.8,1,-1,-1,-1
126,53,28.5,196.8,20.6,41.8,1,-1,-1,-1
126,57,684.3,287.7,28.8,69.2,1,-1,-1,-1
126,59,0.6,500.8,21.6,60.1,1,-1,-1,-1
126,60,712.2,718.3,40.8,37.7,1,-1,-1,-1
126,64,151.6,336.8,29.9,35.5,1,-1,-1,-1
126,65,8.2,99.2,14.7,34.6,1,-1,-1,-1
126,67,310.4,251.9,23.7,38.2,1,-1,-1,-1
126,68,14.0,116.9,18.7,40.2,1,-1,-1,-1
126,69,0.1,434.8,10.9,59.2,1,-1,-1,-1
127,1,363.2,572.1,65.8,93.3,1,-1,-1,-1
127,2,125.6,465.1,56.0,76.3,1,-1,-1,-1
127,3,173.4,327.0,50.6,51.1,1,-1,-1,-1
127,4,239.9,504.6,62.6,76.4,1,-1,-1,-1
127,5,829.8,393.9,40.0,97.9,1,-1,-1,-1
127,6,297.2,411.1,53.6,105.3,1,-1,-1,-1
127,7,396.7,409.4,36.1,111.5,1,-1,-1,-1
127,8,546.1,252.7,24.5,49.7,1,-1,-1,-1
127,9,396.0,583.9,100.5,107.1,1,-1,-1,-1
127,12,132.4,336.8,34.1,67.4,1,-1,-1,-1
127,13,662.7,291.5,31.9,76.1,1,-1,-1,-1
127,14,691.1,353.7,33.9,78.6,1,-1,-1,-1
127,15,564.8,243.5,29.9,54.9,1,-1,-1,-1
127,16,292.5,247.7,30.9,74.3,1,-1,-1,-1
127,17,766.4,258.0,30.2,40.5,1,-1,-1,-1
127,18,245.4,418.7,49.7,104.6,1,-1,-1,-1
127,21,493.2,331.3,39.4,95.2,1,-1,-1,-1
127,22,541.9,329.3,34.3,85.6,1,-1,-1,-1
127,23,288.0,208.4,21.8,50.9,1,-1,-1,-1
127,24,669.9,190.0,25.4,56.3,1,-1,-1,-1
127,25,340.9,178.6,20.7,54.9,1,-1,-1,-1
127,26,813.6,163.0,19.4,40.0,1,-1,-1,-1
127,29,504.2,174.6,19.6,38.5,1,-1,-1,-1
127,30,339.8,246.6,22.7,40.7,1,-1,-1,-1
127,31,362.1,251.8,19.3,39.7,1,-1,-1,-1
127,33,340.8,285.8,17.9,37.4,1,-1,-1,-1
127,37,363.4,478.1,66.9,123.1,1,-1,-1,-1
127,41,613.6,646.8,59.4,108.0,1,-1,-1,-1
127,43,561.7,634.8,70.2,121.3,1,-1,-1,-1
127,47,663.1,402.3,46.1,98.4,1,-1,-1,-1
127,50,204.6,638.2,84.6,117.7,1,-1,-1,-1
127,51,4.4,388.5,91.9,64.9,1,-1,-1,-1
127,52,485.0,171.0,17.3,36.7,1,-1,-1,-1
127,53,30.0,194.8,19.8,41.8,1,-1,-1,-1
127,57,684.0,289.3,28.1,67.2,1,-1,-1,-1
127,60,710.4,718.0,40.9,38.0,1,-1,-1,-1
127,64,153.5,334.5,27.7,37.9,1,-1,-1,-1
127,65,11.7,98.0,15.5,35.3,1,-1,-1,-1
127,67,311.8,252.8,26.0,38.1,1,-1,-1,-1
127,68,17.6,118.1,17.8,38.2,1,-1,-1,-1
127,69,0.1,433.4,12.1,58.4,1,-1,-1,-1
128,1,368.7,572.2,64.0,73.7,1,-1,-1,-1
128,2,127.3,463.3,55.1,76.9,1,-1,-1,-1
128,3,175.3,327.0,49.3,49.8,1,-1,-1,-1
128,4,237.8,502.7,65.3,77.7,1,-1,-1,-1
128,5,835.2,398.0,42.3,93.7,1,-1,-1,-1
128,6,298.2,410.3,52.2,105.6,1,-1,-1,-1
128,7,397.6,409.1,36.6,110.6,1,-1,-1,-1
128,8,547.1,251.8,24.2,49.2,1,-1,-1,-1
128,9,393.5,605.3,81.5,81.3,1,-1,-1,-1
128,12,135.3,336.2,33.9,66.6,1,-1,-1,-1
128,13,664.2,291.1,32.0,77.1,1,-1,-1,-1
128,14,691.3,352.6,32.1,78.9,1,-1,-1,-1
128,15,566.0,243.8,29.2,54.7,1,-1,-1,-1
128,16,297.3,247.7,29.4,73.2,1,-1,-1,-1
128,17,767.2,256.3,30.1,41.3,1,-1,-1,-1
128,18,246.5,415.8,50.6,107.6,1,-1,-1,-1
128,21,493.9,331.4,39.9,96.8,1,-1,-1,-1
128,22,543.0,330.2,33.6,83.8,1,-1,-1,-1
128,23,289.5,208.7,21.5,49.0,1,-1,-1,-1
128,24,669.5,188.4,26.7,59.0,1,-1,-1,-1
128,25,342.9,178.2,20.4,57.1,1,-1,-1,-1
128,26,815.6,162.6,20.0,40.7,1,-1,-1,-1
128,29,508.1,175.0,19.4,38.1,1,-1,-1,-1
128,30,341.6,244.9,22.7,40.7,1,-1,-1,-1
128,31,363.3,251.7,19.0,40.0,1,-1,-1,-1
128,33,343.0,286.7,17.5,36.6,1,-1,-1,-1
128,37,358.7,478.0,69.6,122.4,1,-1,-1,-1
128,41,611.8,647.1,59.3,107.5,1,-1,-1,-1
128,43,560.6,634.5,70.1,121.1,1,-1,-1,-1
128,47,658.3,390.0,52.4,107.1,1,-1,-1,-1
128,50,207.7,640.8,80.7,113.4,1,-1,-1,-1
128,51,7.0,387.7,89.6,64.1,1,-1,-1,-1
128,52,487.8,172.6,16.8,34.8,1,-1,-1,-1
128,53,31.8,193.6,19.7,42.7,1,-1,-1,-1
128,57,684.3,290.7,27.6,66.4,1,-1,-1,-1
128,59,0.3,500.6,23.7,49.1,1,-1,-1,-1
128,60,708.4,717.8,42.0,38.2,1,-1,-1,-1
128,64,157.6,333.1,26.0,35.4,1,-1,-1,-1
128,65,15.9,97.4,16.3,35.9,1,-1,-1,-1
128,69,0.1,427.3,14.4,50.3,1,-1,-1,-1
129,1,368.5,575.3,65.0,64.2,1,-1,-1,-1
129,2,128.5,462.0,56.1,75.7,1,-1,-1,-1
129,3,180.7,326.0,49.6,53.6,1,-1,-1,-1
129,4,246.6,503.5,62.3,74.6,1,-1,-1,-1
129,5,838.8,399.6,41.0,89.9,1,-1,-1,-1
129,6,299.5,409.3,50.6,106.0,1,-1,-1,-1
129,7,397.7,408.7,37.8,110.4,1,-1,-1,-1
129,8,548.1,252.3,24.0,48.3,1,-1,-1,-1
129,9,396.9,609.7,77.3,71.6,1,-1,-1,-1
129,12,137.2,335.0,34.1,66.7,1,-1,-1,-1
129,13,665.9,287.9,33.2,80.5,1,-1,-1,-1
129,14,691.0,351.8,31.6,79.2,1,-1,-1,-1
129,15,567.5,242.1,29.7,56.4,1,-1,-1,-1
129,16,299.3,247.1,29.5,73.1,1,-1,-1,-1
129,17,768.3,256.1,30.6,40.6,1,-1,-1,-1
129,18,246.4,413.6,51.1,109.1,1,-1,-1,-1
129,21,494.0,331.4,40.6,98.2,1,-1,-1,-1
129,22,543.2,331.1,33.3,83.5,1,-1,-1,-1
129,23,290.5,210.6,21.1,47.2,1,-1,-1,-1
129,24,671.2,187.9,27.4,59.9,1,-1,-1,-1
129,25,345.0,177.9,20.0,55.2,1,-1,-1,-1
129,26,816.5,162.1,19.8,41.1,1,-1,-1,-1
129,29,509.3,174.8,21.3,39.1,1,-1,-1,-1
129,30,342.6,244.4,23.3,41.2,1,-1,-1,-1
129,31,364.6,251.5,18.8,39.6,1,-1,-1,-1
129,33,344.0,284.6,17.0,37.0,1,-1,-1,-1
129,37,355.7,476.8,68.8,121.8,1,-1,-1,-1
129,40,288.1,239.1,18.6,47.0,1,-1,-1,-1
129,41,610.3,646.5,58.3,107.7,1,-1,-1,-1
129,43,559.3,634.1,71.4,120.8,1,-1,-1,-1
129,47,657.6,379.3,53.4,103.1,1,-1,-1,-1
129,50,214.4,642.8,72.0,110.3,1,-1,-1,-1
129,51,8.5,387.3,87.9,63.3,1,-1,-1,-1
129,52,490.2,173.3,16.3,34.3,1,-1,-1,-1
129,53,33.1,193.4,19.9,42.5,1,-1,-1,-1
129,57,684.6,292.5,26.8,65.4,1,-1,-1,-1
129,59,0.5,498.7,24.8,47.2,1,-1,-1,-1
129,60,707.0,717.6,42.1,38.4,1,-1,-1,-1
129,64,161.1,332.6,26.6,35.7,1,-1,-1,-1
129,65,18.8,96.9,16.0,36.1,1,-1,-1,-1
129,69,0.0,425.5,16.5,47.5,1,-1,-1,-1
129,71,438.4,580.8,51.7,58.9,1,-1,-1,-1
130,1,363.4,574.2,66.1,79.7,1,-1,-1,-1
130,2,128.8,461.6,56.9,74.7,1,-1,-1,-1
130,3,180.7,325.1,48.2,51.7,1,-1,-1,-1
130,4,240.3,500.9,64.8,77.1,1,-1,-1,-1
130,5,841.6,398.6,42.6,88.9,1,-1,-1,-1
130,6,300.8,407.3,49.8,107.1,1,-1,-1,-1
130,7,397.6,408.2,38.9,110.4,1,-1,-1,-1
130,8,548.9,253.1,24.7,47.6,1,-1,-1,-1
130,9,397.0,614.8,73.3,66.2,1,-1,-1,-1
130,12,138.4,334.7,33.2,66.7,1,-1,-1,-1
130,13,664.7,288.1,35.1,78.9,1,-1,-1,-1
130,14,701.3,352.8,23.8,77.7,1,-1,-1,-1
130,15,568.4,240.9,29.6,56.4,1,-1,-1,-1
130,16,300.1,248.5,28.8,71.7,1,-1,-1,-1
130,17,769.3,257.0,31.7,39.8,1,-1,-1,-1
130,18,249.1,415.8,47.2,102.2,1,-1,-1,-1
130,21,494.4,331.1,40.9,98.6,1,-1,-1,-1
130,22,543.6,330.4,32.8,83.6,1,-1,-1,-1
130,23,291.9,215.6,21.2,43.9,1,-1,-1,-1
130,24,673.5,187.8,27.5,60.1,1,-1,-1,-1
130,25,347.5,176.7,20.0,56.8,1,-1,-1,-1
130,26,818.1,162.0,19.7,41.6,1,-1,-1,-1
130,29,509.1,174.6,22.7,40.7,1,-1,-1,-1
130,30,345.6,244.7,22.7,41.3,1,-1,-1,-1
130,31,365.8,251.3,17.9,39.4,1,-1,-1,-1
130,33,344.8,283.6,17.3,37.5,1,-1,-1,-1
130,37,353.5,476.4,64.8,120.2,1,-1,-1,-1
130,40,290.3,238.7,18.8,45.5,1,-1,-1,-1
130,41,607.5,645.8,59.6,108.3,1,-1,-1,-1
130,43,558.8,633.7,69.7,122.0,1,-1,-1,-1
130,47,659.5,373.6,53.9,100.2,1,-1,-1,-1
130,50,219.2,644.3,68.0,110.8,1,-1,-1,-1
130,51,10.9,386.5,90.3,62.6,1,-1,-1,-1
130,52,491.6,173.5,15.8,35.6,1,-1,-1,-1
130,53,35.2,194.7,18.8,40.7,1,-1,-1,-1
130,60,705.4,717.0,41.3,39.0,1,-1,-1,-1
130,64,161.9,330.3,25.4,36.8,1,-1,-1,-1
130,65,22.5,98.5,15.7,34.2,1,-1,-1,-1
130,69,-0.1,423.5,17.8,47.7,1,-1,-1,-1
130,71,438.2,581.0,53.2,59.1,1,-1,-1,-1
130,72,0.0,119.0,14.6,40.3,1,-1,-1,-1
131,1,362.0,570.6,66.6,88.2,1,-1,-1,-1
131,2,128.7,461.0,56.8,74.1,1,-1,-1,-1
131,3,181.9,324.5,51.8,51.9,1,-1,-1,-1
131,4,247.8,502.0,60.1,74.7,1,-1,-1,-1
131,5,841.5,392.7,43.5,95.1,1,-1,-1,-1
131,6,301.8,406.2,49.6,107.9,1,-1,-1,-1
131,7,395.8,407.7,40.6,110.3,1,-1,-1,-1
131,8,550.6,253.3,26.0,48.2,1,-1,-1,-1
131,9,397.1,615.1,72.4,64.3,1,-1,-1,-1
131,12,137.4,333.1,32.0,68.2,1,-1,-1,-1
131,13,662.9,289.7,35.8,75.7,1,-1,-1,-1
131,14,704.6,351.8,18.3,71.3,1,-1,-1,-1
131,15,569.5,240.2,30.0,56.9,1,-1,-1,-1
131,16,301.8,250.0,27.6,69.4,1,-1,-1,-1
131,17,770.4,256.0,33.1,41.4,1,-1,-1,-1
131,18,248.3,413.4,49.9,106.2,1,-1,-1,-1
131,21,494.4,331.2,41.4,98.1,1,-1,-1,-1
131,22,544.7,329.9,31.8,83.7,1,-1,-1,-1
131,23,292.4,215.5,21.1,42.6,1,-1,-1,-1
131,24,675.3,187.4,27.6,60.7,1,-1,-1,-1
131,25,349.8,177.9,19.6,55.1,1,-1,-1,-1
131,26,818.9,162.4,19.4,41.7,1,-1,-1,-1
131,29,511.7,174.1,21.3,38.5,1,-1,-1,-1
131,30,347.5,244.7,21.8,41.5,1,-1,-1,-1
131,31,367.5,250.9,16.9,38.7,1,-1,-1,-1
131,33,346.2,282.3,17.1,37.4,1,-1,-1,-1
131,37,349.5,475.2,60.6,120.8,1,-1,-1,-1
131,40,292.2,238.6,18.8,47.0,1,-1,-1,-1
131,41,606.0,644.5,60.6,109.0,1,-1,-1,-1
131,43,558.1,633.2,68.3,122.8,1,-1,-1,-1
131,47,665.2,373.4,51.1,93.7,1,-1,-1,-1
131,50,221.2,644.2,68.2,111.5,1,-1,-1,-1
131,51,12.7,386.7,90.2,61.5,1,-1,-1,-1
131,52,493.4,172.1,16.9,36.0,1,-1,-1,-1
131,53,38.7,193.0,20.1,40.8,1,-1,-1,-1
131,60,704.8,716.7,40.4,39.3,1,-1,-1,-1
131,64,163.7,328.6,24.4,37.2,1,-1,-1,-1
131,65,28.3,108.3,15.8,26.5,1,-1,-1,-1
131,69,-0.2,424.7,18.7,47.2,1,-1,-1,-1
131,71,437.0,579.8,53.3,59.8,1,-1,-1,-1
131,72,0.0,119.0,17.4,40.9,1,-1,-1,-1
132,1,364.6,572.6,65.9,83.7,1,-1,-1,-1
132,2,135.5,461.3,56.2,70.4,1,-1,-1,-1
132,3,184.2,323.7,50.8,52.2,1,-1,-1,-1
132,4,249.8,502.3,58.8,73.7,1,-1,-1,-1
132,5,843.1,390.4,42.8,95.4,1,-1,-1,-1
132,6,302.5,405.3,50.2,108.5,1,-1,-1,-1
132,7,394.4,407.1,42.0,110.5,1,-1,-1,-1
132,8,552.3,253.0,26.7,47.9,1,-1,-1,-1
132,9,396.9,612.7,72.6,64.0,1,-1,-1,-1
132,12,140.9,331.8,31.4,68.0,1,-1,-1,-1
132,13,662.6,290.9,36.9,72.2,1,-1,-1,-1
132,14,694.6,354.2,27.1,68.1,1,-1,-1,-1
132,15,570.8,240.1,29.8,57.0,1,-1,-1,-1
132,16,303.2,248.0,27.4,70.7,1,-1,-1,-1
132,17,771.8,255.3,32.5,42.3,1,-1,-1,-1
132,18,248.5,411.8,51.3,108.4,1,-1,-1,-1
132,21,494.7,332.0,40.4,97.2,1,-1,-1,-1
132,22,545.5,329.9,31.5,83.8,1,-1,-1,-1
132,23,291.6,211.5,20.5,43.5,1,-1,-1,-1
132,24,677.1,188.0,26.9,60.8,1,-1,-1,-1
132,25,351.2,177.8,18.8,54.0,1,-1,-1,-1
132,26,820.4,162.6,19.7,41.4,1,-1,-1,-1
132,29,513.8,173.8,19.4,36.4,1,-1,-1,-1
132,30,349.2,244.4,20.9,41.4,1,-1,-1,-1
132,31,367.9,251.7,15.9,37.1,1,-1,-1,-1
132,33,350.5,282.6,17.1,36.7,1,-1,-1,-1
132,37,348.2,478.7,51.0,117.0,1,-1,-1,-1
132,40,292.8,234.9,20.7,46.4,1,-1,-1,-1
132,41,605.4,643.5,60.9,110.1,1,-1,-1,-1
132,43,557.8,632.8,66.9,123.0,1,-1,-1,-1
132,47,661.4,368.4,47.3,88.0,1,-1,-1,-1
132,50,222.5,646.2,69.4,110.0,1,-1,-1,-1
132,51,14.1,386.3,90.0,60.5,1,-1,-1,-1
132,52,495.5,171.7,16.8,35.5,1,-1,-1,-1
132,53,40.1,191.9,19.9,41.3,1,-1,-1,-1
132,60,701.7,716.7,41.0,39.4,1,-1,-1,-1
132,64,167.4,327.8,25.6,39.5,1,-1,-1,-1
132,65,33.8,117.7,18.7,32.2,1,-1,-1,-1
132,67,321.1,249.4,22.6,38.4,1,-1,-1,-1
132,69,-0.1,423.3,20.0,47.0,1,-1,-1,-1
132,71,437.6,579.7,53.3,60.3,1,-1,-1,-1
132,72,0.9,118.6,19.6,41.2,1,-1,-1,-1
133,1,367.7,570.6,65.2,72.6,1,-1,-1,-1
133,2,138.9,461.5,55.0,69.1,1,-1,-1,-1
133,3,186.5,322.9,50.6,51.9,1,-1,-1,-1
133,4,251.5,501.6,57.9,74.4,1,-1,-1,-1
133,5,849.1,394.4,43.6,92.3,1,-1,-1,-1
133,6,302.8,404.9,51.7,107.4,1,-1,-1,-1
133,7,394.5,406.8,42.9,110.1,1,-1,-1,-1
133,8,553.4,251.4,26.1,48.6,1,-1,-1,-1
133,9,395.9,612.0,73.2,66.0,1,-1,-1,-1
133,12,143.2,332.0,32.2,67.5,1,-1,-1,-1
133,13,662.3,291.4,35.0,68.3,1,-1,-1,-1
133,14,692.5,352.8,29.6,68.9,1,-1,-1,-1
133,15,572.4,240.4,29.8,57.4,1,-1,-1,-1
133,16,306.2,248.7,26.6,70.0,1,-1,-1,-1
133,17,772.7,255.5,32.8,41.8,1,-1,-1,-1
133,18,248.3,410.8,53.2,109.0,1,-1,-1,-1
133,21,494.6,333.8,40.0,94.6,1,-1,-1,-1
133,22,547.0,330.7,30.6,83.0,1,-1,-1,-1
133,23,292.6,210.1,20.6,46.7,1,-1,-1,-1
133,24,679.0,187.8,26.6,61.1,1,-1,-1,-1
133,25,353.1,176.9,18.8,54.0,1,-1,-1,-1
133,26,822.0,162.5,19.6,41.5,1,-1,-1,-1
133,29,517.6,174.0,19.1,35.3,1,-1,-1,-1
133,30,350.6,244.0,21.7,40.1,1,-1,-1,-1
133,31,367.9,252.8,15.0,35.1,1,-1,-1,-1
133,33,352.9,281.9,17.4,36.0,1,-1,-1,-1
133,37,342.9,472.1,49.9,119.0,1,-1,-1,-1
133,40,296.0,237.6,19.9,46.2,1,-1,-1,-1
133,41,602.6,644.0,61.6,109.7,1,-1,-1,-1
133,43,553.2,632.1,69.8,122.7,1,-1,-1,-1
133,47,659.6,364.5,44.6,83.9,1,-1,-1,-1
133,50,224.2,649.7,71.3,106.4,1,-1,-1,-1
133,51,12.8,387.1,93.1,59.3,1,-1,-1,-1
133,53,42.0,191.4,18.7,41.4,1,-1,-1,-1
133,60,699.1,716.9,42.3,39.2,1,-1,-1,-1
133,64,167.0,325.1,26.3,39.7,1,-1,-1,-1
133,65,41.0,132.1,19.7,32.0,1,-1,-1,-1
133,67,322.7,247.1,21.7,38.9,1,-1,-1,-1
133,69,0.3,420.8,21.9,48.0,1,-1,-1,-1
133,71,436.7,578.9,53.4,60.7,1,-1,-1,-1
133,72,4.5,117.6,20.3,41.2,1,-1,-1,-1
133,73,704.0,407.0,11.5,56.5,1,-1,-1,-1
134,1,365.6,572.6,65.1,77.7,1,-1,-1,-1
134,2,133.8,457.6,55.6,73.0,1,-1,-1,-1
134,3,185.7,320.4,50.6,52.6,1,-1,-1,-1
134,4,252.1,500.4,58.0,75.4,1,-1,-1,-1
134,5,848.3,390.4,42.3,95.2,1,-1,-1,-1
134,6,306.2,407.1,49.3,101.4,1,-1,-1,-1
134,7,395.0,406.7,43.1,111.7,1,-1,-1,-1
134,8,554.1,252.4,26.0,48.1,1,-1,-1,-1
134,9,396.2,609.7,73.0,65.8,1,-1,-1,-1
134,12,143.0,330.7,32.5,68.8,1,-1,-1,-1
134,13,661.6,291.8,33.4,68.8,1,-1,-1,-1
134,14,685.6,367.4,36.1,84.3,1,-1,-1,-1
134,15,574.4,241.7,28.7,56.1,1,-1,-1,-1
134,16,307.7,247.9,27.7,70.3,1,-1,-1,-1
134,17,774.0,255.8,32.8,41.5,1,-1,-1,-1
134,18,248.2,410.0,53.9,108.9,1,-1,-1,-1
134,21,494.6,334.6,38.7,93.5,1,-1,-1,-1
134,22,548.3,330.0,29.6,83.2,1,-1,-1,-1
134,23,293.4,210.5,20.6,49.3,1,-1,-1,-1
134,24,681.4,186.7,26.4,61.5,1,-1,-1,-1
134,25,355.1,179.1,19.2,52.4,1,-1,-1,-1
134,26,824.6,162.4,19.0,41.1,1,-1,-1,-1
134,29,519.0,174.5,19.0,34.2,1,-1,-1,-1
134,30,352.9,243.4,22.3,37.8,1,-1,-1,-1
134,31,367.3,253.7,14.2,33.8,1,-1,-1,-1
134,33,353.8,280.7,17.9,36.2,1,-1,-1,-1
134,37,335.9,468.1,52.8,120.0,1,-1,-1,-1
134,40,297.6,238.3,18.7,46.1,1,-1,-1,-1
134,41,600.4,643.8,62.8,109.9,1,-1,-1,-1
134,43,551.0,631.9,72.2,122.6,1,-1,-1,-1
134,47,659.2,356.7,42.9,85.1,1,-1,-1,-1
134,50,227.2,653.4,73.1,102.9,1,-1,-1,-1
134,51,15.1,386.6,92.5,59.0,1,-1,-1,-1
134,52,499.8,171.4,19.6,37.3,1,-1,-1,-1
134,53,43.9,191.0,19.5,42.0,1,-1,-1,-1
134,60,697.6,716.2,42.4,39.7,1,-1,-1,-1
134,64,168.0,323.6,27.3,38.8,1,-1,-1,-1
134,67,325.8,247.1,21.2,38.6,1,-1,-1,-1
134,69,0.2,419.4,23.2,49.0,1,-1,-1,-1
134,71,437.2,578.4,52.9,61.5,1,-1,-1,-1
134,72,7.0,116.4,21.1,41.6,1,-1,-1,-1
134,73,703.5,402.9,12.7,61.2,1,-1,-1,-1
135,1,363.0,577.5,64.9,77.7,1,-1,-1,-1
135,2,132.8,455.6,55.7,74.8,1,-1,-1,-1
135,3,186.8,319.8,49.8,53.1,1,-1,-1,-1
135,4,251.4,499.3,58.7,76.2,1,-1,-1,-1
135,5,849.2,389.3,41.7,97.5,1,-1,-1,-1
135,6,307.7,407.7,47.8,99.0,1,-1,-1,-1
135,7,395.0,406.5,43.6,112.8,1,-1,-1,-1
135,8,556.3,251.8,25.2,48.6,1,-1,-1,-1
135,9,395.3,582.0,93.1,88.8,1,-1,-1,-1
135,12,143.4,329.9,32.8,68.9,1,-1,-1,-1
135,13,659.6,292.1,33.5,66.9,1,-1,-1,-1
135,14,687.1,368.6,37.2,80.8,1,-1,-1,-1
135,15,577.5,242.7,28.0,55.4,1,-1,-1,-1
135,16,309.0,247.6,28.3,70.4,1,-1,-1,-1
135,17,775.6,255.5,32.6,41.9,1,-1,-1,-1
135,18,248.3,409.2,54.4,108.8,1,-1,-1,-1
135,21,495.4,337.2,37.6,91.3,1,-1,-1,-1
135,22,549.8,330.6,28.3,82.3,1,-1,-1,-1
135,23,294.8,209.6,19.9,46.7,1,-1,-1,-1
135,24,683.7,188.4,26.0,58.2,1,-1,-1,-1
135,25,356.8,176.7,19.7,55.6,1,-1,-1,-1
135,26,825.4,162.7,18.7,40.7,1,-1,-1,-1
135,29,520.0,174.4,18.5,32.8,1,-1,-1,-1
135,30,353.7,243.6,23.0,36.7,1,-1,-1,-1
135,33,354.9,279.9,18.7,36.7,1,-1,-1,-1
135,37,331.0,469.3,53.9,118.1,1,-1,-1,-1
135,40,297.0,234.3,19.3,45.4,1,-1,-1,-1
135,41,599.6,643.4,62.9,110.6,1,-1,-1,-1
135,43,550.0,632.1,72.6,123.6,1,-1,-1,-1
135,47,660.3,354.7,41.9,81.2,1,-1,-1,-1
135,50,229.1,654.9,73.6,101.0,1,-1,-1,-1
135,51,17.8,384.9,89.0,59.6,1,-1,-1,-1
135,52,503.9,169.3,19.1,37.8,1,-1,-1,-1
135,53,45.0,189.4,19.8,42.9,1,-1,-1,-1
135,60,696.2,716.1,40.9,39.9,1,-1,-1,-1
135,64,168.6,323.3,27.8,38.2,1,-1,-1,-1
135,67,327.8,247.7,22.5,38.4,1,-1,-1,-1
135,69,-0.3,413.4,23.2,52.5,1,-1,-1,-1
135,71,437.3,578.0,52.7,62.1,1,-1,-1,-1
135,72,10.3,116.5,21.1,40.7,1,-1,-1,-1
135,74,375.7,250.3,17.5,37.4,1,-1,-1,-1
135,75,42.5,116.1,19.6,36.5,1,-1,-1,-1
136,2,133.7,455.1,55.6,75.7,1,-1,-1,-1
136,3,189.2,319.7,48.1,53.6,1,-1,-1,-1
136,4,240.4,494.9,65.5,80.0,1,-1,-1,-1
136,5,850.6,389.3,38.5,100.0,1,-1,-1,-1
136,6,304.4,404.0,51.9,103.8,1,-1,-1,-1
136,7,394.6,406.4,45.0,113.3,1,-1,-1,-1
136,8,557.4,251.8,25.3,48.0,1,-1,-1,-1
136,9,391.8,573.8,102.8,99.0,1,-1,-1,-1
136,12,147.8,330.5,31.9,66.7,1,-1,-1,-1
136,13,662.0,293.7,29.6,65.3,1,-1,-1,-1
136,14,689.9,363.6,35.3,79.3,1,-1,-1,-1
136,15,578.6,242.4,27.9,55.2,1,-1,-1,-1
136,16,309.7,247.3,28.9,70.5,1,-1,-1,-1
136,17,777.4,255.5,31.9,41.9,1,-1,-1,-1
136,18,248.8,408.7,54.6,109.5,1,-1,-1,-1
136,21,495.7,335.7,37.5,93.0,1,-1,-1,-1
136,22,550.6,329.9,27.8,83.0,1,-1,-1,-1
136,23,295.0,209.3,19.5,43.5,1,-1,-1,-1
136,24,685.5,188.3,26.0,58.6,1,-1,-1,-1
136,25,359.2,175.2,20.4,57.2,1,-1,-1,-1
136,26,825.5,162.0,19.6,41.6,1,-1,-1,-1
136,29,522.9,174.7,19.0,34.9,1,-1,-1,-1
136,30,355.0,244.7,23.4,34.6,1,-1,-1,-1
136,33,357.0,279.8,19.2,36.5,1,-1,-1,-1
136,37,327.7,470.4,56.5,120.4,1,-1,-1,-1
136,40,301.1,236.2,18.0,43.5,1,-1,-1,-1
136,41,599.4,643.1,62.0,111.4,1,-1,-1,-1
136,43,549.0,631.3,72.8,124.7,1,-1,-1,-1
136,47,659.3,354.3,39.2,79.0,1,-1,-1,-1
136,50,228.9,655.2,73.6,100.4,1,-1,-1,-1
136,51,20.0,383.8,87.3,60.3,1,-1,-1,-1
136,52,507.5,167.4,19.5,38.0,1,-1,-1,-1
136,53,46.0,187.7,20.3,43.0,1,-1,-1,-1
136,60,694.6,716.0,40.2,40.0,1,-1,-1,-1
136,64,169.2,323.3,28.8,38.4,1,-1,-1,-1
136,67,330.0,247.7,22.1,38.8,1,-1,-1,-1
136,69,-0.3,413.3,23.4,51.3,1,-1,-1,-1
136,72,13.5,116.1,20.1,41.7,1,-1,-1,-1
136,74,377.1,251.2,17.1,36.4,1,-1,-1,-1
136,75,47.0,116.2,18.1,36.5,1,-1,-1,-1
136,76,510.5,180.6,21.5,48.1,1,-1,-1,-1
137,2,133.8,455.7,56.5,75.5,1,-1,-1,-1
137,3,193.5,321.7,49.1,52.5,1,-1,-1,-1
137,4,237.7,493.1,68.8,80.8,1,-1,-1,-1
137,5,855.8,390.5,32.0,85.6,1,-1,-1,-1
137,6,302.3,405.3,53.7,103.8,1,-1,-1,-1
137,7,396.1,406.3,44.7,110.0,1,-1,-1,-1
137,8,558.4,251.6,25.2,49.4,1,-1,-1,-1
137,9,389.2,573.1,105.6,101.7,1,-1,-1,-1
137,12,149.9,330.8,31.8,65.3,1,-1,-1,-1
137,13,661.5,295.4,29.0,68.5,1,-1,-1,-1
137,14,690.2,362.0,36.2,77.3,1,-1,-1,-1
137,15,579.5,240.5,28.8,57.0,1,-1,-1,-1
137,16,311.4,247.2,28.4,70.5,1,-1,-1,-1
137,17,779.4,257.1,31.6,40.2,1,-1,-1,-1
137,18,250.2,408.4,51.0,108.0,1,-1,-1,-1
137,21,495.6,334.5,37.6,94.1,1,-1,-1,-1
137,22,552.3,330.0,27.4,82.3,1,-1,-1,-1
137,23,295.4,208.5,19.5,42.7,1,-1,-1,-1
137,24,687.1,188.7,26.2,58.9,1,-1,-1,-1
137,25,361.1,175.5,20.0,56.1,1,-1,-1,-1
137,26,825.1,160.7,20.5,43.2,1,-1,-1,-1
137,29,524.7,174.6,18.5,35.5,1,-1,-1,-1
137,30,356.6,244.4,23.0,36.5,1,-1,-1,-1
137,33,361.4,280.3,18.9,35.8,1,-1,-1,-1
137,37,326.6,469.6,57.5,122.4,1,-1,-1,-1
137,40,304.3,237.5,16.9,42.5,1,-1,-1,-1
137,41,597.9,644.5,59.8,111.0,1,-1,-1,-1
137,43,548.5,631.9,72.8,124.0,1,-1,-1,-1
137,47,659.2,353.6,36.0,80.7,1,-1,-1,-1
137,50,230.5,655.5,73.4,100.2,1,-1,-1,-1
137,51,20.5,382.8,86.3,60.7,1,-1,-1,-1
137,53,48.7,186.4,19.7,44.0,1,-1,-1,-1
137,60,693.5,715.4,40.1,40.5,1,-1,-1,-1
137,64,170.3,323.5,29.0,38.8,1,-1,-1,-1
137,67,331.4,247.6,22.1,37.7,1,-1,-1,-1
137,69,0.2,414.0,25.2,50.6,1,-1,-1,-1
137,72,17.1,116.1,20.6,42.3,1,-1,-1,-1
137,74,379.3,250.4,16.2,37.2,1,-1,-1,-1
137,75,50.2,116.0,18.2,35.1,1,-1,-1,-1
137,76,508.5,159.8,27.0,59.0,1,-1,-1,-1
137,77,645.4,285.6,27.6,70.4,1,-1,-1,-1
138,2,135.0,455.5,56.8,75.5,1,-1,-1,-1
138,3,194.2,322.3,49.8,52.1,1,-1,-1,-1
138,4,238.1,492.7,69.8,80.7,1,-1,-1,-1
138,5,857.3,389.7,31.1,94.4,1,-1,-1,-1
138,6,302.8,405.6,53.4,103.6,1,-1,-1,-1
138,7,398.4,406.8,44.0,109.2,1,-1,-1,-1
138,8,559.4,251.6,25.7,48.8,1,-1,-1,-1
138,9,387.9,573.7,105.9,101.5,1,-1,-1,-1
138,12,151.7,330.5,31.5,65.1,1,-1,-1,-1
138,13,660.4,296.0,28.8,65.8,1,-1,-1,-1
138,14,690.0,361.1,35.9,77.6,1,-1,-1,-1
138,15,580.4,241.0,29.3,56.0,1,-1,-1,-1
138,16,312.8,247.1,28.2,70.5,1,-1,-1,-1
138,17,781.3,258.1,31.5,39.0,1,-1,-1,-1
138,18,254.1,412.8,48.3,102.9,1,-1,-1,-1
138,21,496.8,335.0,37.2,93.4,1,-1,-1,-1
138,22,553.4,329.7,26.5,82.5,1,-1,-1,-1
138,23,296.4,209.8,19.1,41.4,1,-1,-1,-1
138,24,688.4,188.8,25.8,58.9,1,-1,-1,-1
138,25,363.7,176.0,20.2,55.2,1,-1,-1,-1
138,26,824.6,159.6,21.1,44.6,1,-1,-1,-1
138,29,526.6,175.3,18.2,35.8,1,-1,-1,-1
138,30,359.3,244.9,24.0,35.8,1,-1,-1,-1
138,33,364.4,281.0,18.5,35.3,1,-1,-1,-1
138,37,323.8,468.3,57.6,122.9,1,-1,-1,-1
138,40,304.6,235.0,18.8,43.7,1,-1,-1,-1
138,41,595.7,645.6,59.8,110.0,1,-1,-1,-1
138,43,547.8,632.1,73.5,122.2,1,-1,-1,-1
138,47,659.0,348.6,35.6,82.8,1,-1,-1,-1
138,50,231.7,655.5,73.6,100.3,1,-1,-1,-1
138,51,21.3,380.5,89.0,62.6,1,-1,-1,-1
138,52,514.5,179.4,22.6,46.9,1,-1,-1,-1
138,53,53.0,186.3,20.9,45.2,1,-1,-1,-1
138,60,691.1,716.5,41.0,39.7,1,-1,-1,-1
138,64,173.0,322.9,27.3,39.4,1,-1,-1,-1
138,67,333.2,247.7,22.7,37.9,1,-1,-1,-1
138,69,0.2,413.3,26.8,49.2,1,-1,-1,-1
138,72,21.0,115.9,20.3,41.8,1,-1,-1,-1
138,74,379.6,250.7,16.4,37.2,1,-1,-1,-1
138,75,54.1,116.5,18.7,36.0,1,-1,-1,-1
138,77,641.5,287.3,30.0,75.4,1,-1,-1,-1
139,2,135.8,454.8,56.9,75.7,1,-1,-1,-1
139,3,195.3,322.2,49.3,51.0,1,-1,-1,-1
139,4,238.5,493.0,69.8,81.0,1,-1,-1,-1
139,5,856.3,387.0,31.9,96.6,1,-1,-1,-1
139,6,304.2,405.2,52.8,103.5,1,-1,-1,-1
139,7,398.8,406.5,43.7,109.6,1,-1,-1,-1
139,8,562.6,252.0,26.2,48.3,1,-1,-1,-1
139,9,387.8,574.6,104.9,99.6,1,-1,-1,-1
139,12,152.7,330.5,32.3,64.3,1,-1,-1,-1
139,13,653.2,295.2,31.6,70.2,1,-1,-1,-1
139,14,685.9,346.3,41.8,87.2,1,-1,-1,-1
139,15,582.1,242.5,29.3,54.3,1,-1,-1,-1
139,16,313.8,247.0,27.5,70.4,1,-1,-1,-1
139,17,781.9,258.5,32.0,38.8,1,-1,-1,-1
139,18,252.9,410.1,48.8,106.4,1,-1,-1,-1
139,21,496.9,335.8,37.6,92.6,1,-1,-1,-1
139,22,554.9,330.0,27.6,82.4,1,-1,-1,-1
139,23,297.2,209.8,18.8,41.0,1,-1,-1,-1
139,24,689.0,188.1,26.0,60.6,1,-1,-1,-1
139,25,365.7,176.5,20.0,54.4,1,-1,-1,-1
139,26,825.5,159.9,21.9,45.2,1,-1,-1,-1
139,30,360.8,245.0,23.6,35.7,1,-1,-1,-1
139,33,366.3,280.5,18.0,36.0,1,-1,-1,-1
139,37,322.9,466.3,53.7,122.9,1,-1,-1,-1
139,40,304.1,233.7,19.1,43.4,1,-1,-1,-1
139,41,595.0,645.2,59.7,109.5,1,-1,-1,-1
139,43,544.5,634.8,70.5,120.1,1,-1,-1,-1
139,47,654.7,345.2,36.9,77.9,1,-1,-1,-1
139,50,234.4,655.9,75.7,100.0,1,-1,-1,-1
139,51,23.2,379.9,89.8,63.1,1,-1,-1,-1
139,52,515.4,182.3,23.5,48.9,1,-1,-1,-1
139,53,54.4,185.9,20.7,45.3,1,-1,-1,-1
139,60,688.8,717.2,41.6,39.0,1,-1,-1,-1
139,64,174.1,322.2,27.0,39.4,1,-1,-1,-1
139,67,335.4,247.5,22.4,37.6,1,-1,-1,-1
139,69,0.1,412.5,28.2,49.7,1,-1,-1,-1
139,72,23.9,115.0,19.9,42.6,1,-1,-1,-1
139,74,379.0,250.2,17.0,37.5,1,-1,-1,-1
139,75,58.3,116.2,17.4,35.5,1,-1,-1,-1
139,77,636.6,282.3,32.4,82.1,1,-1,-1,-1
140,2,136.0,454.4,56.8,75.5,1,-1,-1,-1
140,3,194.5,319.3,50.2,51.3,1,-1,-1,-1
140,4,238.8,493.1,69.1,80.3,1,-1,-1,-1
140,5,854.5,385.0,34.7,97.8,1,-1,-1,-1
140,6,310.1,405.7,49.6,95.2,1,-1,-1,-1
140,7,399.9,407.1,42.9,109.2,1,-1,-1,-1
140,8,564.3,252.2,26.1,49.6,1,-1,-1,-1
140,9,387.7,574.6,103.8,98.2,1,-1,-1,-1
140,12,155.9,330.5,32.4,63.8,1,-1,-1,-1
140,13,654.0,295.4,34.7,77.3,1,-1,-1,-1
140,14,684.9,341.3,42.8,86.9,1,-1,-1,-1
140,15,583.4,241.4,29.6,55.2,1,-1,-1,-1
140,16,314.7,245.3,28.0,71.1,1,-1,-1,-1
140,17,785.7,259.9,31.1,39.4,1,-1,-1,-1
140,18,252.7,408.6,49.4,108.0,1,-1,-1,-1
140,21,496.8,336.5,38.3,91.7,1,-1,-1,-1
140,22,555.7,329.1,28.9,83.5,1,-1,-1,-1
140,23,297.8,209.7,19.0,40.9,1,-1,-1,-1
140,24,690.8,187.9,25.9,60.9,1,-1,-1,-1
140,25,368.2,177.0,19.6,53.6,1,-1,-1,-1
140,26,826.3,160.3,22.0,44.9,1,-1,-1,-1
140,29,532.8,175.0,17.4,37.3,1,-1,-1,-1
140,30,362.3,244.1,23.4,34.8,1,-1,-1,-1
140,33,367.3,278.6,17.9,37.3,1,-1,-1,-1
140,37,323.2,462.2,50.2,123.3,1,-1,-1,-1
140,40,302.4,228.4,19.1,43.5,1,-1,-1,-1
140,41,594.5,645.4,58.8,108.4,1,-1,-1,-1
140,43,543.5,635.3,68.9,120.4,1,-1,-1,-1
140,47,652.6,343.0,33.3,74.3,1,-1,-1,-1
140,50,235.6,657.6,78.6,98.6,1,-1,-1,-1
140,51,26.6,379.3,90.1,63.3,1,-1,-1,-1
140,52,515.5,179.0,23.5,51.5,1,-1,-1,-1
140,53,57.0,187.3,22.0,43.5,1,-1,-1,-1
140,60,687.2,717.4,41.7,38.6,1,-1,-1,-1
140,64,176.8,323.6,28.4,40.1,1,-1,-1,-1
140,67,336.7,246.5,21.9,38.4,1,-1,-1,-1
140,69,0.0,411.8,29.6,48.9,1,-1,-1,-1
140,72,27.3,115.5,20.1,41.7,1,-1,-1,-1
140,74,378.8,250.0,18.7,37.3,1,-1,-1,-1
140,75,62.2,116.0,16.8,35.3,1,-1,-1,-1
141,2,137.0,454.4,57.4,75.4,1,-1,-1,-1
141,3,195.5,318.6,50.7,52.0,1,-1,-1,-1
141,4,238.7,493.3,69.1,80.8,1,-1,-1,-1
141,5,852.7,384.4,37.4,98.6,1,-1,-1,-1
141,6,308.7,404.2,50.5,100.0,1,-1,-1,-1
141,7,401.1,407.2,42.5,109.2,1,-1,-1,-1
141,8,564.9,251.6,26.1,50.0,1,-1,-1,-1
141,9,387.4,575.2,103.1,97.1,1,-1,-1,-1
141,12,158.6,329.7,31.0,64.2,1,-1,-1,-1
141,13,656.0,297.9,36.7,81.8,1,-1,-1,-1
141,14,685.1,338.8,42.5,88.1,1,-1,-1,-1
141,15,583.9,242.0,29.9,55.8,1,-1,-1,-1
141,16,316.0,245.1,28.0,71.0,1,-1,-1,-1
141,17,787.8,260.0,30.1,39.2,1,-1,-1,-1
141,18,253.6,407.9,50.0,107.8,1,-1,-1,-1
141,21,496.7,337.3,39.8,92.1,1,-1,-1,-1
141,22,556.5,328.8,28.5,84.0,1,-1,-1,-1
141,23,298.5,210.0,18.7,40.6,1,-1,-1,-1
141,24,694.4,189.2,26.2,58.0,1,-1,-1,-1
141,25,369.9,175.9,19.3,56.1,1,-1,-1,-1
141,26,828.3,160.8,21.1,44.2,1,-1,-1,-1
141,29,534.4,175.9,17.7,37.6,1,-1,-1,-1
141,30,365.4,243.8,22.5,35.1,1,-1,-1,-1
141,33,372.5,278.8,18.0,36.5,1,-1,-1,-1
141,37,321.7,463.7,49.3,120.7,1,-1,-1,-1
141,40,304.5,232.1,19.5,44.0,1,-1,-1,-1
141,41,592.8,645.6,59.1,108.6,1,-1,-1,-1
141,43,542.9,634.7,69.0,121.1,1,-1,-1,-1
141,47,653.3,340.9,30.9,74.1,1,-1,-1,-1
141,50,236.0,660.1,82.2,96.2,1,-1,-1,-1
141,51,28.9,378.9,90.1,63.8,1,-1,-1,-1
141,52,518.9,177.9,22.8,50.2,1,-1,-1,-1
141,53,58.8,187.6,22.3,41.4,1,-1,-1,-1
141,60,686.1,717.4,40.2,38.5,1,-1,-1,-1
141,64,176.7,321.8,28.0,39.7,1,-1,-1,-1
141,67,338.0,246.1,21.4,38.5,1,-1,-1,-1
141,69,0.2,411.3,31.9,50.1,1,-1,-1,-1
141,72,30.4,115.6,19.8,41.0,1,-1,-1,-1
141,74,385.0,250.7,18.4,37.3,1,-1,-1,-1
141,77,637.7,284.9,32.2,78.0,1,-1,-1,-1
142,2,138.3,454.2,56.2,75.0,1,-1,-1,-1
142,3,197.6,318.7,49.7,52.2,1,-1,-1,-1
142,4,238.4,493.5,69.8,81.7,1,-1,-1,-1
142,5,852.0,384.0,39.1,98.6,1,-1,-1,-1
142,6,308.4,403.3,51.6,103.1,1,-1,-1,-1
142,7,402.5,407.8,41.5,109.8,1,-1,-1,-1
142,8,565.4,251.3,26.1,50.2,1,-1,-1,-1
142,9,387.1,575.5,102.8,96.2,1,-1,-1,-1
142,12,156.5,328.4,32.2,67.5,1,-1,-1,-1
142,14,692.7,336.6,35.6,85.7,1,-1,-1,-1
142,15,586.7,242.9,29.0,55.3,1,-1,-1,-1
142,16,319.8,246.9,28.0,70.3,1,-1,-1,-1
142,17,788.5,260.1,29.1,39.2,1,-1,-1,-1
142,18,254.1,407.6,50.7,107.4,1,-1,-1,-1
142,21,498.3,336.8,39.0,91.4,1,-1,-1,-1
142,22,554.9,327.6,30.4,85.8,1,-1,-1,-1
142,23,299.4,209.3,17.8,39.3,1,-1,-1,-1
142,24,695.0,188.4,26.4,59.5,1,-1,-1,-1
142,25,371.4,176.1,19.4,55.1,1,-1,-1,-1
142,26,829.6,161.7,21.3,44.3,1,-1,-1,-1
142,29,530.7,176.3,24.0,44.0,1,-1,-1,-1
142,30,367.1,243.7,21.8,34.4,1,-1,-1,-1
142,33,374.7,278.1,17.7,36.7,1,-1,-1,-1
142,37,319.3,461.9,47.5,116.9,1,-1,-1,-1
142,40,310.8,234.0,20.5,43.1,1,-1,-1,-1
142,41,591.4,646.4,59.5,108.2,1,-1,-1,-1
142,43,542.3,634.2,69.4,121.3,1,-1,-1,-1
142,47,652.4,336.2,30.3,77.9,1,-1,-1,-1
142,50,235.3,660.5,83.3,95.4,1,-1,-1,-1
142,51,31.0,392.0,76.9,50.3,1,-1,-1,-1
142,52,521.0,172.4,22.9,51.1,1,-1,-1,-1
142,53,59.0,186.1,21.2,43.0,1,-1,-1,-1
142,60,685.2,717.3,39.6,38.6,1,-1,-1,-1
142,64,177.6,322.0,27.4,38.9,1,-1,-1,-1
142,67,340.2,246.0,20.4,37.7,1,-1,-1,-1
142,69,0.0,410.0,33.5,50.5,1,-1,-1,-1
142,72,33.3,115.8,20.4,40.1,1,-1,-1,-1
142,74,387.8,251.1,18.0,37.3,1,-1,-1,-1
142,75,66.8,116.1,17.9,35.4,1,-1,-1,-1
142,77,636.8,284.8,32.3,77.5,1,-1,-1,-1
143,2,146.2,456.7,55.9,68.8,1,-1,-1,-1
143,3,203.6,320.9,49.8,52.5,1,-1,-1,-1
143,4,238.2,493.9,69.8,80.0,1,-1,-1,-1
143,5,852.6,384.5,40.5,97.5,1,-1,-1,-1
143,6,308.5,402.8,52.2,105.0,1,-1,-1,-1
143,7,403.6,408.1,41.0,108.3,1,-1,-1,-1
143,8,569.0,252.6,25.2,49.5,1,-1,-1,-1
143,9,386.6,575.7,102.7,95.6,1,-1,-1,-1
143,12,158.0,327.7,32.2,68.4,1,-1,-1,-1
143,14,696.1,335.4,32.5,84.8,1,-1,-1,-1
143,15,588.7,242.3,28.9,56.1,1,-1,-1,-1
143,16,321.8,247.6,28.0,69.6,1,-1,-1,-1
143,17,789.6,259.9,29.5,39.3,1,-1,-1,-1
143,18,254.6,407.5,51.0,106.4,1,-1,-1,-1
143,21,500.1,336.4,38.1,91.3,1,-1,-1,-1
143,22,556.9,327.4,30.7,86.7,1,-1,-1,-1
143,23,300.5,208.7,17.3,38.7,1,-1,-1,-1
143,24,696.7,189.1,26.4,59.3,1,-1,-1,-1
143,25,373.3,175.9,19.5,54.6,1,-1,-1,-1
143,26,829.4,161.8,21.4,44.2,1,-1,-1,-1
143,29,525.5,178.9,25.2,48.2,1,-1,-1,-1
143,30,368.9,242.1,21.3,34.3,1,-1,-1,-1
143,33,376.1,277.8,17.6,37.2,1,-1,-1,-1
143,37,316.0,460.3,47.7,117.6,1,-1,-1,-1
143,40,313.1,233.8,21.8,44.7,1,-1,-1,-1
143,41,590.9,646.6,58.9,108.6,1,-1,-1,-1
143,43,541.6,633.3,70.0,121.2,1,-1,-1,-1
143,47,648.7,328.0,35.0,84.1,1,-1,-1,-1
143,50,233.1,658.1,78.8,97.4,1,-1,-1,-1
143,51,33.5,384.5,81.5,56.1,1,-1,-1,-1
143,53,62.0,185.1,22.1,42.6,1,-1,-1,-1
143,60,683.7,717.4,39.8,38.6,1,-1,-1,-1
143,63,488.2,169.5,19.9,36.5,1,-1,-1,-1
143,64,180.7,323.4,27.2,38.8,1,-1,-1,-1
143,67,342.6,245.8,19.9,38.6,1,-1,-1,-1
143,69,-0.0,409.6,35.1,50.5,1,-1,-1,-1
143,72,36.9,115.7,19.9,40.2,1,-1,-1,-1
143,74,389.2,250.6,17.1,37.5,1,-1,-1,-1
143,75,69.9,112.1,17.2,28.3,1,-1,-1,-1
143,77,635.6,285.6,35.3,79.7,1,-1,-1,-1
144,2,148.0,456.6,55.7,66.1,1,-1,-1,-1
144,3,204.8,321.1,50.2,52.4,1,-1,-1,-1
144,4,238.8,495.3,69.2,77.8,1,-1,-1,-1
144,5,852.3,384.4,40.8,95.5,1,-1,-1,-1
144,6,308.5,402.3,52.8,104.5,1,-1,-1,-1
144,7,403.6,408.4,42.1,107.4,1,-1,-1,-1
144,8,570.8,251.5,24.7,49.1,1,-1,-1,-1
144,9,388.1,598.5,84.9,77.2,1,-1,-1,-1
144,12,161.0,328.7,30.6,67.2,1,-1,-1,-1
144,14,697.1,338.3,30.8,82.4,1,-1,-1,-1
144,15,589.5,242.8,29.2,56.3,1,-1,-1,-1
144,16,323.3,247.6,27.1,68.8,1,-1,-1,-1
144,17,790.7,259.3,30.5,39.0,1,-1,-1,-1
144,18,256.0,407.4,50.0,104.0,1,-1,-1,-1
144,21,502.8,337.2,35.9,91.2,1,-1,-1,-1
144,22,558.2,327.1,31.2,87.5,1,-1,-1,-1
144,23,301.8,208.5,17.8,40.0,1,-1,-1,-1
144,24,698.4,189.2,26.7,59.4,1,-1,-1,-1
144,25,376.4,175.7,19.5,54.4,1,-1,-1,-1
144,26,834.4,162.2,20.6,43.2,1,-1,-1,-1
144,29,527.3,177.2,27.4,49.5,1,-1,-1,-1
144,30,372.0,245.3,22.8,35.3,1,-1,-1,-1
144,33,377.5,278.6,17.3,36.6,1,-1,-1,-1
144,37,314.1,460.3,48.5,121.9,1,-1,-1,-1
144,40,315.4,233.3,21.1,43.8,1,-1,-1,-1
144,41,591.4,646.2,57.0,108.4,1,-1,-1,-1
144,43,540.5,633.1,69.3,122.2,1,-1,-1,-1
144,47,646.7,322.9,38.2,84.7,1,-1,-1,-1
144,50,234.3,654.9,71.0,100.4,1,-1,-1,-1
144,51,35.0,380.3,84.5,60.3,1,-1,-1,-1
144,53,63.7,183.9,20.8,43.6,1,-1,-1,-1
144,60,681.1,717.9,41.3,38.2,1,-1,-1,-1
144,63,491.7,167.0,19.0,39.3,1,-1,-1,-1
144,64,182.4,324.0,28.0,38.9,1,-1,-1,-1
144,67,345.5,245.4,19.9,39.1,1,-1,-1,-1
144,69,0.1,409.6,37.5,50.3,1,-1,-1,-1
144,72,40.0,115.3,19.8,40.8,1,-1,-1,-1
144,73,678.9,339.1,29.0,80.3,1,-1,-1,-1
144,74,389.7,249.6,17.6,38.5,1,-1,-1,-1
144,75,72.8,105.1,16.9,25.5,1,-1,-1,-1
144,77,634.1,284.7,37.4,81.2,1,-1,-1,-1
145,2,143.0,455.3,54.6,69.6,1,-1,-1,-1
145,3,206.8,320.7,49.1,51.8,1,-1,-1,-1
145,4,239.7,496.2,68.9,75.6,1,-1,-1,-1
145,5,853.0,384.1,41.3,92.8,1,-1,-1,-1
145,6,313.7,404.4,49.2,94.3,1,-1,-1,-1
145,7,404.8,409.5,42.2,107.5,1,-1,-1,-1
145,8,570.2,250.5,24.9,50.7,1,-1,-1,-1
145,9,390.6,606.5,76.2,68.0,1,-1,-1,-1
145,12,167.1,331.7,29.8,65.5,1,-1,-1,-1
145,14,696.4,340.2,31.8,81.7,1,-1,-1,-1
145,15,590.6,242.4,29.9,55.9,1,-1,-1,-1
145,16,324.2,246.9,26.8,69.0,1,-1,-1,-1
145,17,793.6,260.9,30.5,39.1,1,-1,-1,-1
145,18,259.2,410.2,45.8,98.1,1,-1,-1,-1
145,21,504.5,336.6,35.2,91.0,1,-1,-1,-1
145,22,559.2,326.5,32.0,87.5,1,-1,-1,-1
145,23,304.7,208.2,18.9,40.6,1,-1,-1,-1
145,24,703.1,190.4,24.5,56.1,1,-1,-1,-1
145,25,379.5,176.1,19.3,53.8,1,-1,-1,-1
145,26,837.3,162.6,20.1,42.5,1,-1,-1,-1
145,29,525.4,177.5,26.8,49.9,1,-1,-1,-1
145,30,372.6,245.0,23.1,34.8,1,-1,-1,-1
145,33,378.4,277.8,17.3,36.3,1,-1,-1,-1
145,37,312.2,466.0,49.4,118.8,1,-1,-1,-1
145,40,317.1,231.9,21.3,43.8,1,-1,-1,-1
145,41,591.6,646.2,54.8,108.5,1,-1,-1,-1
145,43,539.8,632.8,69.4,123.1,1,-1,-1,-1
145,47,645.4,321.5,38.8,84.2,1,-1,-1,-1
145,50,250.8,679.0,51.2,80.4,1,-1,-1,-1
145,51,34.6,379.4,89.9,60.5,1,-1,-1,-1
145,53,65.6,182.8,20.4,44.6,1,-1,-1,-1
145,60,679.7,718.1,41.6,38.0,1,-1,-1,-1
145,63,495.5,165.1,18.4,40.1,1,-1,-1,-1
145,64,182.7,325.3,30.4,39.6,1,-1,-1,-1
145,67,347.0,245.5,20.5,38.8,1,-1,-1,-1
145,69,0.1,409.4,39.7,50.0,1,-1,-1,-1
145,71,432.1,579.4,54.8,60.7,1,-1,-1,-1
145,72,43.5,115.6,20.1,40.4,1,-1,-1,-1
145,73,675.3,339.0,34.4,83.4,1,-1,-1,-1
145,74,388.7,249.6,18.4,38.4,1,-1,-1,-1
145,77,634.1,285.0,37.7,80.5,1,-1,-1,-1
145,78,358.2,563.8,67.8,90.1,1,-1,-1,-1
146,2,148.8,454.1,55.1,70.3,1,-1,-1,-1
146,3,205.5,318.4,49.4,50.9,1,-1,-1,-1
146,4,240.7,495.1,68.9,75.6,1,-1,-1,-1
146,5,855.5,388.2,43.2,88.6,1,-1,-1,-1
146,6,315.9,406.0,47.4,89.1,1,-1,-1,-1
146,7,405.9,410.1,42.2,106.7,1,-1,-1,-1
146,8,574.5,253.2,24.7,47.9,1,-1,-1,-1
146,9,391.2,606.9,74.6,65.3,1,-1,-1,-1
146,12,169.2,333.7,29.8,63.5,1,-1,-1,-1
146,14,696.5,344.6,35.4,83.2,1,-1,-1,-1
146,15,592.5,242.3,31.4,55.5,1,-1,-1,-1
146,16,328.5,247.2,25.1,69.1,1,-1,-1,-1
146,17,795.3,261.5,32.1,39.1,1,-1,-1,-1
146,18,261.4,411.7,41.8,94.8,1,-1,-1,-1
146,21,505.6,335.2,35.5,92.1,1,-1,-1,-1
146,22,560.7,325.5,33.0,88.0,1,-1,-1,-1
146,23,306.3,208.1,18.9,40.8,1,-1,-1,-1
146,24,703.5,189.8,24.8,58.6,1,-1,-1,-1
146,25,381.1,175.2,19.8,56.2,1,-1,-1,-1
146,26,838.3,162.5,20.1,42.5,1,-1,-1,-1
146,29,529.6,177.1,27.1,50.9,1,-1,-1,-1
146,30,374.6,244.8,22.9,33.9,1,-1,-1,-1
146,33,379.7,276.9,17.9,37.7,1,-1,-1,-1
146,37,310.6,470.2,48.8,115.1,1,-1,-1,-1
146,41,590.0,646.3,54.1,108.4,1,-1,-1,-1
146,43,539.5,633.1,70.8,123.1,1,-1,-1,-1
146,47,644.9,320.8,38.1,83.5,1,-1,-1,-1
146,50,266.2,702.4,39.1,71.1,1,-1,-1,-1
146,51,36.7,379.6,90.5,60.1,1,-1,-1,-1
146,53,69.9,182.9,20.5,43.5,1,-1,-1,-1
146,60,678.6,718.2,42.0,37.8,1,-1,-1,-1
146,64,185.2,323.6,28.4,38.4,1,-1,-1,-1
146,67,348.9,245.4,20.9,38.1,1,-1,-1,-1
146,69,1.2,408.3,41.8,50.7,1,-1,-1,-1
146,71,431.7,579.5,56.9,60.5,1,-1,-1,-1
146,72,47.5,115.2,19.6,40.3,1,-1,-1,-1
146,73,674.3,339.2,36.4,83.6,1,-1,-1,-1
146,74,394.3,248.1,18.6,38.8,1,-1,-1,-1
146,77,633.8,285.5,36.4,79.7,1,-1,-1,-1
146,78,358.4,563.4,67.6,89.8,1,-1,-1,-1
147,2,146.8,451.3,53.8,73.2,1,-1,-1,-1
147,3,207.1,317.9,49.9,50.7,1,-1,-1,-1
147,4,241.7,493.8,69.0,76.2,1,-1,-1,-1
147,5,854.9,389.1,44.7,86.9,1,-1,-1,-1
147,6,316.2,406.6,47.2,88.9,1,-1,-1,-1
147,7,407.2,409.6,42.3,103.5,1,-1,-1,-1
147,8,576.4,253.3,24.1,46.6,1,-1,-1,-1
147,9,391.0,604.9,75.2,65.8,1,-1,-1,-1
147,12,171.1,336.8,29.4,59.5,1,-1,-1,-1
147,14,695.2,346.8,37.2,88.3,1,-1,-1,-1
147,15,594.4,241.5,31.4,56.0,1,-1,-1,-1
147,16,330.5,246.6,25.0,68.9,1,-1,-1,-1
147,17,794.1,259.8,33.5,40.6,1,-1,-1,-1
147,18,262.3,411.4,42.2,94.9,1,-1,-1,-1
147,21,506.3,333.4,36.0,93.9,1,-1,-1,-1
147,22,562.8,325.1,32.4,88.2,1,-1,-1,-1
147,23,307.5,207.7,18.7,40.6,1,-1,-1,-1
147,24,705.4,189.0,25.4,59.9,1,-1,-1,-1
147,25,382.8,175.2,19.2,55.4,1,-1,-1,-1
147,26,839.4,162.4,19.8,42.5,1,-1,-1,-1
147,29,532.7,176.6,26.7,51.7,1,-1,-1,-1
147,30,376.5,245.1,22.1,33.3,1,-1,-1,-1
147,33,382.8,275.4,17.7,38.2,1,-1,-1,-1
147,37,309.0,468.6,48.7,113.5,1,-1,-1,-1
147,40,321.7,234.2,19.4,42.2,1,-1,-1,-1
147,41,588.2,646.1,54.7,108.6,1,-1,-1,-1
147,43,538.7,633.0,71.5,123.1,1,-1,-1,-1
147,47,648.2,319.9,32.0,81.5,1,-1,-1,-1
147,51,39.2,379.4,89.6,59.5,1,-1,-1,-1
147,53,73.0,182.6,19.0,41.9,1,-1,-1,-1
147,60,677.1,717.9,42.5,38.0,1,-1,-1,-1
147,64,187.8,322.4,26.2,38.0,1,-1,-1,-1
147,67,349.9,245.8,21.1,37.3,1,-1,-1,-1
147,69,2.2,407.5,42.6,49.8,1,-1,-1,-1
147,71,431.4,578.5,56.7,61.2,1,-1,-1,-1
147,72,50.2,113.1,19.7,41.3,1,-1,-1,-1
147,73,674.2,339.0,37.2,81.4,1,-1,-1,-1
147,74,397.7,249.2,17.8,38.3,1,-1,-1,-1
147,77,633.3,285.0,31.6,77.7,1,-1,-1,-1
147,78,358.2,563.1,68.6,87.4,1,-1,-1,-1
147,79,243.0,648.2,64.7,106.9,1,-1,-1,-1
148,2,147.1,449.5,53.9,74.4,1,-1,-1,-1
148,3,208.7,318.0,49.3,51.0,1,-1,-1,-1
148,4,242.4,493.2,69.5,76.5,1,-1,-1,-1
148,5,855.4,387.6,44.4,85.8,1,-1,-1,-1
148,6,312.9,402.9,49.4,98.7,1,-1,-1,-1
148,7,405.9,410.3,42.8,105.2,1,-1,-1,-1
148,8,577.2,252.7,24.9,48.0,1,-1,-1,-1
148,9,389.4,603.7,75.8,66.9,1,-1,-1,-1
148,12,172.6,337.8,29.2,58.1,1,-1,-1,-1
148,14,695.8,350.0,38.7,87.5,1,-1,-1,-1
148,15,597.3,242.4,29.9,55.9,1,-1,-1,-1
148,16,332.6,246.9,26.5,68.7,1,-1,-1,-1
148,17,795.7,259.3,33.6,41.2,1,-1,-1,-1
148,18,260.1,407.7,46.6,101.1,1,-1,-1,-1
148,21,507.2,332.8,36.2,94.3,1,-1,-1,-1
148,22,566.6,326.4,30.2,87.7,1,-1,-1,-1
148,23,309.0,207.8,18.7,39.5,1,-1,-1,-1
148,24,708.1,188.7,25.5,60.2,1,-1,-1,-1
148,25,385.8,175.6,19.6,54.7,1,-1,-1,-1
148,26,840.0,161.2,20.0,43.8,1,-1,-1,-1
148,29,532.6,177.1,26.7,52.1,1,-1,-1,-1
148,30,379.5,241.4,21.2,34.7,1,-1,-1,-1
148,33,385.8,276.9,17.3,37.2,1,-1,-1,-1
148,37,307.9,466.8,51.8,113.6,1,-1,-1,-1
148,40,323.5,232.4,21.1,44.6,1,-1,-1,-1
148,41,586.3,645.5,56.9,109.6,1,-1,-1,-1
148,43,538.0,632.6,72.3,122.5,1,-1,-1,-1
148,47,646.3,313.9,34.5,81.9,1,-1,-1,-1
148,51,41.8,379.1,87.8,59.2,1,-1,-1,-1
148,53,75.3,182.3,18.0,42.6,1,-1,-1,-1
148,60,676.0,717.9,41.5,38.1,1,-1,-1,-1
148,64,189.1,323.7,30.6,37.4,1,-1,-1,-1
148,67,351.6,245.7,20.8,37.1,1,-1,-1,-1
148,69,3.7,407.3,42.2,48.8,1,-1,-1,-1
148,71,433.4,578.1,54.7,61.6,1,-1,-1,-1
148,72,54.0,115.1,20.1,40.2,1,-1,-1,-1
148,73,675.2,339.8,38.1,80.7,1,-1,-1,-1
148,74,399.6,250.2,16.8,37.6,1,-1,-1,-1
148,77,637.9,284.8,25.0,67.6,1,-1,-1,-1
148,78,358.3,562.4,68.4,87.4,1,-1,-1,-1
148,79,241.9,641.3,66.2,109.3,1,-1,-1,-1
148,80,0.2,336.2,17.3,60.7,1,-1,-1,-1
149,2,146.9,449.7,55.5,73.5,1,-1,-1,-1
149,3,214.6,318.9,49.6,52.9,1,-1,-1,-1
149,4,243.2,492.6,69.9,76.8,1,-1,-1,-1
149,5,855.8,387.2,44.6,86.3,1,-1,-1,-1
149,6,314.4,400.3,48.6,104.0,1,-1,-1,-1
149,7,405.6,410.4,43.0,106.7,1,-1,-1,-1
149,8,578.7,252.8,26.0,47.0,1,-1,-1,-1
149,9,388.7,603.8,75.8,67.2,1,-1,-1,-1
149,12,174.1,337.4,27.7,54.5,1,-1,-1,-1
149,14,703.0,354.2,36.1,83.1,1,-1,-1,-1
149,15,600.1,243.0,28.2,55.2,1,-1,-1,-1
149,16,334.0,246.8,27.1,68.0,1,-1,-1,-1
149,17,797.5,259.3,33.4,41.9,1,-1,-1,-1
149,18,261.8,408.7,45.3,99.4,1,-1,-1,-1
149,21,511.3,336.6,32.2,90.6,1,-1,-1,-1
149,22,571.9,328.5,27.2,85.4,1,-1,-1,-1
149,23,310.9,207.7,17.9,38.8,1,-1,-1,-1
149,24,709.5,189.1,25.8,59.6,1,-1,-1,-1
149,25,387.9,176.1,19.6,54.6,1,-1,-1,-1
149,26,844.6,160.6,20.4,44.1,1,-1,-1,-1
149,29,534.0,177.5,25.7,52.3,1,-1,-1,-1
149,30,384.3,246.0,22.3,33.0,1,-1,-1,-1
149,33,387.5,276.5,17.2,36.8,1,-1,-1,-1
149,37,305.9,463.5,53.2,119.7,1,-1,-1,-1
149,40,325.9,233.2,21.1,45.7,1,-1,-1,-1
149,41,584.7,645.1,58.6,109.8,1,-1,-1,-1
149,43,538.3,631.5,72.2,122.0,1,-1,-1,-1
149,47,644.9,312.1,35.5,80.0,1,-1,-1,-1
149,51,42.9,378.1,86.4,57.9,1,-1,-1,-1
149,53,77.9,181.4,18.2,43.2,1,-1,-1,-1
149,60,675.2,717.1,39.9,38.7,1,-1,-1,-1
149,64,190.4,322.7,30.4,38.0,1,-1,-1,-1
149,67,355.6,244.7,20.2,37.6,1,-1,-1,-1
149,69,7.4,406.8,40.6,47.9,1,-1,-1,-1
149,71,435.4,577.6,53.1,62.2,1,-1,-1,-1
149,72,58.4,114.8,20.2,39.5,1,-1,-1,-1
149,73,675.9,340.3,38.0,81.3,1,-1,-1,-1
149,74,402.9,249.2,17.1,38.5,1,-1,-1,-1
149,77,640.4,286.0,22.7,59.6,1,-1,-1,-1
149,78,358.8,562.0,68.4,87.1,1,-1,-1,-1
149,79,243.7,633.3,63.8,121.5,1,-1,-1,-1
149,80,0.1,330.0,18.8,65.0,1,-1,-1,-1
149,81,0.0,382.4,10.8,45.8,1,-1,-1,-1
150,2,149.1,449.8,55.2,72.8,1,-1,-1,-1
150,3,216.8,317.9,49.1,54.5,1,-1,-1,-1
150,4,243.8,490.4,69.6,77.6,1,-1,-1,-1
150,5,856.7,387.2,43.1,86.5,1,-1,-1,-1
150,6,316.4,399.2,47.5,106.2,1,-1,-1,-1
150,7,406.3,409.8,42.7,107.4,1,-1,-1,-1
150,8,579.9,250.2,26.2,49.2,1,-1,-1,-1
150,9,387.9,604.2,75.4,67.0,1,-1,-1,-1
150,12,175.5,337.5,27.9,55.0,1,-1,-1,-1
150,14,705.3,350.1,38.3,85.6,1,-1,-1,-1
150,15,601.4,243.4,27.9,55.0,1,-1,-1,-1
150,16,335.7,245.6,27.3,68.5,1,-1,-1,-1
150,17,799.5,259.8,32.4,41.3,1,-1,-1,-1
150,18,263.4,408.8,45.0,98.8,1,-1,-1,-1
150,21,513.7,336.7,30.7,88.9,1,-1,-1,-1
150,22,575.7,329.4,29.0,82.4,1,-1,-1,-1
150,23,311.8,207.2,17.6,38.8,1,-1,-1,-1
150,24,710.6,188.8,26.1,60.0,1,-1,-1,-1
150,25,390.2,175.2,19.5,55.8,1,-1,-1,-1
150,26,847.8,161.9,19.9,43.3,1,-1,-1,-1
150,29,541.7,175.8,26.0,50.6,1,-1,-1,-1
150,30,385.0,246.0,22.4,32.9,1,-1,-1,-1
150,33,388.1,276.1,17.6,36.4,1,-1,-1,-1
150,37,303.1,461.5,55.4,123.2,1,-1,-1,-1
150,40,327.1,232.9,20.7,45.6,1,-1,-1,-1
150,41,584.1,644.6,58.6,109.7,1,-1,-1,-1
150,43,540.2,631.6,67.9,123.7,1,-1,-1,-1
150,47,644.7,314.0,34.8,75.8,1,-1,-1,-1
150,51,45.2,377.6,87.2,57.3,1,-1,-1,-1
150,53,81.9,181.3,17.3,41.7,1,-1,-1,-1
150,60,674.4,716.8,39.1,39.1,1,-1,-1,-1
150,64,192.2,322.8,32.4,38.1,1,-1,-1,-1
150,67,357.1,243.8,20.6,37.7,1,-1,-1,-1
150,69,9.8,407.0,40.3,46.7,1,-1,-1,-1
150,71,435.8,577.4,52.3,62.5,1,-1,-1,-1
150,72,61.9,114.3,19.5,39.7,1,-1,-1,-1
150,73,676.7,340.0,36.8,82.4,1,-1,-1,-1
150,74,400.4,249.0,17.3,36.7,1,-1,-1,-1
150,77,634.2,288.5,28.5,68.0,1,-1,-1,-1
150,78,359.2,561.2,68.3,86.9,1,-1,-1,-1
150,79,243.8,625.6,63.1,129.8,1,-1,-1,-1
150,80,0.1,303.1,19.7,92.1,1,-1,-1,-1
150,81,0.1,384.0,15.2,41.2,1,-1,-1,-1
151,2,157.1,450.4,54.7,70.4,1,-1,-1,-1
151,3,218.3,316.7,48.2,55.0,1,-1,-1,-1
151,4,252.5,491.3,65.3,75.5,1,-1,-1,-1
151,5,857.5,387.1,41.9,87.0,1,-1,-1,-1
151,6,317.9,398.6,47.0,105.5,1,-1,-1,-1
151,7,408.1,411.7,41.1,104.1,1,-1,-1,-1
151,8,580.1,250.8,25.9,50.1,1,-1,-1,-1
151,12,174.9,335.6,27.5,58.9,1,-1,-1,-1
151,14,711.8,351.7,39.6,81.3,1,-1,-1,-1
151,15,602.3,243.2,28.1,55.1,1,-1,-1,-1
151,16,339.0,245.9,25.6,68.1,1,-1,-1,-1
151,17,801.6,260.2,32.3,40.8,1,-1,-1,-1
151,18,266.0,408.3,44.8,97.7,1,-1,-1,-1
151,21,514.4,334.1,33.9,91.3,1,-1,-1,-1
151,22,576.7,328.7,30.0,81.9,1,-1,-1,-1
151,23,313.6,205.9,18.1,39.9,1,-1,-1,-1
151,24,712.9,188.9,25.5,60.4,1,-1,-1,-1
151,25,392.7,175.2,19.4,54.5,1,-1,-1,-1
151,26,848.8,162.1,20.5,43.2,1,-1,-1,-1
151,29,548.5,174.3,25.8,48.9,1,-1,-1,-1
151,30,386.5,246.2,21.5,33.2,1,-1,-1,-1
151,33,388.5,275.3,18.1,36.6,1,-1,-1,-1
151,37,299.8,463.6,56.7,118.8,1,-1,-1,-1
151,40,330.4,234.2,18.9,46.4,1,-1,-1,-1
151,41,583.0,644.5,59.1,109.9,1,-1,-1,-1
151,43,541.0,631.4,66.1,124.7,1,-1,-1,-1
151,47,648.5,314.0,32.9,73.3,1,-1,-1,-1
151,51,48.2,376.7,87.9,57.3,1,-1,-1,-1
151,53,84.8,180.4,17.5,41.4,1,-1,-1,-1
151,60,673.0,716.7,39.6,39.4,1,-1,-1,-1
151,64,194.3,321.8,29.7,37.7,1,-1,-1,-1
151,67,359.6,244.5,20.7,37.2,1,-1,-1,-1
151,69,11.3,405.1,39.9,46.9,1,-1,-1,-1
151,71,435.2,576.7,53.0,63.1,1,-1,-1,-1
151,72,65.4,115.5,19.8,38.7,1,-1,-1,-1
151,73,678.1,338.7,36.1,83.7,1,-1,-1,-1
151,74,399.2,249.1,17.1,34.9,1,-1,-1,-1
151,77,638.8,286.7,31.0,69.8,1,-1,-1,-1
151,78,359.3,560.4,68.6,86.8,1,-1,-1,-1
151,79,242.8,618.1,65.9,137.5,1,-1,-1,-1
151,80,0.3,297.4,20.7,97.4,1,-1,-1,-1
151,81,-0.1,381.1,16.1,42.5,1,-1,-1,-1
152,2,159.0,450.7,54.9,69.7,1,-1,-1,-1
152,3,220.7,316.0,48.3,53.9,1,-1,-1,-1
152,4,248.0,488.2,67.7,78.5,1,-1,-1,-1
152,5,855.1,383.7,41.3,89.4,1,-1,-1,-1
152,6,318.8,398.9,47.3,104.8,1,-1,-1,-1
152,7,409.3,412.1,41.0,103.2,1,-1,-1,-1
152,8,584.2,251.5,25.7,48.9,1,-1,-1,-1
152,12,179.1,334.4,28.9,60.9,1,-1,-1,-1
152,14,715.3,352.0,43.9,80.7,1,-1,-1,-1
152,15,605.2,243.1,28.6,54.7,1,-1,-1,-1
152,16,341.3,246.1,25.2,67.1,1,-1,-1,-1
152,17,806.1,261.2,32.2,39.8,1,-1,-1,-1
152,18,266.8,408.3,44.8,97.2,1,-1,-1,-1
152,21,515.1,333.2,35.5,92.7,1,-1,-1,-1
152,22,577.0,328.2,30.0,82.8,1,-1,-1,-1
152,23,315.4,206.1,19.8,41.0,1,-1,-1,-1
152,24,715.0,189.1,24.8,59.2,1,-1,-1,-1
152,25,395.6,175.1,19.0,54.0,1,-1,-1,-1
152,26,849.9,162.6,21.1,42.6,1,-1,-1,-1
152,29,551.2,174.5,27.5,49.5,1,-1,-1,-1
152,30,387.3,245.7,21.2,33.1,1,-1,-1,-1
152,33,389.7,275.2,18.1,36.9,1,-1,-1,-1
152,37,298.1,464.9,55.2,119.0,1,-1,-1,-1
152,40,331.7,232.7,19.7,44.7,1,-1,-1,-1
152,41,581.2,644.4,60.0,109.8,1,-1,-1,-1
152,43,541.1,630.9,65.8,125.2,1,-1,-1,-1
152,47,644.6,312.6,33.2,73.5,1,-1,-1,-1
152,51,50.7,375.9,87.2,57.3,1,-1,-1,-1
152,53,86.8,178.5,17.4,42.7,1,-1,-1,-1
152,60,670.9,717.0,40.2,39.1,1,-1,-1,-1
152,64,197.4,320.6,27.3,36.3,1,-1,-1,-1
152,67,361.2,244.9,20.4,37.0,1,-1,-1,-1
152,69,12.7,403.4,40.6,47.7,1,-1,-1,-1
152,71,435.1,576.1,53.2,63.7,1,-1,-1,-1
152,72,69.0,113.8,20.1,39.3,1,-1,-1,-1
152,73,680.9,341.2,35.0,81.4,1,-1,-1,-1
152,74,395.8,248.4,17.0,33.8,1,-1,-1,-1
152,77,645.2,286.8,32.6,70.9,1,-1,-1,-1
152,78,359.0,559.6,69.0,87.9,1,-1,-1,-1
152,79,242.4,608.4,65.2,143.3,1,-1,-1,-1
152,80,0.4,334.8,23.1,70.4,1,-1,-1,-1
152,81,-0.1,377.8,17.5,44.3,1,-1,-1,-1
153,2,159.6,450.5,54.9,69.4,1,-1,-1,-1
153,3,219.6,316.0,48.8,50.1,1,-1,-1,-1
153,4,257.4,490.3,61.9,76.3,1,-1,-1,-1
153,5,854.5,382.2,41.1,91.0,1,-1,-1,-1
153,6,319.0,398.3,47.6,104.5,1,-1,-1,-1
153,7,408.1,411.7,42.3,103.3,1,-1,-1,-1
153,8,585.3,251.0,26.3,50.7,1,-1,-1,-1
153,12,182.1,332.8,28.1,60.7,1,-1,-1,-1
153,14,717.0,354.4,50.7,80.3,1,-1,-1,-1
153,15,606.1,243.0,28.9,53.5,1,-1,-1,-1
153,16,342.9,245.6,26.1,67.4,1,-1,-1,-1
153,17,805.8,260.5,32.9,40.8,1,-1,-1,-1
153,18,266.3,408.6,46.1,97.6,1,-1,-1,-1
153,21,515.2,332.2,36.9,93.1,1,-1,-1,-1
153,22,579.2,328.3,28.6,82.2,1,-1,-1,-1
153,23,317.9,206.0,18.7,40.7,1,-1,-1,-1
153,24,716.8,189.4,25.3,59.1,1,-1,-1,-1
153,25,397.8,175.3,19.0,54.1,1,-1,-1,-1
153,26,851.2,161.8,21.1,43.0,1,-1,-1,-1
153,29,549.8,175.1,29.6,53.4,1,-1,-1,-1
153,30,388.5,241.4,21.1,35.2,1,-1,-1,-1
153,33,391.8,273.6,18.1,37.8,1,-1,-1,-1
153,37,295.4,465.7,55.5,117.6,1,-1,-1,-1
153,40,333.0,231.7,20.0,43.4,1,-1,-1,-1
153,41,579.8,644.4,61.0,109.9,1,-1,-1,-1
153,43,541.9,630.7,64.7,125.9,1,-1,-1,-1
153,47,644.6,309.5,34.4,75.5,1,-1,-1,-1
153,51,52.9,375.1,86.7,57.4,1,-1,-1,-1
153,53,89.8,177.8,18.0,43.1,1,-1,-1,-1
153,60,669.9,717.4,40.4,38.7,1,-1,-1,-1
153,64,199.7,321.2,30.2,36.1,1,-1,-1,-1
153,67,363.6,244.7,19.6,36.9,1,-1,-1,-1
153,69,13.5,402.5,41.7,48.8,1,-1,-1,-1
153,71,433.7,575.8,53.5,64.2,1,-1,-1,-1
153,72,71.9,112.3,19.6,39.0,1,-1,-1,-1
153,73,682.8,342.8,34.0,80.8,1,-1,-1,-1
153,78,358.9,559.1,69.3,88.4,1,-1,-1,-1
153,79,241.2,603.4,66.7,140.8,1,-1,-1,-1
153,80,1.1,373.8,24.9,62.6,1,-1,-1,-1
153,81,-0.7,374.3,19.3,44.4,1,-1,-1,-1
153,83,409.8,249.1,16.8,37.1,1,-1,-1,-1
154,2,160.2,449.8,54.3,68.3,1,-1,-1,-1
154,3,223.3,315.8,49.9,52.2,1,-1,-1,-1
154,4,258.5,490.5,61.1,74.0,1,-1,-1,-1
154,5,854.3,381.5,41.3,92.3,1,-1,-1,-1
154,6,319.6,398.1,47.3,103.0,1,-1,-1,-1
154,7,408.1,411.6,43.1,103.6,1,-1,-1,-1
154,8,587.1,250.7,25.8,51.4,1,-1,-1,-1
154,12,183.5,330.8,27.7,60.0,1,-1,-1,-1
154,14,722.0,354.4,56.1,82.6,1,-1,-1,-1
154,15,608.0,243.0,29.2,53.7,1,-1,-1,-1
154,16,344.9,245.2,26.4,67.8,1,-1,-1,-1
154,17,806.9,259.9,33.5,41.9,1,-1,-1,-1
154,18,267.7,406.9,44.6,92.8,1,-1,-1,-1
154,21,516.0,330.9,37.8,93.5,1,-1,-1,-1
154,22,583.3,328.5,27.1,81.8,1,-1,-1,-1
154,23,320.0,205.8,17.9,40.7,1,-1,-1,-1
154,24,719.6,189.9,25.3,58.1,1,-1,-1,-1
154,25,399.4,175.0,19.9,53.8,1,-1,-1,-1
154,26,852.7,163.0,21.2,43.0,1,-1,-1,-1
154,29,549.2,176.3,30.3,54.0,1,-1,-1,-1
154,30,392.5,240.3,20.2,37.1,1,-1,-1,-1
154,33,394.5,273.4,18.7,37.5,1,-1,-1,-1
154,37,295.8,465.5,53.9,115.5,1,-1,-1,-1
154,40,335.8,231.8,20.2,45.9,1,-1,-1,-1
154,41,580.0,643.7,60.8,111.0,1,-1,-1,-1
154,47,645.6,307.9,35.6,77.9,1,-1,-1,-1
154,51,54.9,374.0,87.4,57.9,1,-1,-1,-1
154,53,91.3,176.7,19.3,43.9,1,-1,-1,-1
154,60,669.2,717.6,40.1,38.5,1,-1,-1,-1
154,64,201.2,319.7,28.0,36.2,1,-1,-1,-1
154,67,366.4,243.1,19.1,37.3,1,-1,-1,-1
154,69,15.5,400.8,41.2,49.9,1,-1,-1,-1
154,71,426.8,574.8,60.2,65.1,1,-1,-1,-1
154,72,75.8,115.2,20.1,38.2,1,-1,-1,-1
154,73,685.2,342.3,32.1,80.6,1,-1,-1,-1
154,78,359.2,558.7,69.2,88.0,1,-1,-1,-1
154,79,239.2,598.8,67.6,138.4,1,-1,-1,-1
154,83,410.2,248.2,17.5,37.4,1,-1,-1,-1
154,84,0.0,346.0,29.9,49.7,1,-1,-1,-1
155,2,156.1,445.3,54.1,72.1,1,-1,-1,-1
155,3,224.4,314.8,51.7,51.4,1,-1,-1,-1
155,4,251.5,485.7,64.9,75.9,1,-1,-1,-1
155,5,854.3,381.3,41.7,92.4,1,-1,-1,-1
155,6,320.1,397.8,47.0,101.6,1,-1,-1,-1
155,7,409.3,411.1,42.5,104.1,1,-1,-1,-1
155,8,588.1,250.6,25.6,51.1,1,-1,-1,-1
155,12,183.9,331.6,27.4,60.5,1,-1,-1,-1
155,14,725.5,355.9,55.3,81.7,1,-1,-1,-1
155,15,609.3,244.6,28.8,53.0,1,-1,-1,-1
155,16,346.4,245.5,26.3,67.3,1,-1,-1,-1
155,17,809.8,260.7,32.5,40.3,1,-1,-1,-1
155,18,268.7,407.6,44.1,94.0,1,-1,-1,-1
155,21,518.1,330.5,38.0,94.4,1,-1,-1,-1
155,22,585.7,327.8,27.1,82.6,1,-1,-1,-1
155,23,322.3,205.5,17.2,39.6,1,-1,-1,-1
155,24,723.3,190.7,25.1,55.5,1,-1,-1,-1
155,25,401.8,173.9,20.0,55.4,1,-1,-1,-1
155,26,856.5,162.2,21.5,43.0,1,-1,-1,-1
155,29,556.7,172.9,28.1,50.7,1,-1,-1,-1
155,30,395.7,243.1,21.6,36.1,1,-1,-1,-1
155,33,396.7,273.4,18.5,37.1,1,-1,-1,-1
155,37,292.2,464.6,55.7,117.2,1,-1,-1,-1
155,40,338.1,230.9,19.8,46.2,1,-1,-1,-1
155,41,578.8,642.6,60.9,111.8,1,-1,-1,-1
155,43,538.5,631.3,64.1,124.0,1,-1,-1,-1
155,47,647.2,305.5,35.8,79.5,1,-1,-1,-1
155,51,54.7,373.2,86.9,57.6,1,-1,-1,-1
155,53,95.1,177.4,18.6,42.8,1,-1,-1,-1
155,60,668.7,717.4,40.1,38.6,1,-1,-1,-1
155,64,203.2,320.3,29.4,36.2,1,-1,-1,-1
155,67,368.0,242.5,19.5,37.4,1,-1,-1,-1
155,69,18.1,400.4,39.4,48.1,1,-1,-1,-1
155,71,418.0,574.7,68.8,65.4,1,-1,-1,-1
155,72,79.3,115.9,19.8,36.6,1,-1,-1,-1
155,73,684.9,341.2,34.0,82.5,1,-1,-1,-1
155,78,359.4,558.5,69.3,87.4,1,-1,-1,-1
155,79,236.9,595.8,70.0,137.9,1,-1,-1,-1
155,81,0.1,373.2,22.7,47.7,1,-1,-1,-1
155,83,412.3,247.6,18.8,37.2,1,-1,-1,-1
155,84,0.2,345.7,33.2,46.3,1,-1,-1,-1
156,2,155.3,445.0,54.8,73.4,1,-1,-1,-1
156,3,224.8,315.5,47.8,49.1,1,-1,-1,-1
156,4,250.6,483.3,66.1,76.8,1,-1,-1,-1
156,5,854.6,381.1,42.2,92.3,1,-1,-1,-1
156,6,320.8,397.6,46.1,100.7,1,-1,-1,-1
156,7,410.5,410.9,41.8,104.5,1,-1,-1,-1
156,8,590.8,250.0,25.5,50.9,1,-1,-1,-1
156,12,185.6,329.3,27.9,63.5,1,-1,-1,-1
156,14,732.4,353.9,49.7,82.6,1,-1,-1,-1
156,15,611.6,243.7,28.8,54.1,1,-1,-1,-1
156,16,350.2,245.9,24.2,66.5,1,-1,-1,-1
156,17,810.7,260.4,32.5,40.4,1,-1,-1,-1
156,18,271.5,407.2,41.6,95.4,1,-1,-1,-1
156,21,519.4,331.3,38.1,97.8,1,-1,-1,-1
156,22,587.9,327.7,29.5,81.9,1,-1,-1,-1
156,23,324.1,205.8,16.7,38.2,1,-1,-1,-1
156,24,725.8,190.9,25.2,54.9,1,-1,-1,-1
156,25,404.7,174.5,19.2,54.0,1,-1,-1,-1
156,26,859.9,162.7,21.8,42.7,1,-1,-1,-1
156,29,559.2,174.5,28.2,53.6,1,-1,-1,-1
156,30,398.1,244.2,21.5,34.9,1,-1,-1,-1
156,33,398.2,273.6,17.9,36.9,1,-1,-1,-1
156,37,291.7,465.5,56.0,115.4,1,-1,-1,-1
156,40,341.2,230.7,19.1,45.7,1,-1,-1,-1
156,41,579.0,642.3,59.8,111.8,1,-1,-1,-1
156,43,535.7,631.5,63.9,123.3,1,-1,-1,-1
156,47,649.1,303.2,35.8,81.9,1,-1,-1,-1
156,51,56.4,371.4,87.0,58.8,1,-1,-1,-1
156,53,97.9,176.8,18.0,43.3,1,-1,-1,-1
156,60,667.4,716.7,40.2,39.1,1,-1,-1,-1
156,64,204.4,320.1,30.4,36.3,1,-1,-1,-1
156,67,368.4,242.1,20.1,37.2,1,-1,-1,-1
156,69,20.5,401.6,40.0,46.9,1,-1,-1,-1
156,71,411.8,574.2,76.4,65.8,1,-1,-1,-1
156,72,82.0,116.1,20.0,35.2,1,-1,-1,-1
156,73,685.9,340.6,34.7,83.8,1,-1,-1,-1
156,78,363.6,562.4,67.1,79.2,1,-1,-1,-1
156,79,233.1,592.5,72.5,141.1,1,-1,-1,-1
156,81,0.1,370.9,24.5,49.0,1,-1,-1,-1
156,83,417.3,244.3,18.8,39.6,1,-1,-1,-1
156,84,0.3,344.4,36.6,43.1,1,-1,-1,-1
157,2,156.7,444.5,54.7,73.9,1,-1,-1,-1
157,3,228.1,314.3,49.9,50.5,1,-1,-1,-1
157,4,263.9,485.5,60.3,75.5,1,-1,-1,-1
157,5,855.3,382.0,41.6,91.1,1,-1,-1,-1
157,6,321.6,397.4,46.5,100.6,1,-1,-1,-1
157,7,411.6,410.9,41.5,104.5,1,-1,-1,-1
157,8,591.9,249.1,25.4,52.0,1,-1,-1,-1
157,12,187.8,327.1,26.6,64.3,1,-1,-1,-1
157,14,741.5,351.9,43.2,85.1,1,-1,-1,-1
157,15,612.1,243.3,29.0,54.3,1,-1,-1,-1
157,16,352.1,245.5,24.6,66.0,1,-1,-1,-1
157,17,812.1,259.5,32.8,41.2,1,-1,-1,-1
157,18,273.0,406.8,40.0,97.2,1,-1,-1,-1
157,21,524.3,331.8,32.6,93.5,1,-1,-1,-1
157,22,589.4,327.8,30.1,81.4,1,-1,-1,-1
157,23,326.0,205.4,17.2,38.2,1,-1,-1,-1
157,24,726.3,190.2,24.7,57.7,1,-1,-1,-1
157,25,407.7,174.5,18.8,53.2,1,-1,-1,-1
157,26,861.4,163.0,21.3,42.6,1,-1,-1,-1
157,29,561.3,174.1,27.2,53.2,1,-1,-1,-1
157,30,397.5,241.0,21.6,36.3,1,-1,-1,-1
157,33,399.8,273.9,17.6,36.0,1,-1,-1,-1
157,37,304.3,480.1,42.0,97.7,1,-1,-1,-1
157,40,342.7,230.8,19.4,45.1,1,-1,-1,-1
157,41,577.9,642.0,58.7,112.1,1,-1,-1,-1
157,43,533.6,631.5,64.8,124.0,1,-1,-1,-1
157,47,650.6,302.5,35.5,83.0,1,-1,-1,-1
157,51,57.3,371.1,88.7,59.4,1,-1,-1,-1
157,53,100.9,176.5,18.7,43.7,1,-1,-1,-1
157,60,665.6,716.7,39.2,39.3,1,-1,-1,-1
157,64,205.8,318.2,29.6,35.8,1,-1,-1,-1
157,67,373.1,242.6,19.9,37.0,1,-1,-1,-1
157,69,23.3,400.9,39.8,45.9,1,-1,-1,-1
157,71,418.6,573.9,72.3,66.1,1,-1,-1,-1
157,72,85.7,116.1,19.4,34.5,1,-1,-1,-1
157,73,691.5,342.1,32.1,81.3,1,-1,-1,-1
157,78,361.0,560.3,68.0,83.0,1,-1,-1,-1
157,79,229.9,587.6,70.8,142.9,1,-1,-1,-1
157,81,0.2,369.4,27.7,50.7,1,-1,-1,-1
157,83,417.9,244.3,19.0,39.7,1,-1,-1,-1
158,2,158.4,443.9,54.0,74.0,1,-1,-1,-1
158,3,230.0,315.0,48.9,49.0,1,-1,-1,-1
158,4,262.9,486.0,62.0,74.3,1,-1,-1,-1
158,5,856.2,382.4,40.8,90.9,1,-1,-1,-1
158,6,322.6,397.4,46.6,101.3,1,-1,-1,-1
158,7,413.1,410.9,41.3,104.1,1,-1,-1,-1
158,8,593.9,250.2,25.4,50.9,1,-1,-1,-1
158,12,189.8,324.8,26.2,63.7,1,-1,-1,-1
158,14,745.7,350.0,38.5,85.8,1,-1,-1,-1
158,15,615.1,244.7,25.7,55.7,1,-1,-1,-1
158,16,354.5,245.3,25.2,66.7,1,-1,-1,-1
158,17,813.6,259.3,33.2,42.0,1,-1,-1,-1
158,18,273.2,404.9,39.5,92.2,1,-1,-1,-1
158,21,525.8,329.6,34.8,94.1,1,-1,-1,-1
158,22,590.7,328.6,31.7,81.6,1,-1,-1,-1
158,23,328.9,206.3,18.2,38.5,1,-1,-1,-1
158,24,728.0,189.7,25.2,59.0,1,-1,-1,-1
158,25,409.4,174.6,18.8,52.7,1,-1,-1,-1
158,26,861.8,162.6,21.8,43.1,1,-1,-1,-1
158,29,568.9,171.7,22.1,48.0,1,-1,-1,-1
158,30,398.3,238.9,21.5,37.3,1,-1,-1,-1
158,33,401.5,273.1,17.9,36.5,1,-1,-1,-1
158,37,307.6,483.2,36.6,90.8,1,-1,-1,-1
158,40,343.9,231.5,19.7,44.6,1,-1,-1,-1
158,41,577.2,643.7,56.8,110.4,1,-1,-1,-1
158,43,531.9,631.2,66.6,124.7,1,-1,-1,-1
158,47,654.5,304.6,34.3,79.3,1,-1,-1,-1
158,51,60.4,370.9,88.4,59.4,1,-1,-1,-1
158,53,102.8,175.8,19.5,43.2,1,-1,-1,-1
158,60,664.4,716.4,37.4,39.6,1,-1,-1,-1
158,64,208.4,319.3,31.6,36.1,1,-1,-1,-1
158,67,374.6,242.8,19.8,37.0,1,-1,-1,-1
158,69,24.9,398.7,40.5,47.5,1,-1,-1,-1
158,71,414.3,573.9,75.3,66.2,1,-1,-1,-1
158,72,87.7,109.5,19.9,40.3,1,-1,-1,-1
158,73,693.1,343.0,32.0,79.6,1,-1,-1,-1
158,78,362.9,562.1,68.5,78.2,1,-1,-1,-1
158,79,227.7,582.4,66.8,140.3,1,-1,-1,-1
158,81,0.1,368.0,30.2,51.2,1,-1,-1,-1
158,83,419.6,244.7,18.1,39.7,1,-1,-1,-1
158,84,0.1,345.1,38.9,46.0,1,-1,-1,-1
159,2,160.6,443.3,52.7,73.7,1,-1,-1,-1
159,3,231.4,314.7,47.9,48.5,1,-1,-1,-1
159,4,260.8,487.6,63.9,73.6,1,-1,-1,-1
159,5,859.8,386.7,39.2,87.1,1,-1,-1,-1
159,6,323.8,397.0,46.6,102.0,1,-1,-1,-1
159,7,416.8,411.6,39.5,103.2,1,-1,-1,-1
159,8,595.6,249.0,26.0,50.6,1,-1,-1,-1
159,12,191.5,324.4,25.8,64.9,1,-1,-1,-1
159,14,749.6,346.4,36.7,88.4,1,-1,-1,-1
159,15,618.4,243.2,26.8,54.3,1,-1,-1,-1
159,16,356.2,244.9,25.6,66.9,1,-1,-1,-1
159,17,815.9,260.7,32.7,41.7,1,-1,-1,-1
159,18,274.8,404.1,40.0,85.6,1,-1,-1,-1
159,21,530.2,334.5,32.0,89.7,1,-1,-1,-1
159,22,590.4,324.5,34.3,86.0,1,-1,-1,-1
159,23,331.1,203.7,18.5,38.7,1,-1,-1,-1
159,24,730.6,189.3,25.3,59.7,1,-1,-1,-1
159,25,412.3,174.3,19.5,52.9,1,-1,-1,-1
159,26,861.6,162.9,21.1,42.9,1,-1,-1,-1
159,29,571.4,175.2,22.9,52.8,1,-1,-1,-1
159,30,401.7,238.8,21.3,38.1,1,-1,-1,-1
159,33,403.1,272.3,18.1,36.7,1,-1,-1,-1
159,37,308.0,482.2,34.7,87.9,1,-1,-1,-1
159,40,345.7,231.2,20.6,45.6,1,-1,-1,-1
159,41,575.8,645.2,57.0,108.9,1,-1,-1,-1
159,43,529.0,631.5,69.1,123.6,1,-1,-1,-1
159,47,657.2,305.0,33.5,77.4,1,-1,-1,-1
159,51,63.7,368.7,87.6,60.7,1,-1,-1,-1
159,53,107.6,176.1,19.3,41.6,1,-1,-1,-1
159,60,663.8,717.1,37.6,39.1,1,-1,-1,-1
159,64,209.1,319.7,32.9,36.1,1,-1,-1,-1
159,67,376.1,242.2,19.5,36.5,1,-1,-1,-1
159,69,27.4,397.2,39.2,48.2,1,-1,-1,-1
159,71,410.5,573.8,78.4,66.3,1,-1,-1,-1
159,72,92.2,113.4,19.9,38.2,1,-1,-1,-1
159,73,691.6,343.2,35.4,80.6,1,-1,-1,-1
159,78,362.9,562.6,69.2,76.4,1,-1,-1,-1
159,79,225.4,575.6,65.8,134.3,1,-1,-1,-1
159,81,0.0,366.5,32.7,52.2,1,-1,-1,-1
159,83,420.6,246.9,17.5,38.6,1,-1,-1,-1
159,84,0.2,344.3,42.0,46.9,1,-1,-1,-1
159,85,643.7,285.8,31.2,74.3,1,-1,-1,-1
160,2,161.7,442.8,52.1,74.0,1,-1,-1,-1
160,3,233.0,314.9,47.8,48.7,1,-1,-1,-1
160,4,253.6,483.3,64.9,78.2,1,-1,-1,-1
160,5,861.2,388.0,39.0,85.9,1,-1,-1,-1
160,6,325.1,396.9,47.1,102.4,1,-1,-1,-1
160,7,417.1,413.1,39.4,102.5,1,-1,-1,-1
160,8,598.4,250.4,25.6,51.2,1,-1,-1,-1
160,12,193.3,323.8,27.3,65.7,1,-1,-1,-1
160,14,753.8,346.1,37.6,90.2,1,-1,-1,-1
160,15,621.4,246.4,26.2,50.7,1,-1,-1,-1
160,16,358.3,246.4,24.5,66.4,1,-1,-1,-1
160,17,817.7,261.5,32.5,41.5,1,-1,-1,-1
160,18,275.9,405.1,42.5,83.7,1,-1,-1,-1
160,21,532.6,334.8,32.1,89.1,1,-1,-1,-1
160,22,591.5,323.1,34.5,87.3,1,-1,-1,-1
160,23,332.6,200.6,18.3,40.7,1,-1,-1,-1
160,24,732.4,190.0,25.2,59.0,1,-1,-1,-1
160,25,414.4,174.3,19.0,53.2,1,-1,-1,-1
160,26,865.8,163.0,22.2,43.0,1,-1,-1,-1
160,29,572.5,174.8,23.9,55.1,1,-1,-1,-1
160,30,404.8,239.7,20.5,38.5,1,-1,-1,-1
160,33,405.7,272.3,18.2,37.1,1,-1,-1,-1
160,37,293.9,472.0,50.8,104.9,1,-1,-1,-1
160,40,348.3,230.1,20.5,46.8,1,-1,-1,-1
160,41,574.0,646.2,58.5,108.2,1,-1,-1,-1
160,43,527.2,632.0,69.9,122.9,1,-1,-1,-1
160,47,663.8,303.6,28.6,75.4,1,-1,-1,-1
160,51,67.2,384.0,73.6,46.5,1,-1,-1,-1
160,53,110.1,174.3,19.2,42.7,1,-1,-1,-1
160,60,662.5,717.1,35.5,39.0,1,-1,-1,-1
160,64,210.2,318.2,32.2,36.0,1,-1,-1,-1
160,67,377.8,242.1,19.8,36.3,1,-1,-1,-1
160,69,30.0,397.9,38.9,47.9,1,-1,-1,-1
160,71,408.6,574.1,80.1,66.0,1,-1,-1,-1
160,72,96.1,115.5,19.2,36.5,1,-1,-1,-1
160,73,691.9,343.0,37.0,81.2,1,-1,-1,-1
160,78,362.6,562.7,69.2,76.1,1,-1,-1,-1
160,79,221.7,569.0,67.3,133.7,1,-1,-1,-1
160,83,421.9,246.4,17.2,38.1,1,-1,-1,-1
160,84,0.2,344.0,44.5,47.5,1,-1,-1,-1
160,85,645.2,285.6,30.9,75.1,1,-1,-1,-1
161,2,169.0,443.8,53.3,69.6,1,-1,-1,-1
161,3,234.4,315.0,47.3,48.8,1,-1,-1,-1
161,4,252.4,481.7,66.2,80.9,1,-1,-1,-1
161,5,861.1,388.2,39.3,86.6,1,-1,-1,-1
161,6,325.9,396.9,46.0,104.6,1,-1,-1,-1
161,7,415.9,414.4,39.4,101.4,1,-1,-1,-1
161,8,599.3,250.7,25.3,51.7,1,-1,-1,-1
161,12,194.8,323.5,27.8,65.8,1,-1,-1,-1
161,14,758.0,346.4,37.0,90.2,1,-1,-1,-1
161,15,620.9,247.0,27.0,50.3,1,-1,-1,-1
161,16,360.8,244.4,25.9,68.4,1,-1,-1,-1
161,17,819.3,261.2,33.5,42.5,1,-1,-1,-1
161,18,276.2,406.0,44.8,82.8,1,-1,-1,-1
161,21,533.3,335.0,32.6,88.8,1,-1,-1,-1
161,22,593.0,322.4,34.8,88.0,1,-1,-1,-1
161,23,333.5,200.1,18.0,41.5,1,-1,-1,-1
161,24,733.0,189.7,26.0,60.0,1,-1,-1,-1
161,25,415.8,174.1,18.8,53.6,1,-1,-1,-1
161,26,868.0,163.4,22.6,43.0,1,-1,-1,-1
161,29,573.9,174.6,24.5,57.3,1,-1,-1,-1
161,30,407.2,242.8,21.8,36.6,1,-1,-1,-1
161,33,408.8,273.2,17.8,36.4,1,-1,-1,-1
161,37,302.3,485.2,43.1,88.9,1,-1,-1,-1
161,40,349.8,231.0,20.7,48.6,1,-1,-1,-1
161,41,572.3,645.9,59.7,108.1,1,-1,-1,-1
161,43,523.7,632.4,69.7,122.9,1,-1,-1,-1
161,47,662.9,301.3,30.1,78.9,1,-1,-1,-1
161,51,68.2,374.5,78.2,53.0,1,-1,-1,-1
161,53,113.0,174.0,19.3,42.7,1,-1,-1,-1
161,60,661.7,716.7,34.4,39.2,1,-1,-1,-1
161,64,211.3,317.5,31.5,35.8,1,-1,-1,-1
161,67,380.0,242.7,21.2,36.8,1,-1,-1,-1
161,69,31.7,397.9,38.5,47.7,1,-1,-1,-1
161,71,409.2,574.6,79.7,65.5,1,-1,-1,-1
161,72,99.8,112.7,18.9,38.4,1,-1,-1,-1
161,73,698.7,343.7,32.6,78.4,1,-1,-1,-1
161,78,362.7,562.5,69.3,76.3,1,-1,-1,-1
161,79,218.6,563.4,67.2,135.9,1,-1,-1,-1
161,81,0.2,378.5,39.6,43.8,1,-1,-1,-1
161,83,425.8,244.2,17.4,39.1,1,-1,-1,-1
161,84,0.2,343.8,46.1,48.0,1,-1,-1,-1
161,85,646.6,285.9,31.0,77.1,1,-1,-1,-1
161,87,883.7,175.6,17.6,34.6,1,-1,-1,-1
162,2,171.5,444.3,53.0,67.7,1,-1,-1,-1
162,3,238.2,313.7,48.8,49.9,1,-1,-1,-1
162,4,253.6,482.2,67.0,81.4,1,-1,-1,-1
162,5,861.8,388.2,40.4,87.4,1,-1,-1,-1
162,6,326.7,397.3,45.8,103.6,1,-1,-1,-1
162,7,416.3,415.9,41.0,102.8,1,-1,-1,-1
162,8,600.5,250.7,25.8,50.2,1,-1,-1,-1
162,12,195.8,323.3,28.4,66.4,1,-1,-1,-1
162,14,761.1,347.4,37.0,88.9,1,-1,-1,-1
162,15,623.6,245.8,27.7,50.4,1,-1,-1,-1
162,16,363.2,245.2,25.2,66.4,1,-1,-1,-1
162,17,820.9,261.4,33.0,42.5,1,-1,-1,-1
162,18,276.2,406.5,46.2,84.2,1,-1,-1,-1
162,21,534.1,332.1,36.4,88.4,1,-1,-1,-1
162,22,597.2,324.2,33.1,84.5,1,-1,-1,-1
162,23,336.5,203.1,17.1,39.8,1,-1,-1,-1
162,24,735.4,190.3,25.1,60.3,1,-1,-1,-1
162,25,418.9,174.4,18.9,53.3,1,-1,-1,-1
162,26,869.2,163.3,22.3,43.3,1,-1,-1,-1
162,29,574.7,173.6,25.3,53.9,1,-1,-1,-1
162,30,409.0,244.3,21.6,35.2,1,-1,-1,-1
162,33,410.5,274.5,17.3,34.2,1,-1,-1,-1
162,37,305.6,490.2,39.6,80.8,1,-1,-1,-1
162,40,352.3,231.0,19.8,48.1,1,-1,-1,-1
162,41,570.4,646.1,60.8,108.2,1,-1,-1,-1
162,43,521.7,632.8,69.1,122.6,1,-1,-1,-1
162,47,666.8,305.3,29.2,76.7,1,-1,-1,-1
162,51,70.2,370.4,82.8,57.0,1,-1,-1,-1
162,53,117.3,174.7,19.4,41.9,1,-1,-1,-1
162,60,661.4,717.2,33.8,38.8,1,-1,-1,-1
162,64,213.6,317.2,30.7,36.0,1,-1,-1,-1
162,67,382.2,242.9,21.5,36.7,1,-1,-1,-1
162,69,32.9,397.6,39.2,47.4,1,-1,-1,-1
162,71,409.2,575.2,79.7,64.9,1,-1,-1,-1
162,72,102.7,114.8,19.3,36.6,1,-1,-1,-1
162,73,703.9,344.7,29.1,77.3,1,-1,-1,-1
162,78,360.1,559.8,68.8,83.1,1,-1,-1,-1
162,79,217.0,559.0,66.9,92.1,1,-1,-1,-1
162,81,-0.4,369.3,39.7,50.2,1,-1,-1,-1
162,83,428.0,244.5,18.1,39.3,1,-1,-1,-1
162,84,0.7,343.6,48.7,47.2,1,-1,-1,-1
162,85,647.9,285.6,29.5,78.2,1,-1,-1,-1
162,87,885.1,177.5,16.8,33.4,1,-1,-1,-1
163,2,171.7,446.1,53.8,65.0,1,-1,-1,-1
163,3,238.0,312.8,49.7,50.1,1,-1,-1,-1
163,4,255.2,484.2,66.1,80.5,1,-1,-1,-1
163,5,862.7,389.1,40.5,87.0,1,-1,-1,-1
163,6,328.0,397.4,44.9,104.3,1,-1,-1,-1
163,7,416.4,417.1,44.1,102.5,1,-1,-1,-1
163,8,602.2,251.0,26.3,50.3,1,-1,-1,-1
163,12,197.5,322.9,28.3,66.5,1,-1,-1,-1
163,14,766.4,347.7,37.0,87.9,1,-1,-1,-1
163,15,626.0,245.4,29.3,51.1,1,-1,-1,-1
163,16,365.4,244.5,26.1,66.8,1,-1,-1,-1
163,17,822.7,262.2,32.7,41.8,1,-1,-1,-1
163,18,276.3,406.0,46.4,85.8,1,-1,-1,-1
163,21,538.9,337.1,37.8,85.6,1,-1,-1,-1
163,22,597.1,323.1,33.9,84.1,1,-1,-1,-1
163,23,338.4,203.2,19.0,40.2,1,-1,-1,-1
163,24,738.1,191.1,25.2,59.8,1,-1,-1,-1
163,25,421.5,174.4,18.6,53.1,1,-1,-1,-1
163,26,871.6,164.9,21.7,44.3,1,-1,-1,-1
163,29,577.5,173.9,25.7,52.5,1,-1,-1,-1
163,30,409.1,242.7,21.1,35.6,1,-1,-1,-1
163,33,411.6,274.9,17.7,33.9,1,-1,-1,-1
163,37,302.8,480.8,41.1,87.1,1,-1,-1,-1
163,40,354.2,230.8,19.8,46.3,1,-1,-1,-1
163,41,569.3,646.3,61.0,108.0,1,-1,-1,-1
163,43,521.6,633.2,66.0,122.4,1,-1,-1,-1
163,47,667.5,301.4,30.2,84.1,1,-1,-1,-1
163,51,72.5,369.6,85.3,58.1,1,-1,-1,-1
163,53,120.5,173.9,18.6,41.6,1,-1,-1,-1
163,60,659.1,717.4,33.3,38.7,1,-1,-1,-1
163,64,216.8,317.3,28.8,35.8,1,-1,-1,-1
163,67,383.5,243.0,21.4,36.5,1,-1,-1,-1
163,69,35.3,396.8,39.2,46.4,1,-1,-1,-1
163,71,408.3,575.6,79.8,64.4,1,-1,-1,-1
163,72,106.5,112.4,18.8,38.7,1,-1,-1,-1
163,73,707.4,345.9,27.0,76.7,1,-1,-1,-1
163,78,362.4,561.1,69.1,79.6,1,-1,-1,-1
163,79,215.4,563.7,66.5,118.6,1,-1,-1,-1
163,81,0.6,367.1,43.8,52.9,1,-1,-1,-1
163,83,429.1,244.4,18.5,39.9,1,-1,-1,-1
163,84,0.1,343.3,51.0,47.6,1,-1,-1,-1
163,85,648.9,288.4,31.3,77.8,1,-1,-1,-1
163,87,886.2,177.9,16.7,34.6,1,-1,-1,-1
164,2,167.1,444.8,54.5,68.0,1,-1,-1,-1
164,3,239.8,313.0,49.9,49.5,1,-1,-1,-1
164,4,256.2,483.8,65.9,80.4,1,-1,-1,-1
164,5,863.9,389.1,41.0,87.2,1,-1,-1,-1
164,6,329.6,395.6,43.1,105.5,1,-1,-1,-1
164,7,416.4,417.6,46.7,102.0,1,-1,-1,-1
164,8,602.8,251.9,26.1,49.9,1,-1,-1,-1
164,12,199.8,321.8,28.6,65.0,1,-1,-1,-1
164,14,769.8,347.2,37.6,88.2,1,-1,-1,-1
164,15,626.7,245.9,29.1,50.6,1,-1,-1,-1
164,16,367.6,243.6,25.6,67.7,1,-1,-1,-1
164,17,825.1,263.0,33.0,41.8,1,-1,-1,-1
164,18,277.0,405.7,46.3,84.6,1,-1,-1,-1
164,21,537.5,333.7,39.5,89.4,1,-1,-1,-1
164,22,599.4,321.3,35.0,84.9,1,-1,-1,-1
164,23,341.4,204.8,18.9,38.8,1,-1,-1,-1
164,24,740.7,192.2,25.0,58.6,1,-1,-1,-1
164,25,424.1,174.6,18.7,52.9,1,-1,-1,-1
164,26,871.3,165.1,21.3,44.3,1,-1,-1,-1
164,29,579.5,174.4,26.0,51.1,1,-1,-1,-1
164,30,411.7,243.2,21.0,34.9,1,-1,-1,-1
164,33,413.5,274.1,17.7,34.3,1,-1,-1,-1
164,37,301.2,477.4,43.2,90.9,1,-1,-1,-1
164,40,355.9,231.1,20.1,45.2,1,-1,-1,-1
164,41,569.2,646.2,60.2,108.1,1,-1,-1,-1
164,43,521.3,633.5,64.7,121.8,1,-1,-1,-1
164,47,670.5,301.6,31.8,83.1,1,-1,-1,-1
164,51,75.4,369.4,84.8,58.1,1,-1,-1,-1
164,53,124.8,174.6,19.0,40.1,1,-1,-1,-1
164,60,658.4,717.7,32.9,38.4,1,-1,-1,-1
164,64,220.8,318.8,30.3,35.9,1,-1,-1,-1
164,67,385.3,243.1,20.6,35.7,1,-1,-1,-1
164,69,36.8,396.4,39.5,47.2,1,-1,-1,-1
164,71,408.1,576.0,79.5,64.0,1,-1,-1,-1
164,72,109.8,114.6,18.8,36.6,1,-1,-1,-1
164,73,709.7,346.4,26.9,76.8,1,-1,-1,-1
164,78,363.1,561.7,69.2,77.8,1,-1,-1,-1
164,79,212.1,558.9,65.3,134.1,1,-1,-1,-1
164,81,0.1,365.2,45.9,56.1,1,-1,-1,-1
164,83,431.3,245.7,17.7,40.1,1,-1,-1,-1
164,84,9.5,342.2,45.6,46.5,1,-1,-1,-1
164,85,649.7,287.8,31.8,77.4,1,-1,-1,-1
164,87,889.4,178.9,16.5,33.6,1,-1,-1,-1
165,2,168.2,442.5,54.4,70.9,1,-1,-1,-1
165,3,242.0,313.3,49.0,49.0,1,-1,-1,-1
165,4,257.4,483.5,64.6,81.1,1,-1,-1,-1
165,5,863.5,385.7,39.3,92.2,1,-1,-1,-1
165,6,330.5,396.1,42.2,104.8,1,-1,-1,-1
165,7,416.3,418.1,50.6,101.5,1,-1,-1,-1
165,8,606.1,251.9,26.8,51.2,1,-1,-1,-1
165,12,201.9,321.6,31.2,63.7,1,-1,-1,-1
165,14,773.3,344.7,38.7,91.2,1,-1,-1,-1
165,15,627.4,244.0,28.1,52.0,1,-1,-1,-1
165,16,371.7,245.1,25.1,66.2,1,-1,-1,-1
165,17,825.9,263.7,33.5,41.3,1,-1,-1,-1
165,18,274.3,401.6,48.0,91.1,1,-1,-1,-1
165,21,539.5,332.9,40.9,91.0,1,-1,-1,-1
165,22,605.3,323.7,33.1,81.5,1,-1,-1,-1
165,23,343.6,205.7,18.3,37.7,1,-1,-1,-1
165,24,742.4,191.8,25.3,58.2,1,-1,-1,-1
165,25,425.8,173.9,19.2,55.4,1,-1,-1,-1
165,26,873.8,163.5,20.2,44.2,1,-1,-1,-1
165,29,582.6,175.4,25.7,51.5,1,-1,-1,-1
165,30,415.2,241.0,20.6,37.2,1,-1,-1,-1
165,33,416.5,273.8,17.5,34.9,1,-1,-1,-1
165,37,304.7,482.6,40.8,88.0,1,-1,-1,-1
165,40,358.8,231.2,20.1,44.8,1,-1,-1,-1
165,41,568.6,646.7,59.7,108.3,1,-1,-1,-1
165,43,520.6,634.7,64.4,120.7,1,-1,-1,-1
165,47,673.6,306.6,32.2,80.6,1,-1,-1,-1
165,51,78.6,382.5,72.6,46.6,1,-1,-1,-1
165,53,128.1,174.8,18.6,39.3,1,-1,-1,-1
165,60,657.7,718.0,33.1,38.0,1,-1,-1,-1
165,64,221.4,318.5,29.4,35.2,1,-1,-1,-1
165,67,387.5,242.5,19.6,36.2,1,-1,-1,-1
165,69,39.0,396.9,39.4,46.4,1,-1,-1,-1
165,71,409.0,576.6,78.5,63.4,1,-1,-1,-1
165,72,113.2,115.8,19.2,35.2,1,-1,-1,-1
165,73,712.7,345.8,27.1,77.5,1,-1,-1,-1
165,78,362.9,562.1,69.3,77.0,1,-1,-1,-1
165,79,209.7,548.1,64.5,141.8,1,-1,-1,-1
165,81,-0.3,364.3,46.6,56.7,1,-1,-1,-1
165,83,432.5,247.6,17.2,38.9,1,-1,-1,-1
165,84,13.6,341.8,42.9,44.7,1,-1,-1,-1
165,85,651.7,289.0,37.2,77.5,1,-1,-1,-1
165,87,891.2,177.6,16.6,34.5,1,-1,-1,-1
166,2,169.6,441.3,54.5,73.0,1,-1,-1,-1
166,3,243.8,314.5,48.2,48.5,1,-1,-1,-1
166,4,258.2,484.3,62.8,79.6,1,-1,-1,-1
166,5,864.5,384.9,40.3,95.0,1,-1,-1,-1
166,6,331.1,396.2,41.8,104.5,1,-1,-1,-1
166,7,413.8,418.1,49.3,101.3,1,-1,-1,-1
166,8,608.3,251.4,26.5,52.1,1,-1,-1,-1
166,12,203.0,321.3,32.6,63.0,1,-1,-1,-1
166,14,779.1,347.3,42.4,89.0,1,-1,-1,-1
166,15,630.3,247.4,26.3,49.6,1,-1,-1,-1
166,16,374.2,246.0,25.8,65.6,1,-1,-1,-1
166,17,827.8,264.8,32.2,39.8,1,-1,-1,-1
166,18,274.0,399.6,50.0,96.3,1,-1,-1,-1
166,21,542.2,336.7,39.0,87.6,1,-1,-1,-1
166,22,608.3,323.7,32.1,79.8,1,-1,-1,-1
166,23,345.5,205.3,17.5,37.8,1,-1,-1,-1
166,24,744.0,190.9,25.9,58.7,1,-1,-1,-1
166,25,428.4,174.2,19.4,54.9,1,-1,-1,-1
166,26,879.3,165.5,21.3,45.5,1,-1,-1,-1
166,29,585.0,175.3,25.4,49.2,1,-1,-1,-1
166,30,417.9,242.8,21.8,35.9,1,-1,-1,-1
166,33,419.8,273.5,17.5,35.4,1,-1,-1,-1
166,37,306.1,484.3,40.1,86.2,1,-1,-1,-1
166,40,360.9,231.1,19.5,45.0,1,-1,-1,-1
166,41,567.9,647.3,59.1,108.2,1,-1,-1,-1
166,43,519.9,635.4,64.9,120.5,1,-1,-1,-1
166,47,674.4,308.6,33.6,79.8,1,-1,-1,-1
166,51,82.1,386.5,65.4,40.7,1,-1,-1,-1
166,53,130.9,173.0,18.2,39.5,1,-1,-1,-1
166,60,656.2,722.0,35.5,34.6,1,-1,-1,-1
166,64,223.6,317.7,29.1,35.0,1,-1,-1,-1
166,67,389.2,242.0,19.1,36.2,1,-1,-1,-1
166,69,41.9,397.0,37.7,45.6,1,-1,-1,-1
166,71,410.6,576.5,76.9,63.4,1,-1,-1,-1
166,72,116.9,116.2,18.8,34.8,1,-1,-1,-1
166,73,714.2,344.8,29.9,77.7,1,-1,-1,-1
166,78,359.9,559.6,69.2,82.4,1,-1,-1,-1
166,79,209.1,539.9,63.9,136.7,1,-1,-1,-1
166,81,-0.3,363.9,47.3,56.9,1,-1,-1,-1
166,83,433.3,247.2,17.0,37.8,1,-1,-1,-1
166,84,16.3,341.7,41.2,44.6,1,-1,-1,-1
166,85,652.5,289.5,38.4,77.1,1,-1,-1,-1
166,87,893.9,176.3,16.5,34.7,1,-1,-1,-1
167,2,170.0,440.8,54.2,73.7,1,-1,-1,-1
167,3,245.6,314.8,47.2,48.4,1,-1,-1,-1
167,4,263.8,490.0,55.6,67.2,1,-1,-1,-1
167,5,865.5,385.2,41.5,96.0,1,-1,-1,-1
167,6,331.2,396.4,42.0,103.8,1,-1,-1,-1
167,7,413.2,418.4,48.0,101.4,1,-1,-1,-1
167,8,609.4,251.5,26.0,51.9,1,-1,-1,-1
167,12,205.1,321.4,33.6,62.0,1,-1,-1,-1
167,14,780.6,345.0,40.0,87.6,1,-1,-1,-1
167,15,630.3,249.3,26.8,49.9,1,-1,-1,-1
167,16,376.2,245.4,26.9,66.3,1,-1,-1,-1
167,17,829.9,264.5,32.0,40.2,1,-1,-1,-1
167,18,273.6,398.5,51.8,98.8,1,-1,-1,-1
167,21,548.3,337.6,38.8,86.0,1,-1,-1,-1
167,22,609.0,323.1,31.2,80.3,1,-1,-1,-1
167,23,347.9,204.3,17.9,38.9,1,-1,-1,-1
167,24,746.4,191.0,25.5,59.3,1,-1,-1,-1
167,25,430.3,175.3,18.7,53.7,1,-1,-1,-1
167,26,881.8,166.4,22.0,46.4,1,-1,-1,-1
167,29,586.3,175.9,26.6,51.3,1,-1,-1,-1
167,30,418.8,242.9,22.1,35.4,1,-1,-1,-1
167,33,421.9,274.7,17.4,34.5,1,-1,-1,-1
167,37,307.8,483.2,39.2,86.2,1,-1,-1,-1
167,40,363.3,231.3,19.3,45.2,1,-1,-1,-1
167,41,568.8,647.6,56.3,107.5,1,-1,-1,-1
167,43,524.6,635.6,63.8,119.5,1,-1,-1,-1
167,47,675.1,309.2,34.6,79.3,1,-1,-1,-1
167,51,83.3,371.1,75.0,51.3,1,-1,-1,-1
167,53,134.8,173.3,18.4,38.3,1,-1,-1,-1
167,60,653.9,720.2,33.7,35.6,1,-1,-1,-1
167,64,224.5,317.0,30.2,34.8,1,-1,-1,-1
167,69,44.1,396.3,36.7,45.5,1,-1,-1,-1
167,71,408.9,576.5,78.0,63.4,1,-1,-1,-1
167,72,120.0,116.2,19.1,34.4,1,-1,-1,-1
167,73,713.9,344.4,32.7,80.5,1,-1,-1,-1
167,78,362.3,560.8,68.9,79.5,1,-1,-1,-1
167,79,208.8,535.0,65.5,132.4,1,-1,-1,-1
167,81,0.3,362.8,50.6,57.2,1,-1,-1,-1
167,83,438.8,245.6,16.8,39.0,1,-1,-1,-1
167,84,18.9,341.3,40.3,44.6,1,-1,-1,-1
167,85,654.1,289.9,40.7,76.6,1,-1,-1,-1
167,88,152.6,116.0,17.0,30.0,1,-1,-1,-1
168,2,171.8,440.4,52.8,72.6,1,-1,-1,-1
168,3,250.3,313.5,47.2,48.7,1,-1,-1,-1
168,4,266.7,496.1,52.4,59.9,1,-1,-1,-1
168,5,871.4,387.2,40.1,92.4,1,-1,-1,-1
168,6,331.4,396.6,42.1,103.9,1,-1,-1,-1
168,7,413.2,418.8,45.3,101.4,1,-1,-1,-1
168,8,610.4,251.8,26.1,51.3,1,-1,-1,-1
168,12,208.2,321.8,35.0,61.1,1,-1,-1,-1
168,14,785.3,343.0,39.2,89.3,1,-1,-1,-1
168,15,634.1,246.8,28.8,49.7,1,-1,-1,-1
168,16,377.6,245.0,27.0,66.7,1,-1,-1,-1
168,17,832.1,264.6,32.0,40.7,1,-1,-1,-1
168,18,281.6,402.9,44.0,92.2,1,-1,-1,-1
168,21,551.8,334.3,37.8,87.4,1,-1,-1,-1
168,22,611.9,323.5,30.4,79.9,1,-1,-1,-1
168,23,351.4,204.1,18.1,39.1,1,-1,-1,-1
168,24,749.2,191.5,24.2,59.7,1,-1,-1,-1
168,25,433.4,175.1,18.5,53.2,1,-1,-1,-1
168,26,880.7,165.9,22.2,47.2,1,-1,-1,-1
168,29,588.1,172.4,26.1,44.9,1,-1,-1,-1
168,30,419.6,240.6,22.2,36.4,1,-1,-1,-1
168,33,423.4,273.8,17.5,35.1,1,-1,-1,-1
168,37,305.6,484.3,41.6,85.0,1,-1,-1,-1
168,40,364.8,231.4,20.0,45.0,1,-1,-1,-1
168,41,568.5,647.5,54.7,106.9,1,-1,-1,-1
168,43,520.7,636.8,65.1,119.0,1,-1,-1,-1
168,47,678.3,310.1,34.2,78.3,1,-1,-1,-1
168,51,108.8,367.6,61.7,55.6,1,-1,-1,-1
168,53,137.9,172.9,18.1,38.2,1,-1,-1,-1
168,60,653.2,721.1,32.4,34.7,1,-1,-1,-1
168,64,228.7,318.2,30.1,36.1,1,-1,-1,-1
168,69,46.2,396.2,36.4,45.1,1,-1,-1,-1
168,71,408.8,576.6,77.3,63.3,1,-1,-1,-1
168,72,123.2,116.2,18.7,34.5,1,-1,-1,-1
168,73,713.9,344.4,34.0,82.4,1,-1,-1,-1
168,78,360.4,559.5,68.4,83.5,1,-1,-1,-1
168,79,206.2,534.0,63.6,128.1,1,-1,-1,-1
168,81,0.1,364.2,52.3,55.3,1,-1,-1,-1
168,83,440.5,245.0,17.8,39.8,1,-1,-1,-1
168,84,21.8,341.3,41.3,44.8,1,-1,-1,-1
168,85,653.5,286.3,33.6,65.1,1,-1,-1,-1
168,88,155.4,114.2,17.0,27.2,1,-1,-1,-1
169,2,173.2,440.2,52.1,71.9,1,-1,-1,-1
169,3,249.0,312.7,48.7,49.4,1,-1,-1,-1
169,4,267.2,493.4,51.5,60.5,1,-1,-1,-1
169,5,873.0,389.6,38.5,89.5,1,-1,-1,-1
169,6,331.6,396.5,41.8,104.1,1,-1,-1,-1
169,7,414.6,419.5,43.7,101.1,1,-1,-1,-1
169,8,612.6,252.6,26.0,51.0,1,-1,-1,-1
169,12,211.3,320.7,32.8,61.3,1,-1,-1,-1
169,14,789.2,344.4,39.6,89.8,1,-1,-1,-1
169,15,636.1,246.6,29.2,52.4,1,-1,-1,-1
169,16,380.1,245.3,25.4,65.5,1,-1,-1,-1
169,17,834.1,265.2,32.1,40.4,1,-1,-1,-1
169,18,284.8,405.4,40.6,88.2,1,-1,-1,-1
169,21,557.2,334.5,35.5,86.8,1,-1,-1,-1
169,22,613.1,322.2,33.1,82.4,1,-1,-1,-1
169,23,354.0,203.8,18.1,38.8,1,-1,-1,-1
169,24,751.8,194.4,23.7,55.2,1,-1,-1,-1
169,25,435.6,175.1,18.7,53.1,1,-1,-1,-1
169,26,881.6,165.3,23.3,49.7,1,-1,-1,-1
169,29,592.0,174.3,25.8,41.5,1,-1,-1,-1
169,30,420.6,239.4,22.3,36.7,1,-1,-1,-1
169,33,426.0,272.8,17.6,35.5,1,-1,-1,-1
169,37,305.1,487.2,45.4,85.5,1,-1,-1,-1
169,40,366.7,232.0,21.2,45.0,1,-1,-1,-1
169,41,566.2,647.3,54.6,106.6,1,-1,-1,-1
169,43,519.3,637.9,65.9,118.2,1,-1,-1,-1
169,47,681.0,311.6,33.9,79.2,1,-1,-1,-1
169,51,118.4,367.7,53.3,56.5,1,-1,-1,-1
169,53,141.7,172.7,17.9,37.9,1,-1,-1,-1
169,60,653.1,723.7,35.5,32.5,1,-1,-1,-1
169,64,230.1,316.6,28.9,35.7,1,-1,-1,-1
169,69,48.6,396.3,36.0,44.6,1,-1,-1,-1
169,71,408.6,576.8,77.1,63.2,1,-1,-1,-1
169,72,126.5,116.2,18.5,34.7,1,-1,-1,-1
169,73,714.6,344.1,34.7,83.5,1,-1,-1,-1
169,78,363.0,560.2,68.4,80.1,1,-1,-1,-1
169,79,205.5,529.4,63.1,128.3,1,-1,-1,-1
169,81,0.1,363.2,54.8,54.4,1,-1,-1,-1
169,83,442.2,246.1,17.2,39.4,1,-1,-1,-1
169,84,23.6,340.4,41.5,44.0,1,-1,-1,-1
169,85,655.4,289.2,29.6,69.1,1,-1,-1,-1
169,87,901.6,180.1,15.7,34.3,1,-1,-1,-1
169,89,86.5,386.7,35.0,37.4,1,-1,-1,-1
170,2,179.9,442.4,53.0,69.2,1,-1,-1,-1
170,3,251.3,312.0,49.3,50.0,1,-1,-1,-1
170,4,267.5,499.7,50.6,54.5,1,-1,-1,-1
170,5,873.8,390.4,38.5,88.9,1,-1,-1,-1
170,6,331.5,395.4,41.5,104.1,1,-1,-1,-1
170,7,416.4,419.7,43.5,102.4,1,-1,-1,-1
170,8,614.1,253.1,25.9,50.4,1,-1,-1,-1
170,12,214.0,320.7,31.1,61.1,1,-1,-1,-1
170,14,793.4,344.7,38.4,88.5,1,-1,-1,-1
170,15,636.6,245.9,29.9,54.2,1,-1,-1,-1
170,16,382.7,243.6,25.3,66.5,1,-1,-1,-1
170,17,836.0,265.3,32.1,40.8,1,-1,-1,-1
170,18,285.8,405.7,41.0,90.2,1,-1,-1,-1
170,21,560.6,335.2,33.9,87.8,1,-1,-1,-1
170,22,617.6,322.3,32.2,81.4,1,-1,-1,-1
170,23,355.4,203.8,18.2,39.3,1,-1,-1,-1
170,24,753.2,192.4,24.8,58.7,1,-1,-1,-1
170,25,437.7,175.5,19.0,53.1,1,-1,-1,-1
170,26,882.1,165.0,23.2,50.4,1,-1,-1,-1
170,29,593.7,176.3,26.0,40.4,1,-1,-1,-1
170,30,423.6,240.2,21.5,36.6,1,-1,-1,-1
170,33,429.4,272.9,17.9,35.4,1,-1,-1,-1
170,37,302.3,486.4,48.9,83.8,1,-1,-1,-1
170,40,369.3,231.3,21.6,45.8,1,-1,-1,-1
170,41,565.0,647.1,54.9,106.7,1,-1,-1,-1
170,43,518.5,638.3,67.0,117.7,1,-1,-1,-1
170,47,684.9,311.0,32.1,80.9,1,-1,-1,-1
170,51,94.6,368.0,73.1,56.8,1,-1,-1,-1
170,53,144.9,172.4,17.5,37.5,1,-1,-1,-1
170,60,649.9,723.5,33.4,32.4,1,-1,-1,-1
170,64,232.5,316.5,28.6,34.8,1,-1,-1,-1
170,69,51.2,396.6,36.4,44.8,1,-1,-1,-1
170,71,407.4,576.6,78.9,63.4,1,-1,-1,-1
170,72,130.1,112.4,19.0,37.7,1,-1,-1,-1
170,73,715.5,344.3,35.1,83.8,1,-1,-1,-1
170,78,360.8,558.7,67.7,83.5,1,-1,-1,-1
170,79,202.5,529.5,64.4,125.1,1,-1,-1,-1
170,81,1.0,362.3,56.1,55.0,1,-1,-1,-1
170,83,443.8,248.4,16.4,38.1,1,-1,-1,-1
170,84,24.5,339.6,42.3,43.5,1,-1,-1,-1
170,85,658.7,289.1,26.6,68.2,1,-1,-1,-1
170,87,903.0,179.5,16.3,35.5,1,-1,-1,-1
170,89,89.8,385.4,34.4,38.3,1,-1,-1,-1
170,90,0.1,296.1,12.6,69.2,1,-1,-1,-1
171,2,182.2,442.8,52.8,68.0,1,-1,-1,-1
171,3,253.7,312.2,48.4,49.6,1,-1,-1,-1
171,4,265.1,486.5,60.7,68.8,1,-1,-1,-1
171,5,871.8,386.8,38.4,93.4,1,-1,-1,-1
171,6,331.5,395.4,41.5,103.2,1,-1,-1,-1
171,7,417.4,419.1,46.0,104.7,1,-1,-1,-1
171,8,615.7,253.0,24.7,50.5,1,-1,-1,-1
171,12,215.9,319.1,30.0,62.2,1,-1,-1,-1
171,14,798.5,346.8,43.2,85.6,1,-1,-1,-1
171,15,638.7,245.7,29.9,53.7,1,-1,-1,-1
171,16,385.5,243.9,24.9,66.4,1,-1,-1,-1
171,17,837.0,265.2,33.0,41.7,1,-1,-1,-1
171,18,286.0,406.3,42.7,92.7,1,-1,-1,-1
171,21,563.9,334.6,33.3,89.3,1,-1,-1,-1
171,22,620.2,322.0,30.7,81.9,1,-1,-1,-1
171,23,357.0,203.5,19.0,41.0,1,-1,-1,-1
171,24,754.2,191.2,26.0,59.6,1,-1,-1,-1
171,25,440.1,175.0,18.9,52.9,1,-1,-1,-1
171,26,887.9,165.6,22.7,49.6,1,-1,-1,-1
171,29,595.9,176.5,25.7,39.8,1,-1,-1,-1
171,30,426.2,240.3,20.9,36.8,1,-1,-1,-1
171,33,431.4,272.9,17.4,34.9,1,-1,-1,-1
171,37,304.4,487.7,49.4,81.9,1,-1,-1,-1
171,40,371.0,230.6,21.1,46.3,1,-1,-1,-1
171,41,564.9,646.8,54.9,106.8,1,-1,-1,-1
171,43,518.1,637.8,67.5,118.0,1,-1,-1,-1
171,47,690.0,313.9,27.7,78.7,1,-1,-1,-1
171,51,87.4,367.8,83.1,56.8,1,-1,-1,-1
171,53,148.1,172.3,17.1,37.2,1,-1,-1,-1
171,60,648.6,723.2,32.3,32.5,1,-1,-1,-1
171,64,234.9,316.2,28.1,35.4,1,-1,-1,-1
171,69,52.6,395.3,36.6,44.5,1,-1,-1,-1
171,71,406.2,576.3,79.6,63.6,1,-1,-1,-1
171,72,133.4,110.7,18.8,39.0,1,-1,-1,-1
171,73,717.0,344.9,35.4,83.1,1,-1,-1,-1
171,78,362.9,560.1,67.8,79.9,1,-1,-1,-1
171,79,199.9,527.4,65.5,122.6,1,-1,-1,-1
171,81,3.6,361.7,54.9,55.2,1,-1,-1,-1
171,83,444.4,248.9,16.3,37.7,1,-1,-1,-1
171,84,26.7,339.3,41.9,42.5,1,-1,-1,-1
171,85,660.4,289.0,26.6,63.8,1,-1,-1,-1
171,87,905.5,180.4,16.7,34.6,1,-1,-1,-1
171,90,-0.0,283.7,14.6,82.9,1,-1,-1,-1
172,2,182.2,442.5,53.5,68.2,1,-1,-1,-1
172,3,254.8,312.8,48.1,49.0,1,-1,-1,-1
172,4,262.0,483.2,63.2,74.8,1,-1,-1,-1
172,5,873.2,386.1,38.1,95.1,1,-1,-1,-1
172,6,331.8,395.7,41.6,102.9,1,-1,-1,-1
172,7,417.5,418.9,47.3,103.3,1,-1,-1,-1
172,8,618.9,251.9,25.8,52.2,1,-1,-1,-1
172,12,220.0,318.4,28.4,61.5,1,-1,-1,-1
172,14,799.6,348.0,46.0,84.2,1,-1,-1,-1
172,15,641.4,245.8,27.9,53.3,1,-1,-1,-1
172,16,387.2,242.6,26.5,67.8,1,-1,-1,-1
172,17,838.6,265.0,32.8,41.3,1,-1,-1,-1
172,18,286.1,405.9,44.1,94.0,1,-1,-1,-1
172,21,568.8,334.8,34.0,89.0,1,-1,-1,-1
172,22,620.2,322.3,22.6,77.8,1,-1,-1,-1
172,23,359.2,202.9,20.5,41.5,1,-1,-1,-1
172,24,755.0,191.1,26.3,59.6,1,-1,-1,-1
172,25,441.8,174.7,19.0,53.0,1,-1,-1,-1
172,26,890.5,165.6,22.6,49.2,1,-1,-1,-1
172,29,598.1,177.3,25.8,38.5,1,-1,-1,-1
172,30,427.4,241.0,22.9,36.4,1,-1,-1,-1
172,33,432.7,272.5,16.9,34.8,1,-1,-1,-1
172,37,297.2,486.5,54.4,84.0,1,-1,-1,-1
172,40,373.6,231.0,20.1,46.4,1,-1,-1,-1
172,41,564.5,646.8,55.0,106.8,1,-1,-1,-1
172,43,517.2,635.9,68.2,119.7,1,-1,-1,-1
172,47,692.3,315.2,25.6,76.9,1,-1,-1,-1
172,51,87.7,365.7,85.0,57.1,1,-1,-1,-1
172,53,150.7,171.9,17.2,37.2,1,-1,-1,-1
172,60,648.9,724.4,32.6,31.6,1,-1,-1,-1
172,64,238.2,316.3,26.9,35.8,1,-1,-1,-1
172,69,54.8,394.7,35.4,43.0,1,-1,-1,-1
172,71,405.9,576.1,80.3,63.8,1,-1,-1,-1
172,72,136.5,110.1,18.9,39.8,1,-1,-1,-1
172,73,722.6,347.3,32.8,79.3,1,-1,-1,-1
172,78,363.2,560.5,67.8,78.4,1,-1,-1,-1
172,79,196.1,520.4,65.2,121.8,1,-1,-1,-1
172,81,5.7,360.8,54.7,55.7,1,-1,-1,-1
172,83,446.2,248.6,16.0,37.4,1,-1,-1,-1
172,84,30.0,338.9,40.5,43.2,1,-1,-1,-1
172,85,667.8,300.6,33.9,67.7,1,-1,-1,-1
172,87,905.6,180.5,16.8,34.1,1,-1,-1,-1
172,90,0.0,284.1,17.0,82.9,1,-1,-1,-1
173,2,182.1,441.5,54.1,68.3,1,-1,-1,-1
173,3,255.6,312.2,48.0,49.4,1,-1,-1,-1
173,4,262.4,479.6,64.2,78.7,1,-1,-1,-1
173,5,875.2,386.6,38.5,95.8,1,-1,-1,-1
173,6,332.2,395.2,41.9,99.6,1,-1,-1,-1
173,7,417.4,418.5,48.8,106.1,1,-1,-1,-1
173,8,620.5,250.6,26.0,53.8,1,-1,-1,-1
173,12,222.0,317.2,27.3,60.8,1,-1,-1,-1
173,14,805.5,347.9,42.8,84.9,1,-1,-1,-1
173,15,643.3,246.7,26.9,52.2,1,-1,-1,-1
173,16,387.8,242.6,26.9,67.2,1,-1,-1,-1
173,17,840.3,264.9,32.3,41.6,1,-1,-1,-1
173,18,285.3,404.1,45.9,96.0,1,-1,-1,-1
173,21,571.4,334.5,36.1,89.3,1,-1,-1,-1
173,22,622.5,320.0,28.4,82.7,1,-1,-1,-1
173,23,362.8,203.1,20.0,41.2,1,-1,-1,-1
173,24,756.5,192.9,25.8,59.8,1,-1,-1,-1
173,25,444.3,174.7,19.3,53.0,1,-1,-1,-1
173,26,889.9,165.2,23.1,48.4,1,-1,-1,-1
173,29,598.4,176.9,26.5,37.7,1,-1,-1,-1
173,30,428.8,240.3,23.1,37.0,1,-1,-1,-1
173,33,433.8,272.4,17.2,34.9,1,-1,-1,-1
173,37,302.6,489.3,52.8,80.2,1,-1,-1,-1
173,40,375.3,230.9,20.6,46.5,1,-1,-1,-1
173,41,563.2,646.8,55.4,107.1,1,-1,-1,-1
173,43,517.3,635.3,67.8,120.6,1,-1,-1,-1
173,47,692.8,315.0,25.5,77.0,1,-1,-1,-1
173,51,91.1,364.8,83.5,57.4,1,-1,-1,-1
173,53,152.5,169.2,17.4,38.9,1,-1,-1,-1
173,60,645.6,723.9,31.7,32.0,1,-1,-1,-1
173,64,240.5,315.3,26.0,38.5,1,-1,-1,-1
173,69,56.0,393.4,35.6,43.2,1,-1,-1,-1
173,71,405.0,575.7,81.4,64.3,1,-1,-1,-1
173,72,140.0,110.1,18.7,39.3,1,-1,-1,-1
173,73,726.0,348.6,30.7,78.9,1,-1,-1,-1
173,78,363.4,560.9,67.0,77.4,1,-1,-1,-1
173,79,189.2,518.8,66.1,119.1,1,-1,-1,-1
173,81,8.6,360.3,54.0,55.4,1,-1,-1,-1
173,83,450.1,246.0,16.8,38.3,1,-1,-1,-1
173,84,33.4,338.9,40.9,43.4,1,-1,-1,-1
173,85,681.0,317.8,36.7,68.2,1,-1,-1,-1
173,87,909.8,178.1,17.7,35.4,1,-1,-1,-1
173,90,0.1,285.9,20.2,82.3,1,-1,-1,-1
174,2,177.9,439.3,55.0,71.0,1,-1,-1,-1
174,3,260.2,312.9,47.1,49.8,1,-1,-1,-1
174,4,263.2,479.3,63.6,79.4,1,-1,-1,-1
174,5,876.6,387.0,39.2,95.6,1,-1,-1,-1
174,6,332.4,395.3,41.8,98.2,1,-1,-1,-1
174,7,420.5,418.7,47.9,104.3,1,-1,-1,-1
174,8,621.6,250.8,26.0,53.9,1,-1,-1,-1
174,12,224.7,316.0,27.3,60.0,1,-1,-1,-1
174,14,808.4,347.0,42.4,85.3,1,-1,-1,-1
174,15,644.0,247.1,26.7,52.1,1,-1,-1,-1
174,16,389.3,243.0,26.9,67.1,1,-1,-1,-1
174,17,842.3,265.1,32.8,42.3,1,-1,-1,-1
174,18,285.3,402.9,46.8,97.5,1,-1,-1,-1
174,21,572.1,334.0,38.7,90.9,1,-1,-1,-1
174,22,623.9,318.8,30.9,85.0,1,-1,-1,-1
174,23,365.6,203.0,19.1,40.1,1,-1,-1,-1
174,24,759.0,192.2,25.1,60.2,1,-1,-1,-1
174,25,446.0,174.7,19.4,53.1,1,-1,-1,-1
174,26,891.2,165.7,23.2,48.6,1,-1,-1,-1
174,29,602.6,177.5,26.5,38.9,1,-1,-1,-1
174,30,430.4,239.6,22.2,37.8,1,-1,-1,-1
174,33,435.0,272.2,17.3,34.3,1,-1,-1,-1
174,37,302.8,488.8,53.5,78.6,1,-1,-1,-1
174,40,377.1,231.0,20.7,46.1,1,-1,-1,-1
174,41,561.6,646.8,56.7,107.0,1,-1,-1,-1
174,43,517.3,634.6,67.3,121.4,1,-1,-1,-1
174,47,693.1,314.9,26.0,77.6,1,-1,-1,-1
174,51,117.2,366.2,64.3,54.4,1,-1,-1,-1
174,53,154.6,169.0,18.4,40.1,1,-1,-1,-1
174,60,644.0,723.7,31.7,32.2,1,-1,-1,-1
174,64,242.7,313.4,25.3,38.5,1,-1,-1,-1
174,69,57.2,392.6,36.1,43.1,1,-1,-1,-1
174,71,405.0,575.3,81.6,64.7,1,-1,-1,-1
174,72,142.8,114.2,19.0,36.0,1,-1,-1,-1
174,73,726.3,346.4,31.5,83.5,1,-1,-1,-1
174,78,360.5,556.4,67.1,83.8,1,-1,-1,-1
174,79,186.3,517.3,62.1,118.7,1,-1,-1,-1
174,81,11.1,359.7,54.7,55.7,1,-1,-1,-1
174,83,448.8,247.1,16.8,37.1,1,-1,-1,-1
174,84,36.0,337.8,41.3,44.2,1,-1,-1,-1
174,87,910.7,179.0,17.7,34.6,1,-1,-1,-1
174,90,0.1,286.1,23.4,84.1,1,-1,-1,-1
174,91,668.0,289.2,33.5,81.0,1,-1,-1,-1
175,2,177.8,437.4,55.0,71.3,1,-1,-1,-1
175,3,262.8,312.7,46.9,50.4,1,-1,-1,-1
175,4,263.7,479.0,62.8,79.3,1,-1,-1,-1
175,5,883.0,391.9,37.0,94.1,1,-1,-1,-1
175,6,332.8,395.0,41.6,98.3,1,-1,-1,-1
175,7,422.2,418.9,46.7,104.1,1,-1,-1,-1
175,8,622.3,251.4,26.0,53.4,1,-1,-1,-1
175,12,227.0,314.9,27.2,61.2,1,-1,-1,-1
175,14,818.0,345.6,36.6,86.0,1,-1,-1,-1
175,15,645.7,246.3,26.8,53.4,1,-1,-1,-1
175,16,391.1,242.4,27.3,66.5,1,-1,-1,-1
175,17,844.0,265.7,33.1,42.0,1,-1,-1,-1
175,18,285.7,403.4,46.9,97.1,1,-1,-1,-1
175,21,573.6,334.5,39.3,91.5,1,-1,-1,-1
175,22,627.0,319.7,28.7,84.3,1,-1,-1,-1
175,23,367.5,203.6,18.9,38.8,1,-1,-1,-1
175,24,761.3,191.5,25.6,60.9,1,-1,-1,-1
175,25,447.5,174.7,19.1,53.0,1,-1,-1,-1
175,26,894.5,167.4,22.7,49.3,1,-1,-1,-1
175,29,603.8,176.7,26.8,38.8,1,-1,-1,-1
175,30,431.9,239.2,21.2,37.5,1,-1,-1,-1
175,33,436.7,272.0,16.8,34.0,1,-1,-1,-1
175,37,297.1,491.0,57.3,82.8,1,-1,-1,-1
175,40,378.6,231.2,20.7,44.9,1,-1,-1,-1
175,41,558.9,647.8,58.0,106.4,1,-1,-1,-1
175,43,531.3,670.3,48.5,90.1,1,-1,-1,-1
175,47,692.9,314.5,27.0,78.6,1,-1,-1,-1
175,51,122.4,367.3,56.5,52.9,1,-1,-1,-1
175,53,156.9,167.7,19.4,40.6,1,-1,-1,-1
175,60,643.3,724.9,34.7,31.3,1,-1,-1,-1
175,64,244.8,312.3,24.3,38.2,1,-1,-1,-1
175,69,58.3,392.3,37.4,43.5,1,-1,-1,-1
175,71,404.6,575.0,82.0,65.0,1,-1,-1,-1
175,72,145.8,111.6,19.1,37.2,1,-1,-1,-1
175,73,726.8,345.5,32.2,87.4,1,-1,-1,-1
175,78,362.4,559.2,67.4,80.5,1,-1,-1,-1
175,79,182.8,514.6,60.9,120.8,1,-1,-1,-1
175,81,12.8,360.7,54.6,53.8,1,-1,-1,-1
175,83,452.1,246.7,17.1,38.4,1,-1,-1,-1
175,84,37.9,337.2,40.9,43.5,1,-1,-1,-1
175,87,914.2,181.5,17.3,33.9,1,-1,-1,-1
175,89,98.6,383.5,34.5,37.6,1,-1,-1,-1
175,90,-0.2,283.7,24.9,84.8,1,-1,-1,-1
175,91,668.4,289.6,34.8,81.6,1,-1,-1,-1
176,2,179.4,436.8,55.0,71.2,1,-1,-1,-1
176,3,262.0,310.7,47.9,50.1,1,-1,-1,-1
176,4,264.4,481.2,64.2,77.1,1,-1,-1,-1
176,5,881.5,389.7,37.6,96.8,1,-1,-1,-1
176,6,333.3,394.7,40.9,98.0,1,-1,-1,-1
176,7,424.6,419.7,42.5,103.2,1,-1,-1,-1
176,8,623.3,251.6,26.2,52.9,1,-1,-1,-1
176,12,228.0,314.5,26.8,61.5,1,-1,-1,-1
176,14,822.7,341.5,34.4,90.9,1,-1,-1,-1
176,15,647.1,245.6,28.7,54.2,1,-1,-1,-1
176,16,391.2,242.6,27.7,65.9,1,-1,-1,-1
176,17,845.6,267.0,33.9,40.9,1,-1,-1,-1
176,18,283.1,398.1,49.6,100.1,1,-1,-1,-1
176,21,578.2,334.3,37.9,91.3,1,-1,-1,-1
176,22,628.3,319.2,27.2,84.1,1,-1,-1,-1
176,23,370.8,203.8,18.3,38.2,1,-1,-1,-1
176,24,766.5,193.9,23.8,56.3,1,-1,-1,-1
176,25,450.5,174.5,18.7,53.1,1,-1,-1,-1
176,26,896.5,167.8,22.2,49.5,1,-1,-1,-1
176,29,606.1,176.4,25.4,38.2,1,-1,-1,-1
176,30,435.0,239.7,20.1,36.9,1,-1,-1,-1
176,33,439.6,271.9,16.5,33.9,1,-1,-1,-1
176,37,297.4,496.2,57.9,75.4,1,-1,-1,-1
176,40,380.9,230.1,20.6,46.4,1,-1,-1,-1
176,41,558.8,648.3,58.3,105.8,1,-1,-1,-1
176,43,542.2,704.6,39.1,74.8,1,-1,-1,-1
176,47,693.0,315.3,28.5,79.2,1,-1,-1,-1
176,51,102.0,365.1,74.0,55.6,1,-1,-1,-1
176,53,161.2,167.9,19.6,39.8,1,-1,-1,-1
176,60,641.7,725.2,37.3,30.9,1,-1,-1,-1
176,64,245.4,312.2,25.6,38.5,1,-1,-1,-1
176,69,60.1,392.0,37.8,43.8,1,-1,-1,-1
176,71,404.5,574.6,82.8,65.4,1,-1,-1,-1
176,72,149.3,114.5,18.5,34.7,1,-1,-1,-1
176,73,727.8,345.7,32.3,89.0,1,-1,-1,-1
176,78,360.8,555.4,66.9,84.9,1,-1,-1,-1
176,79,179.6,510.3,62.0,125.0,1,-1,-1,-1
176,81,15.7,359.8,53.5,54.5,1,-1,-1,-1
176,83,454.7,246.9,16.7,38.8,1,-1,-1,-1
176,84,40.2,336.6,40.2,44.0,1,-1,-1,-1
176,87,915.8,182.9,17.0,33.5,1,-1,-1,-1
176,89,99.9,382.9,34.2,37.6,1,-1,-1,-1
176,90,-0.2,282.7,26.1,84.5,1,-1,-1,-1
176,91,671.1,291.0,39.2,79.2,1,-1,-1,-1
176,92,410.6,242.2,18.8,36.0,1,-1,-1,-1
177,2,179.3,436.7,57.1,73.4,1,-1,-1,-1
177,3,262.7,309.1,48.5,50.6,1,-1,-1,-1
177,4,264.4,481.9,65.4,75.8,1,-1,-1,-1
177,5,884.5,394.7,36.7,93.4,1,-1,-1,-1
177,6,334.7,394.5,40.4,101.7,1,-1,-1,-1
177,7,424.5,420.1,41.1,103.2,1,-1,-1,-1
177,8,624.2,251.4,26.4,52.8,1,-1,-1,-1
177,12,227.3,312.9,28.5,63.3,1,-1,-1,-1
177,14,826.1,341.2,34.5,91.3,1,-1,-1,-1
177,15,648.2,245.8,28.3,54.7,1,-1,-1,-1
177,16,391.4,242.6,27.7,65.5,1,-1,-1,-1
177,17,847.7,267.2,33.8,41.6,1,-1,-1,-1
177,18,282.4,396.9,51.0,102.2,1,-1,-1,-1
177,21,581.3,333.4,36.5,91.5,1,-1,-1,-1
177,22,628.7,318.6,26.1,83.8,1,-1,-1,-1
177,23,375.8,205.1,18.6,37.6,1,-1,-1,-1
177,24,768.4,194.8,23.7,54.4,1,-1,-1,-1
177,25,452.8,174.6,18.5,53.0,1,-1,-1,-1
177,26,901.3,168.2,21.6,47.5,1,-1,-1,-1
177,29,609.4,177.0,24.7,38.1,1,-1,-1,-1
177,30,438.0,240.1,19.4,37.2,1,-1,-1,-1
177,33,442.0,272.1,16.9,33.9,1,-1,-1,-1
177,37,296.7,500.3,59.3,72.3,1,-1,-1,-1
177,40,382.2,230.1,20.8,47.2,1,-1,-1,-1
177,41,559.1,648.2,57.7,105.9,1,-1,-1,-1
177,47,693.4,314.7,29.4,80.5,1,-1,-1,-1
177,51,97.8,364.9,80.9,56.1,1,-1,-1,-1
177,53,164.2,167.4,18.7,40.3,1,-1,-1,-1
177,60,637.8,725.2,35.1,30.7,1,-1,-1,-1
177,64,248.0,312.6,24.7,37.9,1,-1,-1,-1
177,69,62.2,392.1,37.1,43.4,1,-1,-1,-1
177,71,405.1,575.0,81.8,65.1,1,-1,-1,-1
177,72,152.3,111.6,18.8,36.5,1,-1,-1,-1
177,73,733.4,350.5,27.6,82.8,1,-1,-1,-1
177,78,360.0,554.2,67.0,86.7,1,-1,-1,-1
177,79,175.7,507.3,64.5,126.0,1,-1,-1,-1
177,81,18.1,359.9,51.7,53.3,1,-1,-1,-1
177,83,455.4,248.2,16.7,38.3,1,-1,-1,-1
177,84,41.7,335.9,40.3,44.4,1,-1,-1,-1
177,87,917.2,182.2,17.1,33.4,1,-1,-1,-1
177,90,0.1,281.8,28.7,84.4,1,-1,-1,-1
177,91,671.2,290.7,41.1,79.0,1,-1,-1,-1
177,92,411.2,241.7,18.5,36.3,1,-1,-1,-1
177,93,521.4,635.8,62.7,118.7,1,-1,-1,-1
178,2,178.6,436.6,57.2,72.9,1,-1,-1,-1
178,3,264.4,308.8,48.3,50.6,1,-1,-1,-1
178,4,263.8,482.0,66.2,75.7,1,-1,-1,-1
178,5,884.6,392.1,36.1,95.8,1,-1,-1,-1
178,6,335.2,393.7,40.8,104.4,1,-1,-1,-1
178,7,424.2,419.9,42.3,103.4,1,-1,-1,-1
178,8,625.7,250.3,25.6,52.9,1,-1,-1,-1
178,12,231.5,313.4,27.4,61.7,1,-1,-1,-1
178,14,828.4,341.5,35.5,91.0,1,-1,-1,-1
178,15,650.7,245.8,27.8,54.4,1,-1,-1,-1
178,16,392.6,241.9,29.2,66.2,1,-1,-1,-1
178,17,851.1,268.2,31.7,40.7,1,-1,-1,-1
178,18,283.7,397.0,50.6,103.7,1,-1,-1,-1
178,21,584.6,333.4,35.3,90.5,1,-1,-1,-1
178,22,629.2,318.1,25.8,84.1,1,-1,-1,-1
178,23,378.1,205.0,18.5,37.7,1,-1,-1,-1
178,24,766.2,193.8,25.6,56.9,1,-1,-1,-1
178,25,455.2,174.7,18.2,52.8,1,-1,-1,-1
178,26,903.0,168.5,22.8,48.8,1,-1,-1,-1
178,29,610.2,176.7,24.1,37.3,1,-1,-1,-1
178,30,439.0,240.4,19.8,36.7,1,-1,-1,-1
178,33,443.6,271.8,16.5,34.2,1,-1,-1,-1
178,40,383.4,230.2,20.9,47.8,1,-1,-1,-1
178,41,557.0,647.7,57.1,105.8,1,-1,-1,-1
178,47,694.0,314.1,30.6,83.5,1,-1,-1,-1
178,51,99.4,364.4,83.3,56.6,1,-1,-1,-1
178,53,167.5,166.8,18.0,40.5,1,-1,-1,-1
178,60,636.4,725.2,34.0,30.7,1,-1,-1,-1
178,64,250.2,312.9,24.2,36.3,1,-1,-1,-1
178,69,64.3,392.6,35.6,42.4,1,-1,-1,-1
178,71,405.9,574.6,80.5,65.4,1,-1,-1,-1
178,72,155.6,110.3,19.2,37.5,1,-1,-1,-1
178,73,735.4,353.5,25.6,80.2,1,-1,-1,-1
178,78,359.7,553.9,67.3,86.8,1,-1,-1,-1
178,79,172.9,502.3,65.0,126.6,1,-1,-1,-1
178,81,19.5,359.3,53.0,53.7,1,-1,-1,-1
178,83,457.1,248.2,16.4,38.0,1,-1,-1,-1
178,84,43.7,335.7,41.6,44.5,1,-1,-1,-1
178,87,918.7,181.9,16.8,34.5,1,-1,-1,-1
178,90,0.3,283.1,31.1,78.3,1,-1,-1,-1
178,91,671.5,290.0,39.6,79.2,1,-1,-1,-1
178,92,411.5,241.0,18.4,36.5,1,-1,-1,-1
178,93,514.2,626.7,68.5,127.5,1,-1,-1,-1
179,2,187.5,438.9,55.7,67.5,1,-1,-1,-1
179,3,265.9,310.6,47.1,50.2,1,-1,-1,-1
179,4,264.3,481.7,66.0,75.8,1,-1,-1,-1
179,5,885.7,392.5,35.9,96.8,1,-1,-1,-1
179,6,335.7,392.7,42.0,105.8,1,-1,-1,-1
179,7,426.5,421.4,43.7,104.6,1,-1,-1,-1
179,8,627.7,250.9,26.2,52.6,1,-1,-1,-1
179,12,233.0,313.8,27.2,60.8,1,-1,-1,-1
179,14,832.4,344.4,37.2,85.9,1,-1,-1,-1
179,15,652.2,246.6,27.0,53.7,1,-1,-1,-1
179,16,393.5,241.3,30.6,66.4,1,-1,-1,-1
179,17,850.9,267.9,31.5,40.5,1,-1,-1,-1
179,18,284.3,396.8,50.3,104.6,1,-1,-1,-1
179,21,588.9,335.2,34.0,88.6,1,-1,-1,-1
179,22,630.4,318.0,27.6,84.2,1,-1,-1,-1
179,23,379.6,204.6,18.3,38.1,1,-1,-1,-1
179,24,767.6,193.7,25.8,57.9,1,-1,-1,-1
179,25,456.7,174.7,18.7,53.0,1,-1,-1,-1
179,26,906.1,169.1,22.3,50.0,1,-1,-1,-1
179,29,612.1,177.3,24.1,36.9,1,-1,-1,-1
179,30,440.7,240.4,21.4,36.6,1,-1,-1,-1
179,33,444.6,270.0,16.9,35.4,1,-1,-1,-1
179,41,555.3,647.9,56.1,105.1,1,-1,-1,-1
179,47,692.8,313.4,34.2,85.6,1,-1,-1,-1
179,51,102.5,363.6,81.0,57.1,1,-1,-1,-1
179,53,172.0,167.9,17.5,39.2,1,-1,-1,-1
179,60,635.9,727.0,35.6,29.3,1,-1,-1,-1
179,64,251.2,312.6,25.9,38.8,1,-1,-1,-1
179,69,66.6,393.0,34.0,41.9,1,-1,-1,-1
179,71,404.2,574.0,80.8,65.9,1,-1,-1,-1
179,72,158.0,109.8,19.4,38.3,1,-1,-1,-1
179,73,736.0,354.0,25.5,76.1,1,-1,-1,-1
179,78,359.7,554.0,67.5,86.0,1,-1,-1,-1
179,79,169.5,497.6,62.0,124.9,1,-1,-1,-1
179,81,20.3,358.3,53.8,54.4,1,-1,-1,-1
179,83,458.8,247.9,16.3,38.2,1,-1,-1,-1
179,84,45.8,335.8,42.0,46.1,1,-1,-1,-1
179,87,922.8,182.3,16.2,35.3,1,-1,-1,-1
179,90,0.2,283.5,34.0,81.1,1,-1,-1,-1
179,91,672.9,290.2,38.7,79.5,1,-1,-1,-1
180,2,190.6,440.0,54.2,65.1,1,-1,-1,-1
180,3,266.6,310.3,46.9,50.5,1,-1,-1,-1
180,4,265.5,481.4,64.3,75.6,1,-1,-1,-1
180,5,886.1,393.9,36.3,96.2,1,-1,-1,-1
180,6,335.9,392.1,42.4,106.5,1,-1,-1,-1
180,7,429.6,421.0,41.9,103.9,1,-1,-1,-1
180,8,629.6,250.5,27.1,54.1,1,-1,-1,-1
180,12,231.8,310.5,27.8,64.2,1,-1,-1,-1
180,14,835.9,342.9,37.5,86.1,1,-1,-1,-1
180,15,654.6,247.8,25.5,51.9,1,-1,-1,-1
180,16,394.5,241.3,30.8,66.3,1,-1,-1,-1
180,17,853.3,269.2,32.5,40.0,1,-1,-1,-1
180,18,284.6,396.4,49.7,103.7,1,-1,-1,-1
180,21,593.0,336.9,32.7,87.6,1,-1,-1,-1
180,22,630.2,317.9,29.2,84.1,1,-1,-1,-1
180,23,381.5,203.5,18.0,38.1,1,-1,-1,-1
180,24,772.1,195.0,24.3,54.5,1,-1,-1,-1
180,25,458.2,174.7,18.7,52.8,1,-1,-1,-1
180,26,904.4,168.9,23.0,50.0,1,-1,-1,-1
180,29,615.2,177.4,23.8,36.7,1,-1,-1,-1
180,30,441.6,239.9,21.9,36.8,1,-1,-1,-1
180,33,445.8,269.9,17.6,35.5,1,-1,-1,-1
180,37,298.2,498.9,55.2,78.1,1,-1,-1,-1
180,40,385.5,227.2,19.0,39.4,1,-1,-1,-1
180,41,554.0,648.2,55.3,105.2,1,-1,-1,-1
180,47,693.2,313.4,35.4,86.8,1,-1,-1,-1
180,51,104.4,376.4,68.5,46.1,1,-1,-1,-1
180,53,174.7,167.3,17.5,38.9,1,-1,-1,-1
180,60,632.9,728.0,37.7,28.1,1,-1,-1,-1
180,64,252.8,313.4,26.4,39.4,1,-1,-1,-1
180,69,67.7,392.7,34.8,42.5,1,-1,-1,-1
180,71,403.1,573.6,82.0,66.4,1,-1,-1,-1
180,72,161.2,109.6,19.3,38.4,1,-1,-1,-1
180,73,736.1,356.1,26.0,76.3,1,-1,-1,-1
180,78,359.8,554.2,67.2,85.0,1,-1,-1,-1
180,79,166.6,495.6,60.5,121.3,1,-1,-1,-1
180,81,22.2,357.4,53.8,54.8,1,-1,-1,-1
180,83,459.7,247.9,16.5,37.6,1,-1,-1,-1
180,84,48.3,335.6,40.8,47.5,1,-1,-1,-1
180,87,924.4,182.3,16.4,35.8,1,-1,-1,-1
180,90,0.4,283.8,34.9,77.5,1,-1,-1,-1
180,91,674.4,290.2,37.4,80.0,1,-1,-1,-1
180,92,416.6,242.6,21.7,37.1,1,-1,-1,-1
180,93,522.9,679.3,50.7,78.3,1,-1,-1,-1
181,2,191.3,440.3,54.0,62.6,1,-1,-1,-1
181,3,267.5,310.2,46.9,50.4,1,-1,-1,-1
181,4,266.4,480.7,63.2,75.5,1,-1,-1,-1
181,5,887.7,395.4,37.8,95.4,1,-1,-1,-1
181,6,336.2,392.2,43.3,106.2,1,-1,-1,-1
181,7,431.1,421.5,40.6,106.2,1,-1,-1,-1
181,8,630.7,250.1,27.3,55.0,1,-1,-1,-1
181,12,235.9,311.5,29.2,62.1,1,-1,-1,-1
181,14,840.7,344.2,37.9,83.7,1,-1,-1,-1
181,15,654.8,248.9,25.6,51.3,1,-1,-1,-1
181,16,396.0,241.6,29.8,65.7,1,-1,-1,-1
181,17,856.3,270.0,32.2,39.8,1,-1,-1,-1
181,18,285.1,396.2,49.6,102.9,1,-1,-1,-1
181,21,595.1,339.6,32.2,86.7,1,-1,-1,-1
181,22,630.2,318.9,29.8,83.0,1,-1,-1,-1
181,23,382.6,203.2,18.2,38.9,1,-1,-1,-1
181,24,773.6,192.7,25.1,58.6,1,-1,-1,-1
181,25,460.7,174.6,19.1,53.2,1,-1,-1,-1
181,26,907.1,169.2,22.1,50.3,1,-1,-1,-1
181,29,619.5,175.3,20.6,32.9,1,-1,-1,-1
181,30,442.4,239.5,21.5,37.0,1,-1,-1,-1
181,33,448.2,271.3,17.8,34.2,1,-1,-1,-1
181,37,302.0,506.2,52.7,63.4,1,-1,-1,-1
181,40,387.2,223.0,18.4,37.0,1,-1,-1,-1
181,41,551.9,648.4,56.2,105.9,1,-1,-1,-1
181,47,697.8,315.5,33.0,85.1,1,-1,-1,-1
181,51,101.9,388.6,62.7,40.8,1,-1,-1,-1
181,53,178.6,165.4,17.0,38.9,1,-1,-1,-1
181,60,631.2,728.1,38.4,27.8,1,-1,-1,-1
181,69,67.9,393.1,37.3,42.6,1,-1,-1,-1
181,71,403.0,573.6,82.3,66.5,1,-1,-1,-1
181,72,163.5,108.7,19.0,38.7,1,-1,-1,-1
181,73,736.1,355.8,27.2,74.8,1,-1,-1,-1
181,78,359.6,554.0,67.0,84.2,1,-1,-1,-1
181,79,163.8,489.9,59.7,117.9,1,-1,-1,-1
181,81,24.8,357.3,52.4,54.4,1,-1,-1,-1
181,83,462.8,246.9,16.9,38.3,1,-1,-1,-1
181,84,33.8,335.1,54.9,48.0,1,-1,-1,-1
181,87,925.4,183.4,17.5,36.1,1,-1,-1,-1
181,90,1.4,284.3,37.1,75.8,1,-1,-1,-1
181,91,676.8,293.4,34.3,76.7,1,-1,-1,-1
181,92,417.0,242.4,21.7,37.1,1,-1,-1,-1
181,93,515.8,729.5,47.6,62.8,1,-1,-1,-1
181,94,11.7,336.7,31.3,46.5,1,-1,-1,-1
181,95,0.0,440.3,19.7,49.1,1,-1,-1,-1
182,2,191.6,440.2,53.1,62.8,1,-1,-1,-1
182,3,268.8,310.0,47.2,50.2,1,-1,-1,-1
182,4,267.0,480.8,62.7,74.3,1,-1,-1,-1
182,5,888.3,397.4,38.9,94.6,1,-1,-1,-1
182,6,336.3,392.6,43.5,106.0,1,-1,-1,-1
182,7,431.4,420.2,41.9,106.2,1,-1,-1,-1
182,8,631.1,249.3,28.2,55.9,1,-1,-1,-1
182,12,237.1,312.1,29.2,61.0,1,-1,-1,-1
182,14,844.6,339.4,39.6,87.5,1,-1,-1,-1
182,15,656.3,247.9,25.1,52.7,1,-1,-1,-1
182,16,397.1,241.6,29.1,65.9,1,-1,-1,-1
182,17,855.7,268.8,32.1,39.7,1,-1,-1,-1
182,18,286.1,396.4,49.6,102.6,1,-1,-1,-1
182,21,595.8,340.1,33.6,87.1,1,-1,-1,-1
182,22,627.9,316.5,32.7,85.2,1,-1,-1,-1
182,23,385.5,203.7,18.2,38.4,1,-1,-1,-1
182,24,775.9,193.8,24.8,59.3,1,-1,-1,-1
182,25,462.9,174.5,19.1,52.9,1,-1,-1,-1
182,26,908.6,170.2,21.3,50.0,1,-1,-1,-1
182,29,620.4,178.9,23.0,37.5,1,-1,-1,-1
182,30,444.4,239.6,21.1,36.9,1,-1,-1,-1
182,33,451.5,271.6,17.5,33.8,1,-1,-1,-1
182,37,306.1,507.8,49.0,57.8,1,-1,-1,-1
182,41,551.5,648.5,56.1,107.3,1,-1,-1,-1
182,47,698.4,315.2,34.0,84.9,1,-1,-1,-1
182,53,182.5,164.7,16.0,38.2,1,-1,-1,-1
182,60,629.5,729.0,39.0,27.0,1,-1,-1,-1
182,69,69.8,391.4,37.2,43.1,1,-1,-1,-1
182,71,401.9,573.4,82.4,66.6,1,-1,-1,-1
182,72,166.6,113.8,18.4,35.3,1,-1,-1,-1
182,73,736.0,356.2,28.8,76.2,1,-1,-1,-1
182,78,359.2,554.1,66.9,83.6,1,-1,-1,-1
182,79,162.6,488.4,58.6,115.3,1,-1,-1,-1
182,81,29.2,356.9,50.7,54.8,1,-1,-1,-1
182,83,465.2,246.6,16.6,38.7,1,-1,-1,-1
182,84,46.3,334.3,47.0,46.5,1,-1,-1,-1
182,87,925.5,182.2,18.0,36.6,1,-1,-1,-1
182,90,0.8,283.0,38.5,77.5,1,-1,-1,-1
182,91,678.8,294.9,32.5,74.5,1,-1,-1,-1
182,92,418.9,242.0,21.0,37.1,1,-1,-1,-1
182,94,18.8,337.6,33.9,48.2,1,-1,-1,-1
182,95,-0.4,435.2,20.3,52.5,1,-1,-1,-1
182,96,103.6,363.4,84.4,55.4,1,-1,-1,-1
182,97,522.8,645.2,50.8,106.1,1,-1,-1,-1
183,2,192.4,440.1,52.4,63.5,1,-1,-1,-1
183,3,269.6,310.2,48.1,49.1,1,-1,-1,-1
183,4,266.1,480.3,63.9,74.9,1,-1,-1,-1
183,5,893.4,403.7,37.1,89.9,1,-1,-1,-1
183,6,336.4,393.0,43.5,105.3,1,-1,-1,-1
183,7,431.2,422.0,46.6,104.6,1,-1,-1,-1
183,8,632.1,249.1,28.0,55.9,1,-1,-1,-1
183,12,237.9,311.7,29.4,61.7,1,-1,-1,-1
183,14,848.8,338.5,39.0,88.7,1,-1,-1,-1
183,15,657.0,247.5,25.1,53.3,1,-1,-1,-1
183,16,397.2,242.1,29.2,65.6,1,-1,-1,-1
183,17,857.0,267.9,32.5,40.2,1,-1,-1,-1
183,18,287.0,396.3,48.1,102.0,1,-1,-1,-1
183,21,596.6,341.2,34.3,86.5,1,-1,-1,-1
183,22,629.2,318.4,32.0,83.3,1,-1,-1,-1
183,23,386.3,203.1,18.5,39.5,1,-1,-1,-1
183,24,776.5,194.8,25.0,58.7,1,-1,-1,-1
183,25,464.2,174.6,18.9,52.4,1,-1,-1,-1
183,26,908.8,170.2,21.3,50.7,1,-1,-1,-1
183,29,623.1,176.5,19.4,34.8,1,-1,-1,-1
183,30,446.1,239.9,21.1,36.8,1,-1,-1,-1
183,33,452.8,271.5,17.7,34.1,1,-1,-1,-1
183,37,309.9,507.1,45.7,59.6,1,-1,-1,-1
183,41,550.5,648.0,56.2,108.1,1,-1,-1,-1
183,47,699.5,316.6,34.6,84.4,1,-1,-1,-1
183,53,186.4,162.6,16.5,40.3,1,-1,-1,-1
183,60,627.6,729.6,39.8,26.3,1,-1,-1,-1
183,64,253.8,314.3,30.3,47.5,1,-1,-1,-1
183,69,72.2,390.5,36.2,43.2,1,-1,-1,-1
183,71,401.6,573.6,82.2,66.5,1,-1,-1,-1
183,72,169.7,109.9,18.9,37.3,1,-1,-1,-1
183,73,735.1,356.8,31.2,78.1,1,-1,-1,-1
183,78,358.6,554.4,67.0,83.2,1,-1,-1,-1
183,79,159.0,490.0,62.4,112.4,1,-1,-1,-1
183,81,31.0,356.3,50.2,54.9,1,-1,-1,-1
183,83,466.3,247.2,16.5,38.8,1,-1,-1,-1
183,84,52.8,334.2,41.8,45.6,1,-1,-1,-1
183,87,933.2,182.9,18.0,37.5,1,-1,-1,-1
183,90,2.1,280.6,40.8,80.6,1,-1,-1,-1
183,91,680.0,295.5,32.3,73.7,1,-1,-1,-1
183,92,420.3,241.8,20.8,37.2,1,-1,-1,-1
183,94,20.4,338.6,34.9,49.4,1,-1,-1,-1
183,96,105.0,363.0,85.4,55.9,1,-1,-1,-1
183,97,521.3,641.8,52.3,106.5,1,-1,-1,-1
184,2,192.5,439.9,53.0,62.8,1,-1,-1,-1
184,3,271.0,310.2,48.8,49.1,1,-1,-1,-1
184,4,266.2,479.6,63.8,75.4,1,-1,-1,-1
184,5,895.3,406.3,34.8,84.9,1,-1,-1,-1
184,6,336.7,393.0,43.8,104.7,1,-1,-1,-1
184,7,431.2,423.3,49.1,103.2,1,-1,-1,-1
184,8,633.8,250.5,26.9,54.4,1,-1,-1,-1
184,12,238.7,310.0,28.6,61.1,1,-1,-1,-1
184,14,852.5,336.0,38.9,91.9,1,-1,-1,-1
184,15,658.4,247.3,27.5,53.5,1,-1,-1,-1
184,16,396.9,242.2,30.4,65.3,1,-1,-1,-1
184,17,857.4,267.8,33.4,40.6,1,-1,-1,-1
184,18,288.8,396.4,47.8,101.9,1,-1,-1,-1
184,21,598.5,342.5,35.7,85.7,1,-1,-1,-1
184,22,629.8,319.2,31.8,80.9,1,-1,-1,-1
184,23,386.0,201.4,18.7,39.7,1,-1,-1,-1
184,24,776.6,194.9,26.3,59.1,1,-1,-1,-1
184,25,466.4,175.0,18.5,52.5,1,-1,-1,-1
184,26,908.3,170.7,21.3,50.1,1,-1,-1,-1
184,29,622.0,178.2,23.2,38.9,1,-1,-1,-1
184,30,448.6,240.2,20.6,36.7,1,-1,-1,-1
184,33,455.2,272.2,17.0,33.2,1,-1,-1,-1
184,37,307.2,501.4,49.8,71.2,1,-1,-1,-1
184,41,546.4,674.5,54.2,84.8,1,-1,-1,-1
184,47,701.8,318.8,34.2,84.0,1,-1,-1,-1
184,53,189.2,161.8,16.7,40.4,1,-1,-1,-1
184,64,253.2,313.0,32.2,50.8,1,-1,-1,-1
184,69,74.2,390.3,35.3,43.1,1,-1,-1,-1
184,71,402.7,573.5,80.1,66.5,1,-1,-1,-1
184,72,172.4,114.0,19.1,34.3,1,-1,-1,-1
184,73,733.4,357.2,33.6,79.2,1,-1,-1,-1
184,78,358.2,554.6,67.2,83.0,1,-1,-1,-1
184,79,155.8,489.5,65.2,111.0,1,-1,-1,-1
184,81,32.4,356.7,51.5,54.2,1,-1,-1,-1
184,83,466.9,247.8,16.5,38.0,1,-1,-1,-1
184,84,54.4,334.4,40.2,45.4,1,-1,-1,-1
184,87,941.0,183.5,18.3,38.2,1,-1,-1,-1
184,90,4.7,279.9,41.1,82.3,1,-1,-1,-1
184,91,681.9,300.2,32.5,71.4,1,-1,-1,-1
184,92,421.5,242.0,20.2,36.9,1,-1,-1,-1
184,94,22.3,340.8,36.2,50.4,1,-1,-1,-1
184,96,107.1,362.8,84.8,55.6,1,-1,-1,-1
184,97,520.6,668.1,47.4,81.8,1,-1,-1,-1
184,98,1139.9,243.2,12.1,44.3,1,-1,-1,-1
185,2,192.7,439.8,53.7,62.6,1,-1,-1,-1
185,3,273.9,309.6,47.8,49.6,1,-1,-1,-1
185,4,266.1,478.5,63.8,76.2,1,-1,-1,-1
185,5,895.6,408.4,33.7,84.0,1,-1,-1,-1
185,6,336.8,392.9,44.3,104.2,1,-1,-1,-1
185,7,434.4,420.9,47.6,104.8,1,-1,-1,-1
185,8,634.9,251.1,26.1,53.2,1,-1,-1,-1
185,12,238.9,308.4,28.6,62.8,1,-1,-1,-1
185,14,856.2,340.9,40.7,88.5,1,-1,-1,-1
185,15,657.9,248.0,27.4,53.5,1,-1,-1,-1
185,16,396.8,239.9,30.9,67.9,1,-1,-1,-1
185,17,857.2,268.5,34.1,40.9,1,-1,-1,-1
185,18,288.5,396.3,47.6,101.7,1,-1,-1,-1
185,21,599.8,343.4,37.0,85.6,1,-1,-1,-1
185,22,629.9,320.0,31.2,79.9,1,-1,-1,-1
185,23,386.4,202.6,18.0,38.7,1,-1,-1,-1
185,24,777.4,196.2,26.3,57.5,1,-1,-1,-1
185,25,467.8,174.9,18.8,52.9,1,-1,-1,-1
185,26,908.3,170.8,21.9,50.7,1,-1,-1,-1
185,29,623.1,176.3,19.7,36.2,1,-1,-1,-1
185,30,449.2,240.5,20.7,36.9,1,-1,-1,-1
185,33,456.4,272.3,16.9,33.0,1,-1,-1,-1
185,37,305.4,499.3,51.4,77.0,1,-1,-1,-1
185,41,546.3,682.1,52.3,74.4,1,-1,-1,-1
185,47,704.3,321.3,33.4,83.0,1,-1,-1,-1
185,53,192.1,162.9,17.2,39.4,1,-1,-1,-1
185,64,257.1,309.1,30.2,44.9,1,-1,-1,-1
185,69,76.6,390.8,33.5,42.1,1,-1,-1,-1
185,71,396.7,573.2,82.5,66.7,1,-1,-1,-1
185,72,174.6,115.8,19.3,32.1,1,-1,-1,-1
185,73,729.6,358.5,36.8,79.2,1,-1,-1,-1
185,78,357.4,554.4,67.8,83.1,1,-1,-1,-1
185,79,149.4,484.9,68.9,112.1,1,-1,-1,-1
185,81,32.4,356.6,52.9,53.1,1,-1,-1,-1
185,83,468.0,247.3,16.7,37.9,1,-1,-1,-1
185,84,56.5,334.5,39.3,46.2,1,-1,-1,-1
185,90,5.9,280.0,40.8,82.2,1,-1,-1,-1
185,91,682.8,300.5,32.6,72.3,1,-1,-1,-1
185,92,422.5,242.3,19.8,36.1,1,-1,-1,-1
185,96,109.0,363.6,83.0,54.6,1,-1,-1,-1
185,97,516.5,705.1,45.0,67.9,1,-1,-1,-1
185,98,1141.0,246.7,10.4,41.3,1,-1,-1,-1
186,2,192.7,439.3,53.9,62.7,1,-1,-1,-1
186,3,275.4,308.1,47.5,49.4,1,-1,-1,-1
186,4,265.5,478.0,64.0,76.9,1,-1,-1,-1
186,5,895.8,408.7,34.6,84.2,1,-1,-1,-1
186,6,337.0,393.2,44.4,104.0,1,-1,-1,-1
186,7,433.8,422.3,47.2,104.0,1,-1,-1,-1
186,8,635.6,252.2,25.8,52.0,1,-1,-1,-1
186,12,242.6,308.8,28.6,61.1,1,-1,-1,-1
186,14,860.4,341.8,38.4,85.4,1,-1,-1,-1
186,15,658.4,248.9,27.2,52.5,1,-1,-1,-1
186,16,397.1,241.1,30.0,67.1,1,-1,-1,-1
186,17,858.2,269.8,34.3,39.9,1,-1,-1,-1
186,18,289.2,396.2,47.7,101.7,1,-1,-1,-1
186,21,600.6,344.1,38.2,86.2,1,-1,-1,-1
186,22,629.4,320.5,31.3,79.3,1,-1,-1,-1
186,23,384.5,201.4,18.4,37.9,1,-1,-1,-1
186,24,781.3,198.7,24.5,52.9,1,-1,-1,-1
186,25,468.9,175.0,18.7,52.9,1,-1,-1,-1
186,26,911.3,173.6,22.7,48.8,1,-1,-1,-1
186,29,625.4,178.8,23.7,39.9,1,-1,-1,-1
186,30,449.9,240.5,20.6,37.4,1,-1,-1,-1
186,33,457.2,272.4,17.0,33.0,1,-1,-1,-1
186,37,303.5,497.6,53.1,80.0,1,-1,-1,-1
186,41,544.0,656.8,53.2,92.4,1,-1,-1,-1
186,47,707.0,319.8,34.6,84.5,1,-1,-1,-1
186,53,195.3,163.5,17.6,38.2,1,-1,-1,-1
186,64,260.2,308.2,27.2,40.4,1,-1,-1,-1
186,69,77.3,390.4,33.2,41.5,1,-1,-1,-1
186,71,394.5,573.0,84.1,67.0,1,-1,-1,-1
186,72,177.1,116.5,19.2,31.1,1,-1,-1,-1
186,73,726.1,359.6,40.3,79.4,1,-1,-1,-1
186,78,356.4,554.1,68.5,83.0,1,-1,-1,-1
186,79,142.6,483.0,65.0,111.3,1,-1,-1,-1
186,81,33.0,356.4,53.6,51.7,1,-1,-1,-1
186,83,468.7,247.8,16.9,37.2,1,-1,-1,-1
186,84,56.8,334.3,40.0,47.7,1,-1,-1,-1
186,90,8.9,280.5,38.4,77.5,1,-1,-1,-1
186,91,683.5,299.9,32.4,73.4,1,-1,-1,-1
186,92,424.1,242.7,19.8,35.2,1,-1,-1,-1
186,96,109.8,363.7,82.0,54.3,1,-1,-1,-1
186,100,935.8,185.4,17.5,33.7,1,-1,-1,-1
186,101,624.6,733.6,15.4,22.4,1,-1,-1,-1
187,2,192.9,438.9,53.8,62.4,1,-1,-1,-1
187,3,278.3,310.6,48.4,49.8,1,-1,-1,-1
187,4,265.4,476.4,63.7,78.2,1,-1,-1,-1
187,5,896.0,409.2,34.6,84.5,1,-1,-1,-1
187,6,337.2,393.4,43.9,104.1,1,-1,-1,-1
187,7,434.6,421.8,46.0,104.5,1,-1,-1,-1
187,8,636.5,251.0,26.1,53.3,1,-1,-1,-1
187,12,246.0,310.6,28.4,59.4,1,-1,-1,-1
187,14,861.8,341.4,39.7,82.8,1,-1,-1,-1
187,15,660.5,248.5,26.4,52.5,1,-1,-1,-1
187,16,397.7,238.5,28.3,69.5,1,-1,-1,-1
187,17,859.1,269.2,34.4,40.7,1,-1,-1,-1
187,18,289.0,396.3,48.8,101.9,1,-1,-1,-1
187,21,601.5,345.0,37.9,88.8,1,-1,-1,-1
187,22,628.6,321.1,31.2,79.5,1,-1,-1,-1
187,23,383.2,199.7,19.2,37.3,1,-1,-1,-1
187,24,781.6,198.5,23.4,53.8,1,-1,-1,-1
187,25,469.3,173.4,19.4,55.5,1,-1,-1,-1
187,26,915.3,174.4,23.0,48.5,1,-1,-1,-1
187,29,627.1,178.8,24.7,39.8,1,-1,-1,-1
187,30,451.5,240.3,21.7,37.6,1,-1,-1,-1
187,33,457.5,272.1,17.1,33.3,1,-1,-1,-1
187,37,297.5,495.6,57.8,80.6,1,-1,-1,-1
187,41,541.9,648.2,54.5,102.1,1,-1,-1,-1
187,47,711.7,322.0,31.2,83.8,1,-1,-1,-1
187,53,198.7,163.2,17.6,38.8,1,-1,-1,-1
187,64,262.3,309.4,26.4,38.2,1,-1,-1,-1
187,69,78.0,389.3,33.1,41.9,1,-1,-1,-1
187,71,393.7,572.7,86.1,67.3,1,-1,-1,-1
187,72,179.5,110.7,18.7,35.1,1,-1,-1,-1
187,73,724.7,360.3,42.0,79.8,1,-1,-1,-1
187,78,355.7,554.0,69.1,82.9,1,-1,-1,-1
187,79,138.1,479.9,62.4,113.2,1,-1,-1,-1
187,81,34.0,355.8,53.8,51.2,1,-1,-1,-1
187,83,469.8,247.9,16.7,36.4,1,-1,-1,-1
187,84,59.0,333.8,39.5,47.0,1,-1,-1,-1
187,90,10.2,281.6,38.3,78.1,1,-1,-1,-1
187,91,684.1,299.2,32.4,74.4,1,-1,-1,-1
187,92,426.1,243.1,20.7,35.3,1,-1,-1,-1
187,94,25.4,334.0,35.3,50.5,1,-1,-1,-1
187,96,110.4,362.8,82.5,55.1,1,-1,-1,-1
187,98,1143.6,251.9,8.1,39.3,1,-1,-1,-1
187,100,936.3,184.1,17.3,35.8,1,-1,-1,-1
187,101,617.3,734.4,22.3,21.6,1,-1,-1,-1
188,2,187.9,435.0,52.3,67.7,1,-1,-1,-1
188,3,280.3,310.5,48.1,51.0,1,-1,-1,-1
188,4,264.8,476.6,60.5,78.2,1,-1,-1,-1
188,5,891.6,404.6,37.9,90.8,1,-1,-1,-1
188,6,337.5,393.2,43.4,104.0,1,-1,-1,-1
188,7,436.8,421.0,43.9,105.3,1,-1,-1,-1
188,8,637.1,250.3,26.2,54.2,1,-1,-1,-1
188,12,247.5,310.8,28.2,58.6,1,-1,-1,-1
188,14,863.5,342.2,41.9,81.3,1,-1,-1,-1
188,15,662.6,247.8,25.6,53.3,1,-1,-1,-1
188,16,398.1,238.2,26.7,70.1,1,-1,-1,-1
188,17,859.7,270.5,34.7,40.7,1,-1,-1,-1
188,18,288.7,396.1,49.0,102.0,1,-1,-1,-1
188,21,603.1,345.5,37.1,89.6,1,-1,-1,-1
188,22,627.6,321.3,31.3,80.2,1,-1,-1,-1
188,23,382.1,198.0,19.1,38.4,1,-1,-1,-1
188,24,782.6,197.3,22.5,55.7,1,-1,-1,-1
188,25,471.8,173.8,19.1,54.1,1,-1,-1,-1
188,26,916.2,174.3,22.8,48.3,1,-1,-1,-1
188,29,626.9,178.8,25.5,41.7,1,-1,-1,-1
188,30,452.5,239.8,21.9,37.8,1,-1,-1,-1
188,33,458.8,271.2,17.2,34.0,1,-1,-1,-1
188,37,298.6,493.4,58.1,79.8,1,-1,-1,-1
188,41,541.2,647.2,54.4,106.2,1,-1,-1,-1
188,47,712.1,322.6,34.7,83.0,1,-1,-1,-1
188,53,201.8,162.3,17.6,39.1,1,-1,-1,-1
188,64,263.3,313.1,27.6,37.8,1,-1,-1,-1
188,69,78.9,388.5,33.5,41.8,1,-1,-1,-1
188,71,392.7,572.7,86.3,67.3,1,-1,-1,-1
188,72,181.8,113.7,18.8,32.8,1,-1,-1,-1
188,73,724.7,361.7,41.6,80.4,1,-1,-1,-1
188,78,355.0,554.0,69.6,83.1,1,-1,-1,-1
188,79,135.0,476.4,56.1,114.8,1,-1,-1,-1
188,81,35.5,355.7,53.6,50.5,1,-1,-1,-1
188,83,471.1,247.8,16.6,36.1,1,-1,-1,-1
188,84,59.4,333.3,41.0,46.6,1,-1,-1,-1
188,90,12.4,281.9,38.6,78.1,1,-1,-1,-1
188,91,685.0,298.7,31.9,75.2,1,-1,-1,-1
188,92,426.5,243.0,21.3,35.9,1,-1,-1,-1
188,94,25.2,331.6,35.1,50.8,1,-1,-1,-1
188,96,112.1,361.7,82.6,56.2,1,-1,-1,-1
188,98,1144.0,252.3,7.6,39.6,1,-1,-1,-1
188,100,936.6,184.7,18.4,35.3,1,-1,-1,-1
188,101,615.5,734.8,24.6,21.3,1,-1,-1,-1
188,102,1139.8,164.6,23.1,56.9,1,-1,-1,-1
189,2,187.5,433.6,51.9,69.8,1,-1,-1,-1
189,3,281.5,310.3,47.4,51.3,1,-1,-1,-1
189,4,265.1,477.1,60.3,77.5,1,-1,-1,-1
189,5,894.0,409.6,37.4,87.8,1,-1,-1,-1
189,6,337.5,393.2,42.9,103.8,1,-1,-1,-1
189,7,438.6,416.5,41.9,107.6,1,-1,-1,-1
189,8,638.7,252.0,25.1,53.5,1,-1,-1,-1
189,12,248.7,310.6,27.7,58.8,1,-1,-1,-1
189,14,867.4,342.6,41.8,82.6,1,-1,-1,-1
189,15,663.6,247.3,25.7,53.7,1,-1,-1,-1
189,16,398.1,240.1,25.8,69.2,1,-1,-1,-1
189,17,860.6,271.2,34.6,40.5,1,-1,-1,-1
189,18,289.2,396.1,49.0,101.8,1,-1,-1,-1
189,21,603.6,346.6,36.8,88.5,1,-1,-1,-1
189,22,626.9,321.4,31.2,80.6,1,-1,-1,-1
189,23,381.6,197.7,18.5,37.5,1,-1,-1,-1
189,24,783.4,195.2,22.9,58.5,1,-1,-1,-1
189,25,473.6,174.2,19.0,53.0,1,-1,-1,-1
189,26,912.7,173.0,23.8,48.3,1,-1,-1,-1
189,29,628.5,178.9,25.4,42.2,1,-1,-1,-1
189,30,453.1,240.0,21.8,38.1,1,-1,-1,-1
189,33,459.8,271.6,17.0,33.7,1,-1,-1,-1
189,37,300.2,495.1,55.0,78.4,1,-1,-1,-1
189,41,540.6,648.3,54.7,107.1,1,-1,-1,-1
189,47,714.6,322.8,34.5,82.9,1,-1,-1,-1
189,53,205.9,161.3,16.8,38.3,1,-1,-1,-1
189,64,264.5,314.3,27.4,37.7,1,-1,-1,-1
189,69,79.2,388.6,34.5,41.6,1,-1,-1,-1
189,71,391.9,572.5,86.0,67.5,1,-1,-1,-1
189,72,183.7,110.9,18.6,36.4,1,-1,-1,-1
189,73,726.2,362.5,39.4,80.5,1,-1,-1,-1
189,78,353.1,554.1,70.8,83.3,1,-1,-1,-1
189,79,130.7,474.8,53.2,116.2,1,-1,-1,-1
189,81,37.2,355.3,52.6,50.8,1,-1,-1,-1
189,83,472.9,246.4,17.9,37.9,1,-1,-1,-1
189,84,44.9,333.7,54.1,45.9,1,-1,-1,-1
189,90,14.1,281.2,38.2,76.0,1,-1,-1,-1
189,91,685.4,300.3,31.5,74.7,1,-1,-1,-1
189,92,427.8,243.0,20.7,36.2,1,-1,-1,-1
189,96,116.6,365.7,74.4,51.8,1,-1,-1,-1
189,98,1144.2,252.2,6.7,38.8,1,-1,-1,-1
189,100,934.7,184.1,18.2,36.1,1,-1,-1,-1
189,101,603.5,736.5,59.0,19.6,1,-1,-1,-1
189,102,1141.0,167.6,22.4,52.3,1,-1,-1,-1
190,2,188.1,433.1,51.4,70.1,1,-1,-1,-1
190,3,281.7,309.9,46.7,51.1,1,-1,-1,-1
190,4,264.9,477.0,59.8,76.7,1,-1,-1,-1
190,5,893.0,407.7,38.1,90.0,1,-1,-1,-1
190,6,337.1,393.2,42.3,103.7,1,-1,-1,-1
190,7,439.3,414.5,40.3,109.0,1,-1,-1,-1
190,8,639.3,251.3,25.8,54.1,1,-1,-1,-1
190,12,249.4,310.8,27.3,58.2,1,-1,-1,-1
190,14,872.1,341.4,38.6,83.9,1,-1,-1,-1
190,15,663.7,247.6,26.5,53.4,1,-1,-1,-1
190,16,398.6,241.9,25.7,67.6,1,-1,-1,-1
190,17,861.6,271.2,34.5,40.7,1,-1,-1,-1
190,18,288.6,396.0,49.2,102.0,1,-1,-1,-1
190,21,606.5,352.0,34.0,85.4,1,-1,-1,-1
190,22,626.1,321.6,29.4,81.0,1,-1,-1,-1
190,23,380.0,197.0,18.8,37.5,1,-1,-1,-1
190,24,787.1,198.4,22.4,54.8,1,-1,-1,-1
190,25,473.6,175.2,18.7,52.7,1,-1,-1,-1
190,26,915.6,173.5,23.0,47.6,1,-1,-1,-1
190,29,630.4,178.8,25.6,42.1,1,-1,-1,-1
190,30,453.4,239.9,21.2,38.1,1,-1,-1,-1
190,33,462.8,273.0,16.6,32.8,1,-1,-1,-1
190,37,295.1,492.2,57.4,80.0,1,-1,-1,-1
190,41,540.3,651.8,55.0,110.2,1,-1,-1,-1
190,47,717.8,322.9,33.3,82.0,1,-1,-1,-1
190,53,208.8,159.5,16.9,39.4,1,-1,-1,-1
190,64,265.4,311.6,25.7,37.6,1,-1,-1,-1
190,69,79.0,388.6,35.0,41.3,1,-1,-1,-1
190,71,391.3,573.0,84.8,67.1,1,-1,-1,-1
190,72,185.0,108.0,18.6,39.3,1,-1,-1,-1
190,73,725.9,363.0,37.4,81.0,1,-1,-1,-1
190,78,351.5,553.4,69.7,83.9,1,-1,-1,-1
190,79,129.8,481.6,50.4,107.9,1,-1,-1,-1
190,81,38.5,354.8,51.7,51.1,1,-1,-1,-1
190,83,469.8,247.2,17.8,35.4,1,-1,-1,-1
190,84,57.3,333.6,46.2,47.5,1,-1,-1,-1
190,90,12.8,279.2,37.6,77.6,1,-1,-1,-1
190,91,685.6,300.6,31.4,73.7,1,-1,-1,-1
190,92,428.6,243.2,20.4,36.2,1,-1,-1,-1
190,94,26.7,335.6,32.7,45.3,1,-1,-1,-1
190,96,115.2,361.4,77.7,55.4,1,-1,-1,-1
190,100,931.4,183.3,18.5,36.8,1,-1,-1,-1
190,101,602.6,737.4,52.1,18.7,1,-1,-1,-1
190,102,1141.9,172.9,21.7,48.3,1,-1,-1,-1
191,2,187.7,433.1,51.4,69.8,1,-1,-1,-1
191,3,281.8,309.9,47.0,50.8,1,-1,-1,-1
191,4,264.5,476.3,60.2,76.8,1,-1,-1,-1
191,5,893.2,406.3,40.2,92.5,1,-1,-1,-1
191,6,336.5,393.1,41.2,102.7,1,-1,-1,-1
191,7,439.5,413.9,39.6,108.2,1,-1,-1,-1
191,8,642.2,256.0,24.8,50.0,1,-1,-1,-1
191,12,249.7,310.2,27.5,58.5,1,-1,-1,-1
191,14,873.1,335.6,37.8,88.2,1,-1,-1,-1
191,15,664.3,248.0,26.6,53.2,1,-1,-1,-1
191,16,398.9,240.7,25.4,69.6,1,-1,-1,-1
191,17,862.1,271.5,34.6,40.6,1,-1,-1,-1
191,18,287.7,395.9,48.9,101.9,1,-1,-1,-1
191,21,605.4,349.8,35.3,86.5,1,-1,-1,-1
191,22,624.0,321.5,31.8,81.9,1,-1,-1,-1
191,23,378.6,195.7,18.6,38.2,1,-1,-1,-1
191,24,789.2,199.1,22.0,51.9,1,-1,-1,-1
191,25,474.5,174.5,19.0,52.2,1,-1,-1,-1
191,26,917.1,174.3,22.3,46.9,1,-1,-1,-1
191,29,631.1,179.3,25.5,41.7,1,-1,-1,-1
191,30,454.5,241.6,20.8,37.4,1,-1,-1,-1
191,33,463.6,272.9,16.9,32.9,1,-1,-1,-1
191,37,308.4,499.5,47.3,70.8,1,-1,-1,-1
191,47,720.0,323.4,32.8,81.5,1,-1,-1,-1
191,53,211.5,159.0,16.8,38.1,1,-1,-1,-1
191,64,266.5,310.5,24.6,37.8,1,-1,-1,-1
191,69,79.1,388.7,35.1,40.9,1,-1,-1,-1
191,71,391.6,573.3,84.3,66.7,1,-1,-1,-1
191,72,187.5,108.9,18.3,39.1,1,-1,-1,-1
191,73,724.8,364.4,36.8,80.2,1,-1,-1,-1
191,78,350.4,553.2,68.6,83.5,1,-1,-1,-1
191,79,121.4,478.5,55.5,111.6,1,-1,-1,-1
191,81,39.0,354.8,51.4,50.9,1,-1,-1,-1
191,83,473.0,247.2,17.8,37.4,1,-1,-1,-1
191,84,62.4,332.9,42.1,46.7,1,-1,-1,-1
191,90,13.3,278.5,37.3,78.7,1,-1,-1,-1
191,91,685.0,300.8,31.5,73.6,1,-1,-1,-1
191,92,429.1,243.4,20.1,35.9,1,-1,-1,-1
191,94,27.6,334.5,34.1,45.9,1,-1,-1,-1
191,96,115.0,359.7,79.6,57.3,1,-1,-1,-1
191,101,594.8,738.5,58.3,17.9,1,-1,-1,-1
192,2,187.2,433.2,51.2,69.2,1,-1,-1,-1
192,3,282.4,310.2,46.6,50.4,1,-1,-1,-1
192,4,263.6,477.6,63.1,76.5,1,-1,-1,-1
192,5,894.1,406.2,40.9,94.6,1,-1,-1,-1
192,6,336.0,393.6,40.2,102.5,1,-1,-1,-1
192,7,439.0,413.8,39.2,107.6,1,-1,-1,-1
192,8,642.8,258.0,24.2,47.5,1,-1,-1,-1
192,12,250.8,308.5,27.1,59.4,1,-1,-1,-1
192,14,876.0,334.7,36.6,90.1,1,-1,-1,-1
192,15,664.8,248.5,26.3,52.8,1,-1,-1,-1
192,16,398.0,241.5,25.5,69.2,1,-1,-1,-1
192,17,862.6,271.5,34.8,40.6,1,-1,-1,-1
192,18,287.4,395.8,48.6,101.4,1,-1,-1,-1
192,21,606.6,352.0,33.7,88.6,1,-1,-1,-1
192,22,622.8,321.2,31.8,82.4,1,-1,-1,-1
192,23,376.7,194.9,19.1,38.2,1,-1,-1,-1
192,24,788.8,199.8,22.1,51.5,1,-1,-1,-1
192,25,475.7,174.7,19.6,52.3,1,-1,-1,-1
192,26,918.1,175.1,21.9,46.5,1,-1,-1,-1
192,29,630.3,179.4,25.6,42.1,1,-1,-1,-1
192,30,455.0,242.1,20.4,36.7,1,-1,-1,-1
192,33,463.8,272.5,17.3,33.3,1,-1,-1,-1
192,37,313.7,502.9,40.9,66.4,1,-1,-1,-1
192,41,529.7,647.2,56.2,106.9,1,-1,-1,-1
192,47,726.1,321.6,28.2,65.8,1,-1,-1,-1
192,53,213.7,160.1,16.8,37.0,1,-1,-1,-1
192,64,267.9,312.7,24.7,38.1,1,-1,-1,-1
192,69,79.2,388.3,35.4,41.0,1,-1,-1,-1
192,71,393.5,572.5,82.0,67.4,1,-1,-1,-1
192,72,189.3,109.7,18.5,38.7,1,-1,-1,-1
192,73,724.4,364.5,35.7,80.5,1,-1,-1,-1
192,78,349.0,552.9,68.6,83.2,1,-1,-1,-1
192,79,114.0,476.5,61.0,109.6,1,-1,-1,-1
192,81,39.1,354.4,51.4,51.2,1,-1,-1,-1
192,83,474.4,246.9,17.5,38.4,1,-1,-1,-1
192,84,63.5,333.2,40.4,46.4,1,-1,-1,-1
192,90,14.2,278.9,38.1,78.5,1,-1,-1,-1
192,91,684.6,300.6,32.0,74.1,1,-1,-1,-1
192,92,429.9,243.6,20.1,35.7,1,-1,-1,-1
192,94,27.6,335.1,34.5,45.3,1,-1,-1,-1
192,96,114.7,359.1,80.5,58.2,1,-1,-1,-1
192,100,933.0,183.9,16.0,36.8,1,-1,-1,-1
192,103,0.2,127.4,14.6,31.9,1,-1,-1,-1
193,2,192.7,436.6,52.0,64.6,1,-1,-1,-1
193,3,282.8,310.4,46.6,50.6,1,-1,-1,-1
193,4,261.9,477.0,62.0,76.7,1,-1,-1,-1
193,5,893.8,406.5,42.0,95.8,1,-1,-1,-1
193,6,335.5,394.1,39.9,101.9,1,-1,-1,-1
193,7,437.7,413.2,39.3,106.9,1,-1,-1,-1
193,8,642.8,258.5,24.3,46.4,1,-1,-1,-1
193,12,250.9,308.0,27.0,59.6,1,-1,-1,-1
193,14,878.7,335.3,36.7,90.0,1,-1,-1,-1
193,15,665.4,248.7,25.6,52.7,1,-1,-1,-1
193,16,396.6,242.2,25.9,69.1,1,-1,-1,-1
193,17,862.6,271.6,34.6,40.7,1,-1,-1,-1
193,18,286.1,395.6,47.8,100.9,1,-1,-1,-1
193,21,607.7,354.4,32.4,88.3,1,-1,-1,-1
193,22,621.7,324.1,27.8,77.6,1,-1,-1,-1
193,23,374.8,194.9,19.4,36.7,1,-1,-1,-1
193,24,788.7,200.8,21.7,50.3,1,-1,-1,-1
193,25,476.3,174.8,19.4,52.5,1,-1,-1,-1
193,26,918.6,176.7,21.0,45.3,1,-1,-1,-1
193,29,630.9,179.7,25.7,42.1,1,-1,-1,-1
193,30,455.3,242.4,20.0,36.3,1,-1,-1,-1
193,33,464.5,272.7,17.2,33.7,1,-1,-1,-1
193,37,309.5,504.2,40.5,61.5,1,-1,-1,-1
193,41,528.3,648.0,56.6,106.7,1,-1,-1,-1
193,47,729.6,323.4,25.4,57.2,1,-1,-1,-1
193,53,216.0,161.8,16.3,35.1,1,-1,-1,-1
193,64,268.3,311.0,23.8,38.2,1,-1,-1,-1
193,69,79.1,387.7,35.2,41.5,1,-1,-1,-1
193,71,392.6,571.9,80.2,68.0,1,-1,-1,-1
193,72,190.6,110.8,18.3,39.6,1,-1,-1,-1
193,73,723.6,365.4,34.7,80.9,1,-1,-1,-1
193,78,348.1,552.9,68.0,83.2,1,-1,-1,-1
193,79,108.5,484.7,53.4,97.1,1,-1,-1,-1
193,81,38.5,354.2,52.4,51.4,1,-1,-1,-1
193,82,591.9,168.1,18.2,38.5,1,-1,-1,-1
193,83,474.8,246.9,17.3,39.0,1,-1,-1,-1
193,84,63.5,333.3,40.1,46.2,1,-1,-1,-1
193,90,14.6,279.4,39.5,78.5,1,-1,-1,-1
193,91,683.8,300.7,33.2,74.9,1,-1,-1,-1
193,92,430.0,243.7,20.1,35.3,1,-1,-1,-1
193,94,27.5,334.4,34.1,46.0,1,-1,-1,-1
193,96,114.1,359.2,80.2,58.2,1,-1,-1,-1
193,100,933.8,183.3,16.0,37.1,1,-1,-1,-1
193,101,587.1,737.4,65.3,18.4,1,-1,-1,-1
193,103,2.9,127.6,19.0,32.5,1,-1,-1,-1
194,2,193.5,437.5,51.9,62.6,1,-1,-1,-1
194,3,282.7,310.2,46.7,50.7,1,-1,-1,-1
194,4,260.2,478.3,63.1,75.4,1,-1,-1,-1
194,5,893.5,406.8,42.5,96.1,1,-1,-1,-1
194,6,334.5,393.7,40.4,101.0,1,-1,-1,-1
194,7,435.9,413.4,40.3,109.8,1,-1,-1,-1
194,8,642.6,258.1,24.5,46.5,1,-1,-1,-1
194,12,250.7,307.9,27.1,59.4,1,-1,-1,-1
194,14,880.2,335.4,36.8,89.1,1,-1,-1,-1
194,15,665.5,249.2,25.2,51.9,1,-1,-1,-1
194,16,395.8,243.3,25.3,68.4,1,-1,-1,-1
194,17,862.1,271.6,34.5,40.7,1,-1,-1,-1
194,18,285.0,395.5,47.9,100.7,1,-1,-1,-1
194,21,607.1,354.0,34.4,89.7,1,-1,-1,-1
194,22,621.7,321.8,29.9,77.8,1,-1,-1,-1
194,23,371.4,194.5,18.9,36.5,1,-1,-1,-1
194,24,789.1,200.9,21.2,50.5,1,-1,-1,-1
194,25,476.5,175.2,19.2,52.9,1,-1,-1,-1
194,26,919.1,176.7,20.7,45.8,1,-1,-1,-1
194,29,631.0,179.4,26.0,42.7,1,-1,-1,-1
194,30,455.3,242.2,19.8,36.4,1,-1,-1,-1
194,33,464.7,272.6,17.1,33.9,1,-1,-1,-1
194,37,293.0,499.1,52.4,69.7,1,-1,-1,-1
194,41,527.1,648.4,54.9,105.6,1,-1,-1,-1
194,47,730.6,327.9,26.3,60.8,1,-1,-1,-1
194,53,217.1,161.6,17.8,35.2,1,-1,-1,-1
194,64,268.1,310.3,23.6,38.0,1,-1,-1,-1
194,69,79.0,387.0,35.4,42.0,1,-1,-1,-1
194,71,384.4,571.8,82.9,68.2,1,-1,-1,-1
194,72,191.0,109.5,18.6,40.0,1,-1,-1,-1
194,73,722.2,365.9,35.6,80.1,1,-1,-1,-1
194,78,346.6,552.9,67.9,83.1,1,-1,-1,-1
194,79,107.4,490.1,47.6,88.5,1,-1,-1,-1
194,81,38.5,353.8,52.7,51.7,1,-1,-1,-1
194,82,591.8,168.9,18.0,37.0,1,-1,-1,-1
194,83,474.2,245.6,17.8,39.2,1,-1,-1,-1
194,84,63.7,332.6,39.8,45.8,1,-1,-1,-1
194,90,15.0,279.6,40.2,78.4,1,-1,-1,-1
194,91,682.8,301.0,34.3,74.6,1,-1,-1,-1
194,92,430.2,243.7,20.1,35.1,1,-1,-1,-1
194,94,26.3,333.8,34.2,46.0,1,-1,-1,-1
194,96,114.3,359.1,80.4,58.1,1,-1,-1,-1
194,100,935.4,181.7,16.9,36.0,1,-1,-1,-1
194,101,584.7,737.5,66.2,18.4,1,-1,-1,-1
194,103,8.3,128.2,18.1,32.2,1,-1,-1,-1
195,2,192.2,436.4,52.1,63.9,1,-1,-1,-1
195,3,282.0,310.1,46.8,50.7,1,-1,-1,-1
195,4,258.6,479.2,63.5,73.0,1,-1,-1,-1
195,5,892.9,407.4,42.8,95.4,1,-1,-1,-1
195,6,333.1,393.6,40.9,100.6,1,-1,-1,-1
195,7,434.8,413.1,40.9,112.2,1,-1,-1,-1
195,8,642.6,257.6,23.7,46.9,1,-1,-1,-1
195,12,249.9,307.9,27.2,59.1,1,-1,-1,-1
195,14,881.3,335.4,36.7,88.2,1,-1,-1,-1
195,15,664.8,248.9,27.9,54.2,1,-1,-1,-1
195,16,395.4,244.4,24.8,66.8,1,-1,-1,-1
195,17,861.4,272.7,35.1,41.1,1,-1,-1,-1
195,18,284.4,395.7,47.7,100.3,1,-1,-1,-1
195,21,606.8,354.3,35.1,91.7,1,-1,-1,-1
195,22,620.4,321.0,31.0,79.8,1,-1,-1,-1
195,23,368.2,193.3,18.7,37.5,1,-1,-1,-1
195,24,790.0,201.0,20.6,50.8,1,-1,-1,-1
195,25,476.9,175.1,18.7,52.8,1,-1,-1,-1
195,26,917.6,178.0,20.5,45.5,1,-1,-1,-1
195,29,631.1,178.9,26.3,42.8,1,-1,-1,-1
195,30,455.1,241.8,19.7,36.7,1,-1,-1,-1
195,33,464.4,272.6,17.0,34.0,1,-1,-1,-1
195,37,274.9,496.5,56.9,71.5,1,-1,-1,-1
195,41,525.7,648.8,54.3,105.1,1,-1,-1,-1
195,47,730.8,328.2,31.2,77.8,1,-1,-1,-1
195,53,219.0,161.0,17.8,35.9,1,-1,-1,-1
195,64,267.4,312.7,24.8,38.0,1,-1,-1,-1
195,69,78.7,386.9,35.0,42.1,1,-1,-1,-1
195,71,381.2,571.7,85.1,68.4,1,-1,-1,-1
195,72,192.1,108.4,18.3,39.4,1,-1,-1,-1
195,73,715.9,363.6,36.8,82.9,1,-1,-1,-1
195,78,345.1,553.6,68.3,82.5,1,-1,-1,-1
195,79,96.2,478.3,51.4,96.8,1,-1,-1,-1
195,81,38.6,353.8,52.2,51.6,1,-1,-1,-1
195,82,592.2,169.2,17.4,36.1,1,-1,-1,-1
195,83,474.3,246.3,17.5,39.5,1,-1,-1,-1
195,84,63.1,332.5,40.0,45.9,1,-1,-1,-1
195,90,14.9,279.6,40.7,78.1,1,-1,-1,-1
195,91,682.4,301.4,34.7,74.4,1,-1,-1,-1
195,92,430.7,243.8,20.0,35.0,1,-1,-1,-1
195,96,113.8,359.3,80.2,57.5,1,-1,-1,-1
195,100,935.0,181.6,17.7,35.6,1,-1,-1,-1
195,101,581.8,737.7,68.8,18.3,1,-1,-1,-1
195,103,13.8,126.9,18.2,32.7,1,-1,-1,-1
195,106,411.2,231.1,21.3,43.7,1,-1,-1,-1
195,107,703.5,286.6,22.7,59.6,1,-1,-1,-1
196,2,184.0,432.7,52.7,68.3,1,-1,-1,-1
196,3,277.7,308.4,47.6,50.2,1,-1,-1,-1
196,4,257.6,479.2,65.1,73.3,1,-1,-1,-1
196,5,891.6,407.9,44.0,95.2,1,-1,-1,-1
196,6,332.5,393.6,40.2,98.5,1,-1,-1,-1
196,7,433.5,412.6,40.4,109.6,1,-1,-1,-1
196,8,638.5,253.2,25.3,52.0,1,-1,-1,-1
196,12,249.3,307.9,26.9,59.1,1,-1,-1,-1
196,14,881.8,335.0,37.1,87.3,1,-1,-1,-1
196,15,664.0,249.2,28.4,54.4,1,-1,-1,-1
196,16,394.7,244.9,24.6,66.1,1,-1,-1,-1
196,17,860.5,272.2,34.3,41.6,1,-1,-1,-1
196,18,286.1,399.8,47.7,96.8,1,-1,-1,-1
196,21,606.2,354.4,35.1,92.5,1,-1,-1,-1
196,22,619.0,320.8,30.6,79.6,1,-1,-1,-1
196,23,365.7,193.1,18.3,37.2,1,-1,-1,-1
196,24,789.2,201.3,20.6,49.8,1,-1,-1,-1
196,25,477.1,175.1,18.4,52.9,1,-1,-1,-1
196,26,919.4,177.4,20.7,46.0,1,-1,-1,-1
196,29,631.7,179.1,26.3,42.2,1,-1,-1,-1
196,30,454.5,240.3,19.6,37.4,1,-1,-1,-1
196,33,464.0,272.1,17.2,34.6,1,-1,-1,-1
196,47,731.8,325.8,32.8,83.9,1,-1,-1,-1
196,53,219.9,158.9,18.0,38.2,1,-1,-1,-1
196,64,266.9,315.4,25.1,38.0,1,-1,-1,-1
196,69,78.6,387.1,34.5,42.2,1,-1,-1,-1
196,71,380.7,571.7,85.7,68.4,1,-1,-1,-1
196,72,192.9,107.8,18.0,38.5,1,-1,-1,-1
196,73,715.5,365.2,36.9,82.4,1,-1,-1,-1
196,78,341.8,554.2,70.5,82.3,1,-1,-1,-1
196,79,90.0,474.6,54.7,105.0,1,-1,-1,-1
196,81,38.9,354.5,51.5,51.1,1,-1,-1,-1
196,82,592.3,169.2,17.5,35.8,1,-1,-1,-1
196,83,474.2,247.1,17.3,39.3,1,-1,-1,-1
196,84,62.8,332.5,40.0,46.2,1,-1,-1,-1
196,90,14.4,279.5,40.8,78.4,1,-1,-1,-1
196,91,682.3,301.1,33.9,75.1,1,-1,-1,-1
196,92,431.2,243.7,19.7,35.1,1,-1,-1,-1
196,96,113.3,360.2,80.9,56.8,1,-1,-1,-1
196,100,935.7,182.5,18.2,35.8,1,-1,-1,-1
196,103,18.6,129.4,18.6,29.4,1,-1,-1,-1
196,106,412.2,230.8,20.8,43.8,1,-1,-1,-1
196,107,701.9,285.9,27.5,76.6,1,-1,-1,-1
196,108,307.9,506.6,39.1,59.5,1,-1,-1,-1
197,2,181.3,431.6,53.2,70.1,1,-1,-1,-1
197,3,279.9,310.0,47.3,50.4,1,-1,-1,-1
197,4,254.8,478.1,62.0,72.9,1,-1,-1,-1
197,5,892.7,408.0,43.5,95.6,1,-1,-1,-1
197,6,331.1,394.7,40.3,99.8,1,-1,-1,-1
197,7,432.3,413.0,40.3,107.0,1,-1,-1,-1
197,8,637.1,252.2,26.0,54.3,1,-1,-1,-1
197,12,248.8,308.6,27.3,58.4,1,-1,-1,-1
197,14,882.0,333.5,36.9,85.6,1,-1,-1,-1
197,15,663.2,250.5,28.7,53.9,1,-1,-1,-1
197,16,393.7,244.5,24.8,66.3,1,-1,-1,-1
197,17,859.8,272.2,33.6,41.0,1,-1,-1,-1
197,18,287.6,401.0,46.1,95.5,1,-1,-1,-1
197,21,606.4,354.0,34.9,93.4,1,-1,-1,-1
197,22,617.0,320.7,30.7,79.7,1,-1,-1,-1
197,23,363.1,194.3,17.0,35.2,1,-1,-1,-1
197,24,789.1,200.2,21.3,50.7,1,-1,-1,-1
197,25,477.1,175.1,18.4,53.2,1,-1,-1,-1
197,26,917.9,179.0,20.8,45.5,1,-1,-1,-1
197,29,632.0,179.2,26.2,42.1,1,-1,-1,-1
197,30,454.0,240.0,19.5,37.7,1,-1,-1,-1
197,33,460.9,271.8,17.1,34.6,1,-1,-1,-1
197,41,517.2,648.7,55.4,104.7,1,-1,-1,-1
197,47,734.3,325.3,29.5,82.9,1,-1,-1,-1
197,53,221.8,157.7,16.3,37.4,1,-1,-1,-1
197,69,78.3,387.7,34.2,42.0,1,-1,-1,-1
197,71,364.5,570.5,95.8,79.3,1,-1,-1,-1
197,72,193.7,109.7,17.4,38.1,1,-1,-1,-1
197,73,713.8,366.1,36.4,82.9,1,-1,-1,-1
197,78,338.9,554.9,71.7,82.0,1,-1,-1,-1
197,79,83.0,473.8,59.3,110.8,1,-1,-1,-1
197,81,38.6,354.7,51.3,50.3,1,-1,-1,-1
197,82,592.6,169.7,17.4,35.0,1,-1,-1,-1
197,83,473.0,246.7,18.3,39.2,1,-1,-1,-1
197,84,62.8,332.6,40.0,46.1,1,-1,-1,-1
197,90,13.5,279.3,39.9,78.3,1,-1,-1,-1
197,91,680.5,301.0,35.4,75.7,1,-1,-1,-1
197,92,432.7,244.3,18.7,35.1,1,-1,-1,-1
197,94,27.1,333.4,34.1,47.3,1,-1,-1,-1
197,96,113.2,360.1,79.2,56.3,1,-1,-1,-1
197,100,934.5,183.3,19.1,36.9,1,-1,-1,-1
197,103,24.4,128.0,16.6,28.1,1,-1,-1,-1
197,106,413.3,230.5,20.0,44.6,1,-1,-1,-1
197,107,702.8,288.0,27.1,75.4,1,-1,-1,-1
197,108,306.3,504.5,39.8,63.2,1,-1,-1,-1
198,2,180.9,431.7,53.0,70.5,1,-1,-1,-1
198,3,278.8,311.0,48.5,50.2,1,-1,-1,-1
198,4,253.0,478.3,61.9,73.7,1,-1,-1,-1
198,5,894.5,409.0,42.5,94.8,1,-1,-1,-1
198,6,329.0,394.5,40.5,100.5,1,-1,-1,-1
198,7,433.7,413.5,38.9,104.5,1,-1,-1,-1
198,8,636.0,254.1,25.9,53.5,1,-1,-1,-1
198,12,248.0,308.3,27.1,58.3,1,-1,-1,-1
198,14,884.4,335.2,38.8,81.9,1,-1,-1,-1
198,15,663.3,249.1,28.9,55.0,1,-1,-1,-1
198,16,392.5,244.6,25.1,65.7,1,-1,-1,-1
198,17,861.9,274.2,33.4,40.1,1,-1,-1,-1
198,18,284.2,402.0,45.2,93.8,1,-1,-1,-1
198,21,607.7,358.3,32.8,91.3,1,-1,-1,-1
198,23,360.7,195.0,17.1,33.7,1,-1,-1,-1
198,24,787.4,201.6,21.1,50.1,1,-1,-1,-1
198,25,476.3,175.1,18.3,53.1,1,-1,-1,-1
198,26,913.7,176.5,21.7,46.2,1,-1,-1,-1
198,29,631.7,180.0,25.9,41.5,1,-1,-1,-1
198,30,453.9,241.1,19.6,37.3,1,-1,-1,-1
198,33,459.3,271.9,16.8,34.4,1,-1,-1,-1
198,41,514.4,650.0,56.0,104.5,1,-1,-1,-1
198,47,736.7,325.3,27.6,81.9,1,-1,-1,-1
198,53,223.0,157.2,16.3,36.9,1,-1,-1,-1
198,64,264.1,310.4,24.2,40.5,1,-1,-1,-1
198,69,77.3,387.9,33.7,41.7,1,-1,-1,-1
198,71,378.4,569.8,83.8,73.4,1,-1,-1,-1
198,72,194.1,110.6,16.8,36.6,1,-1,-1,-1
198,73,712.8,366.7,36.6,84.2,1,-1,-1,-1
198,79,73.7,474.0,66.0,112.8,1,-1,-1,-1
198,81,38.1,354.8,51.0,50.0,1,-1,-1,-1
198,83,472.8,246.6,18.5,39.1,1,-1,-1,-1
198,84,46.7,333.0,51.7,46.3,1,-1,-1,-1
198,90,12.9,278.8,38.5,78.3,1,-1,-1,-1
198,91,679.7,301.2,36.1,76.4,1,-1,-1,-1
198,92,431.7,244.5,19.3,35.8,1,-1,-1,-1
198,94,26.3,334.2,34.0,47.5,1,-1,-1,-1
198,96,111.9,360.2,79.1,56.1,1,-1,-1,-1
198,100,934.0,184.0,19.7,36.9,1,-1,-1,-1
198,103,28.6,131.0,15.1,26.4,1,-1,-1,-1
198,106,413.7,230.3,19.8,44.9,1,-1,-1,-1
198,107,703.4,288.2,28.6,73.4,1,-1,-1,-1
198,108,303.5,503.4,40.8,64.5,1,-1,-1,-1
199,2,180.4,433.0,52.9,69.5,1,-1,-1,-1
199,3,277.8,310.9,49.2,50.2,1,-1,-1,-1
199,4,251.8,478.7,63.1,74.7,1,-1,-1,-1
199,5,894.9,409.4,40.8,95.2,1,-1,-1,-1
199,6,327.2,394.0,40.2,101.1,1,-1,-1,-1
199,7,434.2,414.1,38.9,102.2,1,-1,-1,-1
199,8,635.9,255.6,25.7,51.8,1,-1,-1,-1
199,12,246.2,308.5,26.6,58.5,1,-1,-1,-1
199,14,885.0,335.1,40.8,81.3,1,-1,-1,-1
199,15,661.6,250.1,27.6,54.0,1,-1,-1,-1
199,16,390.0,246.4,25.2,64.8,1,-1,-1,-1
199,17,861.8,275.1,31.7,39.4,1,-1,-1,-1
199,18,280.1,397.7,46.9,98.6,1,-1,-1,-1
199,21,607.8,360.4,32.1,89.0,1,-1,-1,-1
199,22,615.4,322.6,27.4,71.6,1,-1,-1,-1
199,23,353.4,192.5,18.1,35.0,1,-1,-1,-1
199,24,787.0,202.2,20.4,49.6,1,-1,-1,-1
199,25,475.9,175.3,18.5,53.0,1,-1,-1,-1
199,26,908.4,177.3,21.1,46.3,1,-1,-1,-1
199,29,629.8,179.0,26.2,41.3,1,-1,-1,-1
199,30,454.0,241.6,19.6,37.0,1,-1,-1,-1
199,33,458.5,272.1,16.5,34.4,1,-1,-1,-1
199,47,738.2,325.2,27.1,81.6,1,-1,-1,-1
199,53,223.6,156.6,16.6,36.8,1,-1,-1,-1
199,64,263.2,309.6,24.3,39.4,1,-1,-1,-1
199,69,76.7,387.7,33.3,42.0,1,-1,-1,-1
199,71,374.0,570.9,83.9,69.6,1,-1,-1,-1
199,72,195.1,111.3,17.2,36.8,1,-1,-1,-1
199,73,712.9,367.8,35.8,84.9,1,-1,-1,-1
199,78,335.5,553.2,68.3,82.5,1,-1,-1,-1
199,79,67.6,477.1,68.6,114.0,1,-1,-1,-1
199,81,37.7,355.4,51.2,49.4,1,-1,-1,-1
199,83,472.2,247.3,18.8,38.6,1,-1,-1,-1
199,84,57.3,332.7,44.8,45.2,1,-1,-1,-1
199,90,12.6,278.7,37.0,78.3,1,-1,-1,-1
199,91,678.3,301.0,36.7,77.3,1,-1,-1,-1
199,92,432.3,244.4,19.4,36.5,1,-1,-1,-1
199,96,111.2,360.5,79.6,55.7,1,-1,-1,-1
199,100,936.4,183.3,20.4,40.5,1,-1,-1,-1
199,103,32.7,126.8,15.3,29.8,1,-1,-1,-1
199,106,414.1,230.4,19.8,44.7,1,-1,-1,-1
199,107,702.8,286.0,29.5,74.4,1,-1,-1,-1
199,108,303.2,504.0,41.1,62.6,1,-1,-1,-1
200,2,178.1,433.8,53.2,68.9,1,-1,-1,-1
200,3,275.3,308.1,47.7,49.2,1,-1,-1,-1
200,4,250.6,479.3,64.3,74.1,1,-1,-1,-1
200,5,900.3,414.2,35.6,92.8,1,-1,-1,-1
200,6,325.6,394.0,39.8,100.8,1,-1,-1,-1
200,7,433.0,414.2,41.1,101.5,1,-1,-1,-1
200,8,636.3,255.8,24.7,51.4,1,-1,-1,-1
200,12,245.0,308.7,26.2,58.5,1,-1,-1,-1
200,14,885.5,335.1,41.2,81.6,1,-1,-1,-1
200,15,658.3,252.2,25.7,51.8,1,-1,-1,-1
200,16,387.9,246.5,25.8,66.3,1,-1,-1,-1
200,17,857.9,272.9,32.2,40.0,1,-1,-1,-1
200,18,278.4,395.9,46.7,100.2,1,-1,-1,-1
200,21,607.5,362.2,32.3,88.0,1,-1,-1,-1
200,22,615.4,323.6,24.4,66.5,1,-1,-1,-1
200,23,348.9,192.3,18.2,33.9,1,-1,-1,-1
200,24,786.6,202.3,20.0,49.9,1,-1,-1,-1
200,25,475.5,175.5,18.7,53.1,1,-1,-1,-1
200,26,906.9,178.3,20.7,46.0,1,-1,-1,-1
200,29,628.8,179.0,26.3,41.6,1,-1,-1,-1
200,30,453.6,240.7,20.2,36.8,1,-1,-1,-1
200,33,458.2,272.6,16.0,34.0,1,-1,-1,-1
200,41,507.9,647.5,55.4,106.8,1,-1,-1,-1
200,47,740.1,326.1,26.8,81.3,1,-1,-1,-1
200,53,224.6,156.9,16.1,36.3,1,-1,-1,-1
200,64,259.9,312.0,26.2,42.6,1,-1,-1,-1
200,69,75.8,387.0,33.6,42.7,1,-1,-1,-1
200,71,370.7,571.8,85.1,68.0,1,-1,-1,-1
200,72,196.1,111.5,17.5,37.7,1,-1,-1,-1
200,73,712.7,368.7,34.9,84.9,1,-1,-1,-1
200,78,334.3,553.6,68.2,82.5,1,-1,-1,-1
200,79,61.8,481.6,51.9,110.5,1,-1,-1,-1
200,81,37.6,355.8,51.1,49.5,1,-1,-1,-1
200,83,469.9,249.0,18.3,38.0,1,-1,-1,-1
200,84,61.0,332.5,40.4,43.8,1,-1,-1,-1
200,90,12.2,279.0,36.2,78.4,1,-1,-1,-1
200,91,677.0,301.4,36.8,77.1,1,-1,-1,-1
200,92,433.0,244.7,19.4,37.0,1,-1,-1,-1
200,94,27.6,338.4,35.4,44.4,1,-1,-1,-1
200,96,109.7,360.8,80.2,55.3,1,-1,-1,-1
200,100,936.5,182.6,21.3,42.7,1,-1,-1,-1
200,103,38.2,120.8,17.2,32.8,1,-1,-1,-1
200,106,414.6,230.7,20.5,44.8,1,-1,-1,-1
200,107,705.5,288.4,26.4,73.3,1,-1,-1,-1
200,108,297.8,504.4,42.0,62.9,1,-1,-1,-1
200,109,704.0,355.7,9.1,62.5,1,-1,-1,-1
201,2,176.0,434.1,52.5,68.1,1,-1,-1,-1
201,3,273.6,308.9,47.5,49.0,1,-1,-1,-1
201,4,254.0,481.1,58.3,65.5,1,-1,-1,-1
201,5,902.7,418.5,30.9,89.9,1,-1,-1,-1
201,6,324.6,394.6,39.3,100.7,1,-1,-1,-1
201,7,433.0,415.1,41.7,100.7,1,-1,-1,-1
201,8,637.7,258.1,24.6,48.5,1,-1,-1,-1
201,12,243.1,308.1,26.4,59.1,1,-1,-1,-1
201,14,886.6,334.6,41.0,81.8,1,-1,-1,-1
201,15,657.4,253.1,24.9,50.8,1,-1,-1,-1
201,16,386.8,246.5,25.7,66.9,1,-1,-1,-1
201,17,856.1,272.9,33.3,40.6,1,-1,-1,-1
201,18,277.7,395.9,46.4,100.6,1,-1,-1,-1
201,21,604.5,359.4,36.1,94.0,1,-1,-1,-1
201,22,615.1,323.4,22.2,62.1,1,-1,-1,-1
201,23,344.0,191.0,18.3,35.6,1,-1,-1,-1
201,24,783.2,201.5,21.6,52.5,1,-1,-1,-1
201,25,474.3,175.3,18.9,53.0,1,-1,-1,-1
201,26,904.6,179.6,20.5,46.0,1,-1,-1,-1
201,29,629.7,179.1,26.0,41.2,1,-1,-1,-1
201,30,453.1,240.6,21.0,36.5,1,-1,-1,-1
201,33,457.6,272.6,16.0,33.9,1,-1,-1,-1
201,41,510.8,670.3,46.7,88.0,1,-1,-1,-1
201,47,741.6,325.6,26.7,82.0,1,-1,-1,-1
201,53,225.8,158.2,15.2,35.2,1,-1,-1,-1
201,64,257.0,315.7,26.9,43.9,1,-1,-1,-1
201,69,74.1,386.1,35.0,43.3,1,-1,-1,-1
201,71,371.7,572.9,80.7,66.9,1,-1,-1,-1
201,72,196.9,114.9,17.7,35.9,1,-1,-1,-1
201,73,709.7,367.3,37.5,85.7,1,-1,-1,-1
201,78,330.5,553.7,69.3,83.1,1,-1,-1,-1
201,79,58.6,483.4,43.8,107.6,1,-1,-1,-1
201,81,36.2,355.7,52.1,49.6,1,-1,-1,-1
201,83,469.6,249.6,17.5,37.6,1,-1,-1,-1
201,84,61.7,333.8,38.7,48.9,1,-1,-1,-1
201,90,11.9,279.1,35.8,78.0,1,-1,-1,-1
201,91,674.9,301.4,36.3,76.9,1,-1,-1,-1
201,94,27.2,340.7,35.6,43.4,1,-1,-1,-1
201,96,109.0,361.1,80.5,55.2,1,-1,-1,-1
201,100,937.0,182.4,21.9,43.8,1,-1,-1,-1
201,103,43.4,122.3,16.8,31.9,1,-1,-1,-1
201,106,415.1,231.0,20.7,45.0,1,-1,-1,-1
201,107,708.5,289.7,23.3,71.8,1,-1,-1,-1
201,108,293.7,500.1,44.1,65.4,1,-1,-1,-1
201,109,704.0,356.9,8.2,61.4,1,-1,-1,-1
201,110,661.4,185.8,22.4,52.0,1,-1,-1,-1
202,2,181.4,437.0,52.2,63.9,1,-1,-1,-1
202,3,271.9,309.7,47.8,49.1,1,-1,-1,-1
202,4,249.4,479.6,57.2,69.3,1,-1,-1,-1
202,5,905.0,419.7,29.5,89.5,1,-1,-1,-1
202,6,323.6,394.2,39.5,100.5,1,-1,-1,-1
202,7,433.6,416.7,41.0,100.6,1,-1,-1,-1
202,8,635.6,256.8,24.8,50.0,1,-1,-1,-1
202,12,240.0,306.1,27.5,62.6,1,-1,-1,-1
202,14,887.7,334.8,40.6,80.2,1,-1,-1,-1
202,15,657.6,253.4,24.3,50.3,1,-1,-1,-1
202,16,386.2,246.6,25.8,66.2,1,-1,-1,-1
202,17,860.2,275.4,31.4,40.2,1,-1,-1,-1
202,18,276.2,396.0,45.5,99.9,1,-1,-1,-1
202,21,602.6,360.0,38.2,98.3,1,-1,-1,-1
202,23,341.8,189.6,17.8,36.1,1,-1,-1,-1
202,24,784.6,202.3,21.5,51.1,1,-1,-1,-1
202,25,473.8,175.2,19.2,53.2,1,-1,-1,-1
202,29,631.3,180.5,25.1,41.5,1,-1,-1,-1
202,30,452.4,240.7,21.3,36.1,1,-1,-1,-1
202,33,457.6,273.0,15.7,33.6,1,-1,-1,-1
202,41,511.8,671.4,40.2,84.8,1,-1,-1,-1
202,47,743.2,324.8,31.8,80.7,1,-1,-1,-1
202,53,226.8,158.3,14.2,34.8,1,-1,-1,-1
202,69,72.1,386.3,36.0,43.4,1,-1,-1,-1
202,71,372.9,572.6,78.7,67.2,1,-1,-1,-1
202,72,196.9,111.3,18.6,37.9,1,-1,-1,-1
202,73,708.4,367.4,37.6,87.4,1,-1,-1,-1
202,78,327.8,553.3,69.9,82.9,1,-1,-1,-1
202,79,52.6,479.6,49.1,110.0,1,-1,-1,-1
202,81,34.5,355.3,53.3,50.0,1,-1,-1,-1
202,83,469.5,249.9,17.0,37.5,1,-1,-1,-1
202,84,61.1,333.1,37.2,49.6,1,-1,-1,-1
202,90,11.5,279.2,36.1,78.1,1,-1,-1,-1
202,91,673.9,301.1,35.3,77.5,1,-1,-1,-1
202,96,107.3,361.2,81.2,55.3,1,-1,-1,-1
202,99,477.2,641.5,48.7,104.6,1,-1,-1,-1
202,100,934.8,181.9,22.0,44.2,1,-1,-1,-1
202,103,49.6,126.5,16.1,31.5,1,-1,-1,-1
202,106,416.0,231.2,21.3,45.7,1,-1,-1,-1
202,107,710.1,290.2,21.9,68.5,1,-1,-1,-1
202,108,294.5,500.2,43.1,63.9,1,-1,-1,-1
202,109,704.0,356.6,7.5,62.5,1,-1,-1,-1
202,110,661.6,185.9,22.5,53.5,1,-1,-1,-1
203,2,181.4,438.3,53.1,61.4,1,-1,-1,-1
203,3,271.0,310.2,48.3,48.9,1,-1,-1,-1
203,4,246.3,479.3,58.4,72.1,1,-1,-1,-1
203,5,906.1,420.1,30.7,90.3,1,-1,-1,-1
203,6,322.8,394.5,40.0,100.5,1,-1,-1,-1
203,7,433.4,417.4,40.5,100.1,1,-1,-1,-1
203,8,634.8,256.2,25.2,50.8,1,-1,-1,-1
203,12,238.9,308.2,29.6,60.6,1,-1,-1,-1
203,14,889.7,335.2,38.9,79.3,1,-1,-1,-1
203,15,657.5,253.6,24.2,50.2,1,-1,-1,-1
203,16,384.8,247.0,24.9,66.8,1,-1,-1,-1
203,17,856.1,274.7,31.8,40.7,1,-1,-1,-1
203,18,275.3,396.1,45.5,99.6,1,-1,-1,-1
203,21,601.5,360.7,39.3,100.0,1,-1,-1,-1
203,23,338.1,188.6,18.4,36.5,1,-1,-1,-1
203,24,782.4,201.6,22.2,52.6,1,-1,-1,-1
203,25,474.2,176.9,18.5,52.6,1,-1,-1,-1
203,29,631.8,180.4,24.6,41.1,1,-1,-1,-1
203,30,451.9,240.9,21.5,36.5,1,-1,-1,-1
203,33,457.8,273.7,15.3,33.2,1,-1,-1,-1
203,41,501.6,654.0,47.7,96.6,1,-1,-1,-1
203,47,743.5,324.9,33.7,78.7,1,-1,-1,-1
203,53,228.4,157.9,13.3,35.2,1,-1,-1,-1
203,69,71.0,386.6,36.8,43.2,1,-1,-1,-1
203,71,374.7,572.8,75.6,67.1,1,-1,-1,-1
203,72,198.7,110.6,18.9,38.4,1,-1,-1,-1
203,73,708.2,367.6,37.0,87.5,1,-1,-1,-1
203,78,325.6,553.4,70.0,82.5,1,-1,-1,-1
203,79,46.3,478.9,48.5,110.1,1,-1,-1,-1
203,81,34.1,355.1,53.7,50.4,1,-1,-1,-1
203,83,469.5,249.8,16.9,37.7,1,-1,-1,-1
203,84,60.7,332.8,36.7,49.8,1,-1,-1,-1
203,90,11.2,279.2,36.2,78.0,1,-1,-1,-1
203,91,674.0,301.1,34.4,78.5,1,-1,-1,-1
203,94,25.3,335.7,29.9,44.5,1,-1,-1,-1
203,96,106.2,361.3,81.9,55.4,1,-1,-1,-1
203,99,472.4,641.5,44.5,103.4,1,-1,-1,-1
203,100,934.5,181.1,22.7,45.3,1,-1,-1,-1
203,103,53.2,130.7,15.9,30.6,1,-1,-1,-1
203,106,417.6,231.4,21.5,46.6,1,-1,-1,-1
203,107,710.8,290.6,21.9,67.6,1,-1,-1,-1
203,108,278.9,494.8,56.5,73.0,1,-1,-1,-1
203,109,704.0,355.8,6.7,63.1,1,-1,-1,-1
203,110,661.5,185.4,22.8,53.6,1,-1,-1,-1
204,2,174.2,434.3,51.6,66.2,1,-1,-1,-1
204,3,270.0,310.8,47.8,48.3,1,-1,-1,-1
204,4,244.8,478.9,60.8,73.8,1,-1,-1,-1
204,5,905.3,420.5,32.6,91.6,1,-1,-1,-1
204,6,322.1,394.6,39.7,99.3,1,-1,-1,-1
204,7,433.7,418.0,39.9,99.2,1,-1,-1,-1
204,8,633.8,256.0,25.6,52.0,1,-1,-1,-1
204,12,238.1,308.0,30.4,60.8,1,-1,-1,-1
204,14,890.9,334.6,38.8,79.9,1,-1,-1,-1
204,15,657.2,253.4,24.0,50.4,1,-1,-1,-1
204,16,384.7,247.0,25.0,66.2,1,-1,-1,-1
204,17,855.4,274.6,31.2,40.8,1,-1,-1,-1
204,18,276.2,400.9,45.9,98.4,1,-1,-1,-1
204,21,599.3,363.5,41.0,98.6,1,-1,-1,-1
204,23,334.5,188.1,17.7,36.0,1,-1,-1,-1
204,24,783.5,201.9,22.6,51.6,1,-1,-1,-1
204,25,474.4,177.6,18.1,52.2,1,-1,-1,-1
204,29,631.4,180.3,24.1,40.8,1,-1,-1,-1
204,30,451.5,241.4,21.4,36.6,1,-1,-1,-1
204,33,457.8,274.0,15.2,33.0,1,-1,-1,-1
204,41,496.9,648.6,53.4,102.6,1,-1,-1,-1
204,47,744.4,325.3,33.0,77.8,1,-1,-1,-1
204,53,227.7,155.1,15.5,38.7,1,-1,-1,-1
204,69,69.8,386.9,37.3,43.0,1,-1,-1,-1
204,71,363.4,572.4,81.7,67.5,1,-1,-1,-1
204,72,200.3,110.5,19.0,39.0,1,-1,-1,-1
204,73,711.4,371.5,35.5,84.1,1,-1,-1,-1
204,78,324.5,553.2,69.1,82.9,1,-1,-1,-1
204,79,41.0,477.1,50.3,109.9,1,-1,-1,-1
204,81,34.0,355.3,54.0,50.4,1,-1,-1,-1
204,83,468.7,250.1,17.1,37.6,1,-1,-1,-1
204,84,60.5,332.3,36.2,47.2,1,-1,-1,-1
204,90,11.0,279.6,36.3,77.8,1,-1,-1,-1
204,91,673.2,301.4,34.2,78.7,1,-1,-1,-1
204,94,25.4,339.0,33.0,40.0,1,-1,-1,-1
204,96,105.4,361.2,80.1,55.6,1,-1,-1,-1
204,100,935.4,180.9,22.9,45.9,1,-1,-1,-1
204,103,57.8,130.4,14.9,27.4,1,-1,-1,-1
204,106,419.3,231.2,21.0,46.6,1,-1,-1,-1
204,107,712.0,290.9,23.0,70.1,1,-1,-1,-1
204,108,276.0,492.5,61.6,78.8,1,-1,-1,-1
204,110,661.2,185.7,22.8,54.0,1,-1,-1,-1
205,2,171.9,433.0,51.2,68.9,1,-1,-1,-1
205,3,270.1,309.8,46.3,47.4,1,-1,-1,-1
205,4,243.2,478.7,62.1,74.7,1,-1,-1,-1
205,5,904.0,421.5,34.8,91.5,1,-1,-1,-1
205,6,321.5,394.9,39.5,98.7,1,-1,-1,-1
205,7,434.2,418.7,41.0,98.6,1,-1,-1,-1
205,8,633.3,256.1,26.1,52.5,1,-1,-1,-1
205,12,237.6,308.3,30.6,60.0,1,-1,-1,-1
205,14,894.1,334.0,36.0,81.1,1,-1,-1,-1
205,15,657.0,253.5,24.1,50.6,1,-1,-1,-1
205,16,384.4,247.2,24.7,65.8,1,-1,-1,-1
205,17,854.5,274.6,31.7,41.1,1,-1,-1,-1
205,18,274.4,402.3,45.2,96.8,1,-1,-1,-1
205,21,598.3,365.1,41.0,96.3,1,-1,-1,-1
205,22,606.0,325.4,28.1,68.7,1,-1,-1,-1
205,23,331.7,187.4,17.0,35.9,1,-1,-1,-1
205,24,784.9,202.5,22.1,50.7,1,-1,-1,-1
205,25,474.5,177.5,18.0,52.3,1,-1,-1,-1
205,26,907.5,178.1,20.6,46.3,1,-1,-1,-1
205,29,631.3,180.6,23.9,40.4,1,-1,-1,-1
205,30,450.2,241.4,20.5,37.3,1,-1,-1,-1
205,33,457.8,275.0,15.1,32.1,1,-1,-1,-1
205,41,496.9,667.1,47.4,90.3,1,-1,-1,-1
205,47,745.6,325.4,32.1,78.3,1,-1,-1,-1
205,53,229.2,153.7,16.7,41.0,1,-1,-1,-1
205,69,69.4,387.4,36.6,42.7,1,-1,-1,-1
205,71,359.5,572.4,84.3,67.6,1,-1,-1,-1
205,72,201.5,111.7,18.8,39.2,1,-1,-1,-1
205,73,711.9,372.6,35.5,82.6,1,-1,-1,-1
205,78,323.4,553.7,68.6,82.4,1,-1,-1,-1
205,79,39.8,497.3,47.5,93.4,1,-1,-1,-1
205,81,33.8,355.4,53.2,50.2,1,-1,-1,-1
205,83,468.1,250.1,17.3,37.7,1,-1,-1,-1
205,84,60.6,333.0,36.8,47.5,1,-1,-1,-1
205,90,10.8,279.7,36.5,77.5,1,-1,-1,-1
205,91,674.6,303.7,32.1,74.7,1,-1,-1,-1
205,94,22.6,337.5,29.2,41.5,1,-1,-1,-1
205,96,105.0,360.9,79.2,55.7,1,-1,-1,-1
205,100,936.7,181.1,22.6,46.6,1,-1,-1,-1
205,103,63.1,126.7,15.3,27.7,1,-1,-1,-1
205,106,420.1,231.3,20.5,46.7,1,-1,-1,-1
205,107,711.6,289.4,26.9,72.9,1,-1,-1,-1
205,108,272.0,490.8,64.3,76.6,1,-1,-1,-1
205,110,661.0,186.5,23.1,54.0,1,-1,-1,-1
206,2,171.4,432.3,51.6,69.6,1,-1,-1,-1
206,3,270.1,309.7,45.8,47.0,1,-1,-1,-1
206,4,241.7,477.6,64.4,75.9,1,-1,-1,-1
206,5,902.9,422.2,37.0,90.3,1,-1,-1,-1
206,6,320.6,395.1,39.1,98.9,1,-1,-1,-1
206,7,433.7,418.6,43.8,99.0,1,-1,-1,-1
206,8,631.9,256.0,26.7,53.1,1,-1,-1,-1
206,12,237.5,308.3,30.5,60.0,1,-1,-1,-1
206,14,898.1,334.2,32.7,82.2,1,-1,-1,-1
206,15,657.2,253.6,24.2,50.7,1,-1,-1,-1
206,16,384.1,247.3,24.4,65.8,1,-1,-1,-1
206,17,854.0,274.6,32.0,41.5,1,-1,-1,-1
206,18,268.8,397.1,49.1,100.4,1,-1,-1,-1
206,21,596.9,366.8,40.6,96.1,1,-1,-1,-1
206,22,604.9,324.9,27.8,68.6,1,-1,-1,-1
206,23,327.5,186.3,18.0,37.6,1,-1,-1,-1
206,24,785.0,203.5,21.3,49.4,1,-1,-1,-1
206,25,474.7,177.6,17.8,52.3,1,-1,-1,-1
206,26,907.6,178.5,20.8,46.4,1,-1,-1,-1
206,29,634.1,179.8,21.4,37.5,1,-1,-1,-1
206,30,450.3,242.1,19.1,37.4,1,-1,-1,-1
206,33,457.0,275.0,15.5,32.1,1,-1,-1,-1
206,41,490.1,653.7,51.8,99.3,1,-1,-1,-1
206,47,748.4,325.1,29.2,78.2,1,-1,-1,-1
206,53,230.4,152.7,17.1,41.6,1,-1,-1,-1
206,69,69.3,387.3,36.2,42.5,1,-1,-1,-1
206,71,359.9,573.4,84.3,66.7,1,-1,-1,-1
206,72,203.3,111.6,18.4,39.6,1,-1,-1,-1
206,73,711.5,373.5,36.2,82.2,1,-1,-1,-1
206,78,322.5,554.0,68.8,82.1,1,-1,-1,-1
206,79,29.1,483.3,56.6,105.3,1,-1,-1,-1
206,81,33.9,355.2,52.9,50.3,1,-1,-1,-1
206,83,468.0,250.4,17.4,37.6,1,-1,-1,-1
206,84,60.5,332.9,37.1,46.7,1,-1,-1,-1
206,90,10.7,279.8,36.6,77.5,1,-1,-1,-1
206,91,674.3,304.7,31.6,73.3,1,-1,-1,-1
206,94,24.6,337.8,33.7,43.6,1,-1,-1,-1
206,96,104.7,360.9,78.9,55.9,1,-1,-1,-1
206,100,937.7,181.3,22.7,47.0,1,-1,-1,-1
206,103,68.2,127.7,14.8,25.3,1,-1,-1,-1
206,106,420.3,231.0,20.0,46.0,1,-1,-1,-1
206,107,711.9,289.3,28.3,74.0,1,-1,-1,-1
206,108,274.3,489.4,61.5,75.1,1,-1,-1,-1
206,110,660.7,187.6,23.3,53.3,1,-1,-1,-1
207,2,171.2,431.7,52.7,69.9,1,-1,-1,-1
207,3,270.2,309.9,45.6,46.7,1,-1,-1,-1
207,4,240.9,477.0,66.2,76.3,1,-1,-1,-1
207,5,903.5,424.3,37.7,89.0,1,-1,-1,-1
207,6,319.8,395.0,39.2,99.6,1,-1,-1,-1
207,7,433.0,418.8,46.9,98.9,1,-1,-1,-1
207,8,631.8,255.9,26.6,53.3,1,-1,-1,-1
207,12,237.4,308.2,30.2,60.2,1,-1,-1,-1
207,14,903.5,334.0,29.5,82.6,1,-1,-1,-1
207,15,657.0,253.9,24.1,50.8,1,-1,-1,-1
207,16,384.2,247.3,24.4,65.8,1,-1,-1,-1
207,17,853.9,274.8,32.5,41.7,1,-1,-1,-1
207,18,267.4,395.4,50.6,100.9,1,-1,-1,-1
207,21,597.5,366.6,38.6,97.4,1,-1,-1,-1
207,22,604.3,324.6,27.8,69.4,1,-1,-1,-1
207,23,323.6,185.4,17.6,38.4,1,-1,-1,-1
207,24,785.2,203.8,21.1,49.0,1,-1,-1,-1
207,25,474.5,176.2,18.6,53.2,1,-1,-1,-1
207,26,907.7,179.2,20.5,46.1,1,-1,-1,-1
207,29,635.5,179.5,19.9,35.6,1,-1,-1,-1
207,30,450.8,241.4,18.8,38.0,1,-1,-1,-1
207,33,457.0,275.1,15.6,32.2,1,-1,-1,-1
207,41,486.3,648.2,54.8,104.4,1,-1,-1,-1
207,47,752.5,324.8,27.9,79.1,1,-1,-1,-1
207,53,233.2,152.9,16.2,38.8,1,-1,-1,-1
207,69,69.3,387.3,36.0,42.4,1,-1,-1,-1
207,71,361.6,573.2,81.8,66.8,1,-1,-1,-1
207,72,205.9,111.9,18.2,39.5,1,-1,-1,-1
207,73,711.0,374.0,37.6,82.6,1,-1,-1,-1
207,78,319.5,553.7,69.2,82.1,1,-1,-1,-1
207,79,20.4,477.2,64.5,110.1,1,-1,-1,-1
207,81,34.4,355.3,52.8,50.1,1,-1,-1,-1
207,83,468.0,250.5,17.7,37.6,1,-1,-1,-1
207,84,60.3,332.8,36.4,45.3,1,-1,-1,-1
207,90,11.3,279.6,36.1,77.4,1,-1,-1,-1
207,91,674.1,304.0,32.0,75.4,1,-1,-1,-1
207,94,26.1,337.0,33.8,45.6,1,-1,-1,-1
207,96,104.7,360.8,78.8,56.0,1,-1,-1,-1
207,100,938.1,181.2,22.8,47.1,1,-1,-1,-1
207,103,72.1,126.7,14.2,26.1,1,-1,-1,-1
207,106,421.0,230.8,19.7,44.8,1,-1,-1,-1
207,107,714.7,288.9,30.8,73.0,1,-1,-1,-1
207,108,286.4,490.9,51.3,70.3,1,-1,-1,-1
207,110,660.8,188.1,23.8,53.6,1,-1,-1,-1
208,2,171.0,431.5,52.9,69.7,1,-1,-1,-1
208,3,270.6,311.0,46.1,47.3,1,-1,-1,-1
208,4,239.9,476.8,67.3,76.7,1,-1,-1,-1
208,5,904.5,427.0,37.6,87.5,1,-1,-1,-1
208,6,319.0,394.4,39.5,101.2,1,-1,-1,-1
208,7,431.9,418.9,48.2,98.8,1,-1,-1,-1
208,8,632.2,255.8,26.6,53.4,1,-1,-1,-1
208,12,237.1,309.3,31.2,59.0,1,-1,-1,-1
208,14,907.2,334.3,30.0,82.4,1,-1,-1,-1
208,15,656.9,253.7,24.0,50.9,1,-1,-1,-1
208,16,384.3,247.4,24.5,65.9,1,-1,-1,-1
208,17,854.1,275.3,32.3,41.2,1,-1,-1,-1
208,18,267.2,395.6,50.9,100.8,1,-1,-1,-1
208,21,597.2,366.1,37.7,97.8,1,-1,-1,-1
208,22,603.9,324.4,28.5,71.2,1,-1,-1,-1
208,23,321.6,185.1,17.1,38.3,1,-1,-1,-1
208,24,785.1,202.7,21.7,49.9,1,-1,-1,-1
208,25,476.0,177.0,18.1,53.0,1,-1,-1,-1
208,26,907.6,178.7,20.8,46.8,1,-1,-1,-1
208,29,636.9,180.3,19.3,34.7,1,-1,-1,-1
208,30,451.8,242.7,20.3,36.5,1,-1,-1,-1
208,33,457.0,274.4,15.9,32.7,1,-1,-1,-1
208,41,483.4,647.9,57.6,105.8,1,-1,-1,-1
208,47,755.0,323.2,27.9,80.9,1,-1,-1,-1
208,53,234.9,155.1,15.8,35.7,1,-1,-1,-1
208,69,69.6,386.8,36.0,42.4,1,-1,-1,-1
208,71,343.1,570.7,94.4,78.0,1,-1,-1,-1
208,72,207.4,112.0,17.9,38.8,1,-1,-1,-1
208,73,707.7,371.8,39.1,86.4,1,-1,-1,-1
208,78,316.2,553.3,69.4,82.0,1,-1,-1,-1
208,79,18.9,481.4,65.3,109.4,1,-1,-1,-1
208,81,34.8,355.1,52.4,49.7,1,-1,-1,-1
208,83,468.6,250.6,17.8,37.5,1,-1,-1,-1
208,84,61.2,332.2,37.1,43.3,1,-1,-1,-1
208,90,11.8,279.2,36.2,76.8,1,-1,-1,-1
208,91,674.0,303.8,32.1,76.0,1,-1,-1,-1
208,94,25.5,338.3,34.4,42.1,1,-1,-1,-1
208,96,105.4,360.5,78.4,56.0,1,-1,-1,-1
208,100,938.0,181.3,22.8,47.1,1,-1,-1,-1
208,103,76.4,124.7,14.2,28.0,1,-1,-1,-1
208,106,422.4,230.9,19.7,43.2,1,-1,-1,-1
208,107,715.3,289.1,32.0,72.1,1,-1,-1,-1
208,108,283.3,492.1,51.3,70.6,1,-1,-1,-1
208,110,661.0,188.3,23.9,53.6,1,-1,-1,-1
209,2,171.2,431.3,52.9,69.5,1,-1,-1,-1
209,3,270.6,310.7,47.4,48.2,1,-1,-1,-1
209,4,239.3,476.9,68.0,77.5,1,-1,-1,-1
209,5,905.6,423.1,38.6,91.2,1,-1,-1,-1
209,6,319.2,393.5,39.8,101.8,1,-1,-1,-1
209,7,432.3,419.2,48.1,98.4,1,-1,-1,-1
209,8,633.3,255.5,26.5,53.5,1,-1,-1,-1
209,12,237.6,308.3,31.1,59.9,1,-1,-1,-1
209,14,908.0,334.6,31.9,81.2,1,-1,-1,-1
209,15,656.9,253.3,24.0,51.3,1,-1,-1,-1
209,16,384.9,247.4,24.6,65.8,1,-1,-1,-1
209,17,854.5,275.9,32.3,40.9,1,-1,-1,-1
209,18,266.8,396.1,51.1,100.6,1,-1,-1,-1
209,21,597.5,367.0,37.6,97.3,1,-1,-1,-1
209,22,603.3,323.9,28.4,71.8,1,-1,-1,-1
209,23,320.1,184.1,17.1,38.0,1,-1,-1,-1
209,24,785.2,204.0,21.2,48.8,1,-1,-1,-1
209,25,477.3,177.9,18.5,52.8,1,-1,-1,-1
209,26,914.8,178.8,21.5,46.6,1,-1,-1,-1
209,29,633.3,180.5,23.6,39.2,1,-1,-1,-1
209,30,452.3,243.2,20.8,35.5,1,-1,-1,-1
209,33,457.3,274.6,15.9,32.6,1,-1,-1,-1
209,41,485.0,667.0,50.9,91.2,1,-1,-1,-1
209,47,756.8,322.6,29.8,81.1,1,-1,-1,-1
209,53,238.4,156.5,16.0,34.1,1,-1,-1,-1
209,69,70.5,386.1,36.7,42.6,1,-1,-1,-1
209,71,337.4,568.3,99.6,82.8,1,-1,-1,-1
209,72,208.7,111.3,18.0,38.3,1,-1,-1,-1
209,73,711.3,374.5,37.6,84.1,1,-1,-1,-1
209,79,16.0,486.9,46.9,101.5,1,-1,-1,-1
209,81,35.7,355.1,52.4,49.5,1,-1,-1,-1
209,83,469.9,250.1,17.6,38.0,1,-1,-1,-1
209,84,61.5,332.2,36.0,43.7,1,-1,-1,-1
209,90,13.1,279.2,36.4,76.7,1,-1,-1,-1
209,91,673.7,305.1,32.3,73.7,1,-1,-1,-1
209,94,26.2,334.6,34.8,42.2,1,-1,-1,-1
209,96,107.1,360.2,77.2,55.7,1,-1,-1,-1
209,100,943.0,182.9,22.2,46.6,1,-1,-1,-1
209,103,81.9,123.5,14.8,29.3,1,-1,-1,-1
209,106,423.6,230.4,19.9,42.7,1,-1,-1,-1
209,107,716.2,289.8,32.0,71.8,1,-1,-1,-1
209,108,283.3,492.5,50.0,71.2,1,-1,-1,-1
209,110,661.8,189.3,24.8,53.7,1,-1,-1,-1
210,2,171.7,431.4,52.2,69.2,1,-1,-1,-1
210,3,272.9,309.9,47.3,48.6,1,-1,-1,-1
210,4,239.1,476.8,67.9,77.3,1,-1,-1,-1
210,5,907.3,420.8,38.9,94.1,1,-1,-1,-1
210,6,319.6,392.9,39.7,101.1,1,-1,-1,-1
210,7,433.2,419.5,45.7,97.8,1,-1,-1,-1
210,8,635.0,255.6,26.4,53.4,1,-1,-1,-1
210,12,237.9,307.6,31.3,59.4,1,-1,-1,-1
210,14,907.2,331.7,34.9,83.6,1,-1,-1,-1
210,15,657.4,253.1,23.8,51.4,1,-1,-1,-1
210,16,385.3,247.4,24.7,65.7,1,-1,-1,-1
210,17,855.3,276.1,31.9,40.8,1,-1,-1,-1
210,18,267.4,395.9,50.8,100.9,1,-1,-1,-1
210,21,598.4,369.9,36.5,97.0,1,-1,-1,-1
210,22,601.2,323.0,30.9,78.7,1,-1,-1,-1
210,23,319.4,183.9,17.2,35.9,1,-1,-1,-1
210,24,786.1,205.5,20.9,47.2,1,-1,-1,-1
210,25,478.3,178.4,18.7,52.3,1,-1,-1,-1
210,26,913.6,177.1,23.5,48.1,1,-1,-1,-1
210,29,635.7,181.8,24.8,39.8,1,-1,-1,-1
210,30,452.4,241.8,21.3,35.8,1,-1,-1,-1
210,33,458.0,273.1,16.0,33.8,1,-1,-1,-1
210,41,486.5,674.0,45.4,83.0,1,-1,-1,-1
210,47,758.4,322.9,31.0,80.3,1,-1,-1,-1
210,53,241.2,156.0,16.2,33.7,1,-1,-1,-1
210,69,71.5,386.0,37.1,42.3,1,-1,-1,-1
210,71,360.6,568.5,80.8,74.7,1,-1,-1,-1
210,72,212.0,111.0,18.2,38.7,1,-1,-1,-1
210,73,712.0,373.3,37.7,86.9,1,-1,-1,-1
210,79,9.0,481.4,55.9,107.4,1,-1,-1,-1
210,81,37.6,354.7,51.2,49.4,1,-1,-1,-1
210,83,470.1,250.1,17.5,38.2,1,-1,-1,-1
210,84,62.5,332.0,36.6,42.8,1,-1,-1,-1
210,90,15.9,280.3,37.8,75.8,1,-1,-1,-1
210,91,674.4,305.6,32.7,72.4,1,-1,-1,-1
210,94,28.0,334.9,34.4,41.8,1,-1,-1,-1
210,96,109.0,360.0,78.3,55.8,1,-1,-1,-1
210,100,945.7,184.7,22.3,45.7,1,-1,-1,-1
210,103,87.5,122.8,14.8,30.0,1,-1,-1,-1
210,106,426.0,230.5,19.8,43.2,1,-1,-1,-1
210,107,718.8,289.5,29.9,71.8,1,-1,-1,-1
210,108,286.3,492.4,47.8,71.6,1,-1,-1,-1
210,110,663.8,189.5,24.7,52.7,1,-1,-1,-1
211,2,177.9,433.1,52.6,67.4,1,-1,-1,-1
211,3,276.8,311.6,47.0,49.5,1,-1,-1,-1
211,4,239.3,476.5,67.9,76.9,1,-1,-1,-1
211,5,909.1,421.2,39.1,97.0,1,-1,-1,-1
211,6,320.3,392.4,39.2,101.4,1,-1,-1,-1
211,7,435.1,419.4,42.7,97.6,1,-1,-1,-1
211,8,635.1,254.7,26.6,54.5,1,-1,-1,-1
211,12,238.4,307.5,31.2,59.1,1,-1,-1,-1
211,14,908.9,330.9,39.0,86.2,1,-1,-1,-1
211,15,658.5,253.1,24.3,52.0,1,-1,-1,-1
211,16,386.1,247.4,24.8,65.4,1,-1,-1,-1
211,17,856.1,276.3,32.2,40.6,1,-1,-1,-1
211,18,273.2,400.4,45.8,95.7,1,-1,-1,-1
211,21,598.7,372.4,37.6,96.6,1,-1,-1,-1
211,22,600.4,322.0,31.8,82.2,1,-1,-1,-1
211,23,318.4,182.7,17.3,34.7,1,-1,-1,-1
211,24,784.7,206.3,22.1,50.6,1,-1,-1,-1
211,25,479.5,178.0,18.4,52.2,1,-1,-1,-1
211,26,912.1,176.9,24.4,48.8,1,-1,-1,-1
211,29,634.4,179.8,26.2,41.6,1,-1,-1,-1
211,30,453.0,241.7,21.4,36.0,1,-1,-1,-1
211,33,458.5,272.8,15.9,34.6,1,-1,-1,-1
211,41,486.6,675.8,43.1,79.3,1,-1,-1,-1
211,47,760.6,323.2,38.7,80.3,1,-1,-1,-1
211,53,243.8,154.9,15.3,33.3,1,-1,-1,-1
211,69,73.5,386.6,36.6,41.7,1,-1,-1,-1
211,71,369.5,569.7,69.9,70.5,1,-1,-1,-1
211,72,215.8,111.3,17.5,38.2,1,-1,-1,-1
211,73,714.4,375.9,36.8,86.1,1,-1,-1,-1
211,78,315.5,552.8,71.1,81.2,1,-1,-1,-1
211,79,4.5,478.4,58.6,108.4,1,-1,-1,-1
211,81,39.1,354.2,50.7,49.4,1,-1,-1,-1
211,83,472.8,250.1,18.0,37.7,1,-1,-1,-1
211,84,47.6,331.5,51.6,46.0,1,-1,-1,-1
211,90,18.4,280.2,38.4,77.0,1,-1,-1,-1
211,91,673.6,303.3,34.5,76.4,1,-1,-1,-1
211,94,29.3,334.7,34.5,41.3,1,-1,-1,-1
211,96,110.3,360.0,79.6,56.0,1,-1,-1,-1
211,100,946.9,183.6,22.9,45.1,1,-1,-1,-1
211,106,428.9,231.2,19.6,45.1,1,-1,-1,-1
211,107,721.3,289.1,28.9,72.4,1,-1,-1,-1
211,108,286.5,492.3,48.3,71.1,1,-1,-1,-1
211,110,667.7,190.8,23.3,51.1,1,-1,-1,-1
212,2,179.4,433.3,53.2,66.7,1,-1,-1,-1
212,3,277.9,311.4,47.7,49.8,1,-1,-1,-1
212,4,239.7,477.3,67.7,76.3,1,-1,-1,-1
212,5,915.2,427.7,36.1,89.9,1,-1,-1,-1
212,6,320.8,391.5,39.2,102.3,1,-1,-1,-1
212,7,436.4,419.3,39.0,97.1,1,-1,-1,-1
212,8,635.2,255.5,26.6,54.4,1,-1,-1,-1
212,12,240.0,308.3,30.8,58.3,1,-1,-1,-1
212,14,914.3,333.8,37.5,81.5,1,-1,-1,-1
212,15,661.9,252.5,26.0,53.4,1,-1,-1,-1
212,16,387.1,247.4,24.8,65.6,1,-1,-1,-1
212,17,859.5,277.9,32.6,40.3,1,-1,-1,-1
212,18,274.8,401.2,43.8,94.0,1,-1,-1,-1
212,21,599.9,373.7,37.5,97.2,1,-1,-1,-1
212,22,601.0,321.3,31.4,83.0,1,-1,-1,-1
212,23,316.3,182.6,16.0,34.3,1,-1,-1,-1
212,24,785.3,204.3,23.1,53.3,1,-1,-1,-1
212,25,481.8,177.8,17.8,52.3,1,-1,-1,-1
212,26,916.2,179.2,22.7,47.8,1,-1,-1,-1
212,29,634.4,178.8,27.1,42.7,1,-1,-1,-1
212,30,455.9,244.0,20.1,34.8,1,-1,-1,-1
212,33,460.1,273.3,15.6,34.6,1,-1,-1,-1
212,41,484.6,668.1,43.9,85.3,1,-1,-1,-1
212,47,762.9,322.6,38.9,80.5,1,-1,-1,-1
212,53,245.7,153.4,15.9,33.2,1,-1,-1,-1
212,69,76.3,385.6,34.5,41.6,1,-1,-1,-1
212,71,372.8,570.3,63.9,69.2,1,-1,-1,-1
212,72,217.9,111.6,18.4,38.2,1,-1,-1,-1
212,73,715.3,377.3,38.1,85.0,1,-1,-1,-1
212,78,314.9,552.5,71.6,81.2,1,-1,-1,-1
212,79,2.1,477.1,56.7,112.9,1,-1,-1,-1
212,81,40.9,353.7,49.8,49.8,1,-1,-1,-1
212,83,474.8,250.9,17.6,37.2,1,-1,-1,-1
212,84,44.9,330.8,57.5,47.8,1,-1,-1,-1
212,90,20.7,279.3,37.0,71.7,1,-1,-1,-1
212,91,675.4,302.5,35.1,77.8,1,-1,-1,-1
212,96,112.0,359.5,79.5,55.4,1,-1,-1,-1
212,100,948.3,183.4,23.1,44.8,1,-1,-1,-1
212,106,430.8,231.1,19.7,47.3,1,-1,-1,-1
212,107,726.1,289.0,27.8,73.6,1,-1,-1,-1
212,108,287.1,491.8,48.4,69.6,1,-1,-1,-1
212,110,670.8,192.0,22.9,49.4,1,-1,-1,-1
212,111,458.2,640.0,48.2,103.1,1,-1,-1,-1
212,112,260.2,311.9,27.5,38.8,1,-1,-1,-1
212,113,0.0,288.1,13.7,84.6,1,-1,-1,-1
213,2,179.4,433.1,54.3,66.7,1,-1,-1,-1
213,3,279.7,310.5,48.1,50.1,1,-1,-1,-1
213,4,239.6,477.2,67.6,76.6,1,-1,-1,-1
213,5,917.6,429.8,34.6,86.9,1,-1,-1,-1
213,6,321.5,391.2,38.9,102.2,1,-1,-1,-1
213,7,437.5,418.7,37.0,97.1,1,-1,-1,-1
213,8,635.9,255.8,26.7,54.5,1,-1,-1,-1
213,12,242.2,307.4,29.1,57.8,1,-1,-1,-1
213,14,917.0,333.7,36.0,80.5,1,-1,-1,-1
213,15,663.1,253.4,26.7,52.9,1,-1,-1,-1
213,16,388.2,247.5,25.2,65.3,1,-1,-1,-1
213,17,859.1,276.5,33.5,41.2,1,-1,-1,-1
213,18,275.9,401.3,43.9,92.8,1,-1,-1,-1
213,21,601.1,375.0,37.2,96.7,1,-1,-1,-1
213,22,601.3,320.8,31.2,83.7,1,-1,-1,-1
213,23,315.3,181.6,15.5,35.5,1,-1,-1,-1
213,24,790.3,203.9,21.7,51.0,1,-1,-1,-1
213,25,484.0,177.9,18.2,52.4,1,-1,-1,-1
213,26,918.7,179.7,21.9,47.1,1,-1,-1,-1
213,29,638.7,178.9,26.4,42.8,1,-1,-1,-1
213,30,458.5,243.5,19.3,35.8,1,-1,-1,-1
213,33,461.6,273.8,15.6,34.7,1,-1,-1,-1
213,41,482.0,665.9,45.5,88.0,1,-1,-1,-1
213,47,766.1,321.9,36.3,80.1,1,-1,-1,-1
213,53,249.3,154.7,16.1,32.0,1,-1,-1,-1
213,69,78.2,385.3,34.0,41.5,1,-1,-1,-1
213,71,379.7,571.0,56.4,68.5,1,-1,-1,-1
213,72,221.7,111.7,18.2,37.7,1,-1,-1,-1
213,73,715.6,377.2,36.8,84.5,1,-1,-1,-1
213,78,314.9,552.1,71.6,80.7,1,-1,-1,-1
213,79,1.8,477.7,53.9,116.7,1,-1,-1,-1
213,81,41.6,352.2,49.9,50.8,1,-1,-1,-1
213,83,476.5,251.1,17.1,36.9,1,-1,-1,-1
213,84,61.0,330.0,48.3,43.7,1,-1,-1,-1
213,90,20.4,278.4,37.2,72.3,1,-1,-1,-1
213,91,677.7,302.8,35.4,77.7,1,-1,-1,-1
213,96,114.3,359.2,78.3,54.6,1,-1,-1,-1
213,100,950.7,182.9,22.6,45.1,1,-1,-1,-1
213,106,431.9,232.6,19.4,47.6,1,-1,-1,-1
213,107,728.5,290.1,28.5,73.1,1,-1,-1,-1
213,108,285.2,493.3,51.0,69.3,1,-1,-1,-1
213,110,673.7,192.9,23.1,50.4,1,-1,-1,-1
213,111,456.0,638.2,48.7,98.1,1,-1,-1,-1
213,112,263.2,311.1,26.7,37.6,1,-1,-1,-1
213,113,0.0,305.6,17.0,57.9,1,-1,-1,-1
214,2,181.1,432.3,53.1,66.2,1,-1,-1,-1
214,3,281.5,310.6,47.6,50.1,1,-1,-1,-1
214,4,240.6,477.1,65.9,74.0,1,-1,-1,-1
214,5,916.1,426.4,39.2,92.1,1,-1,-1,-1
214,6,322.8,391.2,38.6,101.9,1,-1,-1,-1
214,7,437.6,418.7,36.2,97.2,1,-1,-1,-1
214,8,638.9,257.0,26.2,53.6,1,-1,-1,-1
214,12,244.5,307.1,27.7,57.6,1,-1,-1,-1
214,14,920.9,331.7,33.7,81.7,1,-1,-1,-1
214,15,663.6,253.0,27.9,53.2,1,-1,-1,-1
214,16,390.2,247.2,26.3,66.6,1,-1,-1,-1
214,17,860.0,276.4,32.9,41.2,1,-1,-1,-1
214,18,277.2,400.8,44.6,92.7,1,-1,-1,-1
214,21,604.3,376.3,35.9,97.1,1,-1,-1,-1
214,22,604.7,320.9,27.5,79.5,1,-1,-1,-1
214,23,315.0,180.2,14.8,35.1,1,-1,-1,-1
214,24,791.5,203.4,23.7,54.6,1,-1,-1,-1
214,25,486.4,177.8,17.9,52.6,1,-1,-1,-1
214,26,919.8,179.4,21.5,47.3,1,-1,-1,-1
214,29,641.8,179.9,25.2,41.6,1,-1,-1,-1
214,30,460.0,242.5,19.1,36.2,1,-1,-1,-1
214,33,464.2,272.8,16.6,34.6,1,-1,-1,-1
214,41,477.7,650.2,51.4,101.4,1,-1,-1,-1
214,47,771.6,321.3,31.6,80.5,1,-1,-1,-1
214,53,253.2,156.5,15.2,30.3,1,-1,-1,-1
214,69,79.7,384.5,35.6,42.0,1,-1,-1,-1
214,71,385.2,570.9,50.5,68.6,1,-1,-1,-1
214,72,223.8,110.4,18.6,38.7,1,-1,-1,-1
214,73,716.1,376.7,34.8,84.5,1,-1,-1,-1
214,78,314.8,551.8,71.6,80.4,1,-1,-1,-1
214,79,2.4,481.7,52.4,116.2,1,-1,-1,-1
214,81,44.1,353.0,50.7,49.4,1,-1,-1,-1
214,83,478.3,251.1,17.0,36.9,1,-1,-1,-1
214,84,70.9,329.8,40.7,41.1,1,-1,-1,-1
214,90,23.0,278.2,36.9,72.5,1,-1,-1,-1
214,91,679.6,302.4,35.4,77.9,1,-1,-1,-1
214,96,117.1,359.0,77.2,54.3,1,-1,-1,-1
214,100,952.5,183.5,22.4,47.6,1,-1,-1,-1
214,106,434.1,231.7,19.9,47.2,1,-1,-1,-1
214,107,730.7,289.1,28.7,73.2,1,-1,-1,-1
214,108,284.6,494.1,52.7,67.9,1,-1,-1,-1
214,110,675.7,191.6,22.4,52.2,1,-1,-1,-1
214,111,454.3,634.5,48.5,94.9,1,-1,-1,-1
214,112,264.6,310.4,26.9,37.6,1,-1,-1,-1
214,113,-0.2,295.9,17.5,70.0,1,-1,-1,-1
215,2,182.4,431.5,52.8,66.8,1,-1,-1,-1
215,3,284.0,311.0,46.3,49.4,1,-1,-1,-1
215,4,242.6,477.5,63.9,71.4,1,-1,-1,-1
215,5,925.2,430.2,36.0,88.3,1,-1,-1,-1
215,6,323.6,391.3,38.3,102.8,1,-1,-1,-1
215,7,438.7,418.7,36.4,96.9,1,-1,-1,-1
215,8,642.5,257.4,25.7,53.2,1,-1,-1,-1
215,12,246.8,305.4,27.6,58.2,1,-1,-1,-1
215,14,929.9,334.2,28.6,79.1,1,-1,-1,-1
215,15,665.2,253.9,26.4,51.3,1,-1,-1,-1
215,16,393.1,247.0,25.4,67.1,1,-1,-1,-1
215,17,861.3,276.8,32.7,40.7,1,-1,-1,-1
215,18,279.2,400.2,43.7,93.3,1,-1,-1,-1
215,21,606.8,378.8,36.3,95.5,1,-1,-1,-1
215,22,606.4,322.1,26.5,78.4,1,-1,-1,-1
215,23,314.1,179.9,14.6,34.5,1,-1,-1,-1
215,24,791.9,202.9,24.1,54.4,1,-1,-1,-1
215,25,488.5,178.1,18.4,52.4,1,-1,-1,-1
215,26,919.9,179.4,20.6,47.4,1,-1,-1,-1
215,29,643.8,180.4,25.2,41.3,1,-1,-1,-1
215,30,461.8,242.6,21.4,36.1,1,-1,-1,-1
215,33,466.5,272.7,16.3,34.2,1,-1,-1,-1
215,41,475.5,645.8,54.7,107.3,1,-1,-1,-1
215,47,777.8,320.5,27.5,80.3,1,-1,-1,-1
215,53,255.6,157.2,15.9,29.9,1,-1,-1,-1
215,69,80.3,383.0,36.9,42.7,1,-1,-1,-1
215,71,388.2,570.5,47.1,69.0,1,-1,-1,-1
215,72,227.4,110.7,18.9,39.0,1,-1,-1,-1
215,73,717.6,377.0,33.4,85.3,1,-1,-1,-1
215,78,315.4,552.0,70.7,79.9,1,-1,-1,-1
215,79,-0.3,488.0,47.2,102.4,1,-1,-1,-1
215,81,46.2,351.6,51.3,49.8,1,-1,-1,-1
215,83,479.0,250.8,17.2,37.2,1,-1,-1,-1
215,84,74.4,329.2,37.6,42.6,1,-1,-1,-1
215,90,27.2,278.6,37.8,72.4,1,-1,-1,-1
215,91,681.0,302.5,35.3,78.2,1,-1,-1,-1
215,94,37.1,332.6,33.8,45.0,1,-1,-1,-1
215,96,117.7,358.6,77.3,53.6,1,-1,-1,-1
215,100,955.8,184.4,21.6,47.3,1,-1,-1,-1
215,106,437.0,231.5,20.2,47.3,1,-1,-1,-1
215,107,733.5,289.4,27.6,75.3,1,-1,-1,-1
215,108,283.8,494.9,54.5,69.6,1,-1,-1,-1
215,110,678.2,193.1,22.1,51.4,1,-1,-1,-1
215,112,266.4,310.4,28.0,37.4,1,-1,-1,-1
215,113,-0.4,297.8,17.1,63.7,1,-1,-1,-1
215,114,969.9,194.8,18.3,37.7,1,-1,-1,-1
215,115,1143.7,261.3,8.3,44.3,1,-1,-1,-1
216,2,182.8,431.7,53.4,66.5,1,-1,-1,-1
216,3,286.3,310.9,46.6,48.8,1,-1,-1,-1
216,4,245.5,477.1,62.6,69.4,1,-1,-1,-1
216,5,919.0,430.0,42.6,91.4,1,-1,-1,-1
216,6,324.6,390.7,38.3,103.4,1,-1,-1,-1
216,7,439.6,418.0,36.3,97.2,1,-1,-1,-1
216,8,644.2,256.6,25.8,53.8,1,-1,-1,-1
216,12,248.7,304.6,27.3,58.8,1,-1,-1,-1
216,14,936.5,334.4,25.8,79.4,1,-1,-1,-1
216,15,667.2,254.7,25.3,51.5,1,-1,-1,-1
216,16,395.0,246.4,24.3,66.6,1,-1,-1,-1
216,17,862.9,277.0,33.0,41.0,1,-1,-1,-1
216,18,279.6,399.7,44.9,92.3,1,-1,-1,-1
216,21,607.9,376.9,37.6,97.0,1,-1,-1,-1
216,22,606.8,322.7,26.8,78.7,1,-1,-1,-1
216,23,314.5,179.6,13.9,32.9,1,-1,-1,-1
216,24,797.0,203.5,23.3,55.0,1,-1,-1,-1
216,25,491.6,177.8,17.8,52.8,1,-1,-1,-1
216,26,919.7,180.6,21.0,47.2,1,-1,-1,-1
216,29,646.7,182.0,25.2,39.7,1,-1,-1,-1
216,30,462.9,243.4,21.9,35.3,1,-1,-1,-1
216,33,468.4,273.9,15.8,33.1,1,-1,-1,-1
216,41,472.7,645.6,57.4,109.1,1,-1,-1,-1
216,47,782.5,319.2,26.6,83.0,1,-1,-1,-1
216,53,257.9,155.8,17.5,30.9,1,-1,-1,-1
216,69,82.6,382.2,36.8,42.3,1,-1,-1,-1
216,71,386.3,569.9,48.3,69.6,1,-1,-1,-1
216,72,231.2,111.0,18.5,37.9,1,-1,-1,-1
216,73,722.9,379.9,28.1,85.2,1,-1,-1,-1
216,78,316.2,551.2,70.2,80.5,1,-1,-1,-1
216,79,0.6,488.8,50.2,106.0,1,-1,-1,-1
216,81,50.7,352.9,49.3,48.2,1,-1,-1,-1
216,83,481.3,250.5,17.3,37.4,1,-1,-1,-1
216,84,77.9,328.8,36.1,44.3,1,-1,-1,-1
216,90,30.5,277.6,37.7,73.6,1,-1,-1,-1
216,91,682.2,302.4,36.1,78.7,1,-1,-1,-1
216,94,43.8,331.9,33.2,46.6,1,-1,-1,-1
216,96,120.2,358.2,76.6,52.9,1,-1,-1,-1
216,100,958.3,185.0,22.1,47.8,1,-1,-1,-1
216,106,441.2,231.8,20.2,45.7,1,-1,-1,-1
216,107,735.1,289.9,28.2,74.8,1,-1,-1,-1
216,108,284.7,494.9,53.7,69.5,1,-1,-1,-1
216,110,680.3,192.9,22.4,51.4,1,-1,-1,-1
216,112,270.4,310.8,26.7,37.1,1,-1,-1,-1
216,113,-0.4,288.5,16.4,64.8,1,-1,-1,-1
216,114,973.9,195.5,18.0,37.2,1,-1,-1,-1
216,115,1147.9,269.3,4.2,42.6,1,-1,-1,-1
216,116,343.6,596.1,69.6,54.1,1,-1,-1,-1
217,2,181.0,427.5,52.9,68.8,1,-1,-1,-1
217,3,287.8,310.4,49.1,48.5,1,-1,-1,-1
217,4,247.2,478.3,64.9,68.1,1,-1,-1,-1
217,5,919.7,429.9,45.3,93.0,1,-1,-1,-1
217,6,325.6,390.0,38.0,102.5,1,-1,-1,-1
217,7,443.9,419.3,36.2,96.9,1,-1,-1,-1
217,8,645.5,255.6,26.4,54.6,1,-1,-1,-1
217,12,250.0,304.4,26.9,59.2,1,-1,-1,-1
217,14,938.7,336.3,27.8,79.8,1,-1,-1,-1
217,15,669.0,254.0,24.7,52.0,1,-1,-1,-1
217,16,397.0,247.0,24.9,65.0,1,-1,-1,-1
217,17,865.5,277.5,34.0,41.1,1,-1,-1,-1
217,18,276.3,396.2,45.4,95.0,1,-1,-1,-1
217,21,608.8,378.0,39.1,97.4,1,-1,-1,-1
217,22,607.7,323.2,28.3,80.3,1,-1,-1,-1
217,23,315.4,179.5,14.3,34.0,1,-1,-1,-1
217,24,798.7,202.2,23.2,55.7,1,-1,-1,-1
217,25,494.3,178.1,18.2,52.6,1,-1,-1,-1
217,26,919.5,181.6,20.8,46.5,1,-1,-1,-1
217,29,648.8,181.1,25.1,39.5,1,-1,-1,-1
217,30,465.2,243.7,21.1,35.1,1,-1,-1,-1
217,33,469.5,274.0,16.0,33.0,1,-1,-1,-1
217,41,471.9,646.2,58.1,108.9,1,-1,-1,-1
217,47,787.2,320.3,25.9,81.9,1,-1,-1,-1
217,53,259.5,153.9,17.8,31.1,1,-1,-1,-1
217,69,85.9,381.6,35.6,41.8,1,-1,-1,-1
217,71,386.4,569.7,48.8,69.9,1,-1,-1,-1
217,72,235.2,110.2,19.0,39.6,1,-1,-1,-1
217,73,725.5,381.3,26.4,85.1,1,-1,-1,-1
217,78,316.5,550.5,70.5,81.2,1,-1,-1,-1
217,79,-0.0,501.2,48.3,96.9,1,-1,-1,-1
217,81,54.8,354.3,48.6,47.4,1,-1,-1,-1
217,83,485.0,250.8,17.8,37.4,1,-1,-1,-1
217,84,60.5,329.5,52.5,49.1,1,-1,-1,-1
217,90,32.8,277.1,36.5,75.4,1,-1,-1,-1
217,91,683.9,302.0,36.8,79.8,1,-1,-1,-1
217,94,49.9,331.7,31.9,47.1,1,-1,-1,-1
217,96,123.9,358.1,77.7,53.2,1,-1,-1,-1
217,100,962.2,186.4,22.5,48.4,1,-1,-1,-1
217,106,444.4,231.7,19.8,46.5,1,-1,-1,-1
217,107,737.1,291.3,31.1,73.9,1,-1,-1,-1
217,108,285.3,494.7,52.9,69.4,1,-1,-1,-1
217,110,683.3,194.0,23.1,51.8,1,-1,-1,-1
217,112,274.1,311.8,26.4,36.8,1,-1,-1,-1
217,113,0.7,288.2,22.2,68.8,1,-1,-1,-1
217,114,978.4,193.1,20.6,44.2,1,-1,-1,-1
217,116,344.9,595.3,69.4,54.5,1,-1,-1,-1
218,2,180.7,428.2,54.1,68.1,1,-1,-1,-1
218,3,289.0,307.6,47.0,47.7,1,-1,-1,-1
218,4,246.4,476.8,66.2,67.6,1,-1,-1,-1
218,5,924.1,426.3,45.4,98.5,1,-1,-1,-1
218,6,326.5,389.7,37.9,101.5,1,-1,-1,-1
218,7,445.8,419.7,34.9,96.3,1,-1,-1,-1
218,8,645.7,255.5,26.8,55.0,1,-1,-1,-1
218,12,253.4,303.8,26.2,58.9,1,-1,-1,-1
218,14,938.1,335.3,31.3,80.5,1,-1,-1,-1
218,15,672.0,254.3,25.8,52.7,1,-1,-1,-1
218,16,399.3,247.5,24.8,64.2,1,-1,-1,-1
218,17,869.1,278.4,33.9,41.3,1,-1,-1,-1
218,18,277.1,395.5,47.3,95.2,1,-1,-1,-1
218,21,609.6,379.1,40.7,99.1,1,-1,-1,-1
218,22,608.2,323.5,30.2,80.4,1,-1,-1,-1
218,23,315.8,177.1,15.7,36.5,1,-1,-1,-1
218,24,801.0,202.4,23.9,55.9,1,-1,-1,-1
218,25,496.3,178.0,18.1,52.5,1,-1,-1,-1
218,26,918.6,182.6,20.6,46.1,1,-1,-1,-1
218,29,652.2,181.5,23.8,39.1,1,-1,-1,-1
218,30,468.6,242.6,20.6,37.0,1,-1,-1,-1
218,33,470.5,274.1,17.0,33.6,1,-1,-1,-1
218,41,471.3,646.6,58.8,108.5,1,-1,-1,-1
218,47,789.9,321.3,29.5,80.0,1,-1,-1,-1
218,53,262.4,153.8,17.4,30.2,1,-1,-1,-1
218,69,88.9,382.3,34.4,41.0,1,-1,-1,-1
218,71,388.5,569.3,47.4,70.2,1,-1,-1,-1
218,72,239.0,110.0,19.3,40.3,1,-1,-1,-1
218,73,726.5,382.0,27.7,83.9,1,-1,-1,-1
218,78,315.1,550.6,73.7,80.7,1,-1,-1,-1
218,79,-1.2,500.9,40.2,97.3,1,-1,-1,-1
218,83,487.8,251.1,17.2,37.1,1,-1,-1,-1
218,84,43.3,332.5,59.0,51.8,1,-1,-1,-1
218,90,36.7,277.3,36.2,73.5,1,-1,-1,-1
218,91,688.0,303.9,35.0,78.3,1,-1,-1,-1
218,96,126.0,357.7,78.2,53.1,1,-1,-1,-1
218,100,965.6,184.3,21.5,45.8,1,-1,-1,-1
218,106,446.4,231.9,20.9,47.7,1,-1,-1,-1
218,107,738.4,290.6,30.8,73.1,1,-1,-1,-1
218,108,286.2,494.7,52.4,69.5,1,-1,-1,-1
218,110,686.4,195.0,22.7,51.5,1,-1,-1,-1
218,113,0.4,291.0,25.2,64.6,1,-1,-1,-1
218,114,980.3,190.5,20.9,45.8,1,-1,-1,-1
218,116,343.1,596.0,69.6,54.2,1,-1,-1,-1
219,2,188.9,429.4,53.5,65.1,1,-1,-1,-1
219,3,290.2,307.5,45.9,48.2,1,-1,-1,-1
219,4,246.9,474.3,66.1,69.6,1,-1,-1,-1
219,5,928.8,426.2,43.7,100.7,1,-1,-1,-1
219,6,327.5,388.9,38.0,99.6,1,-1,-1,-1
219,7,442.3,414.2,36.8,100.0,1,-1,-1,-1
219,8,647.7,258.2,27.0,53.3,1,-1,-1,-1
219,12,255.8,304.0,25.3,57.6,1,-1,-1,-1
219,14,939.7,335.0,33.7,82.0,1,-1,-1,-1
219,15,673.2,254.2,28.5,52.7,1,-1,-1,-1
219,16,403.1,247.0,25.1,65.5,1,-1,-1,-1
219,17,870.9,278.9,32.2,41.0,1,-1,-1,-1
219,18,277.3,395.6,50.1,96.1,1,-1,-1,-1
219,21,612.2,379.2,40.1,100.7,1,-1,-1,-1
219,22,608.1,324.0,31.7,81.3,1,-1,-1,-1
219,23,316.1,175.2,17.0,38.7,1,-1,-1,-1
219,24,801.6,203.0,24.0,56.1,1,-1,-1,-1
219,25,499.1,178.1,18.0,52.3,1,-1,-1,-1
219,29,655.3,182.5,23.0,39.7,1,-1,-1,-1
219,30,471.4,242.2,19.8,37.6,1,-1,-1,-1
219,33,473.1,273.0,17.2,34.8,1,-1,-1,-1
219,41,470.9,646.6,58.6,107.3,1,-1,-1,-1
219,47,791.4,321.2,36.2,79.9,1,-1,-1,-1
219,53,264.7,153.4,18.6,30.9,1,-1,-1,-1
219,69,90.9,383.1,35.6,40.5,1,-1,-1,-1
219,71,380.6,569.1,54.3,70.3,1,-1,-1,-1
219,72,243.2,111.1,18.4,38.8,1,-1,-1,-1
219,73,727.8,383.3,27.7,84.4,1,-1,-1,-1
219,78,314.9,550.4,74.6,79.6,1,-1,-1,-1
219,79,-0.4,504.1,36.2,93.2,1,-1,-1,-1
219,81,58.6,350.7,52.1,46.3,1,-1,-1,-1
219,83,489.8,251.2,17.0,36.9,1,-1,-1,-1
219,90,40.6,277.0,36.6,73.9,1,-1,-1,-1
219,91,691.5,304.1,34.0,77.6,1,-1,-1,-1
219,96,126.0,357.0,79.4,53.1,1,-1,-1,-1
219,100,968.6,184.5,20.3,45.6,1,-1,-1,-1
219,106,448.2,231.7,22.2,48.5,1,-1,-1,-1
219,107,743.0,293.6,29.9,73.8,1,-1,-1,-1
219,108,286.5,494.7,52.0,68.8,1,-1,-1,-1
219,110,689.4,195.1,22.5,50.2,1,-1,-1,-1
219,113,0.6,290.2,29.6,63.6,1,-1,-1,-1
219,114,981.5,189.5,21.0,47.3,1,-1,-1,-1
219,116,339.2,597.1,69.6,54.1,1,-1,-1,-1
219,118,84.6,327.1,37.8,46.1,1,-1,-1,-1
220,2,191.6,429.7,53.0,62.2,1,-1,-1,-1
220,3,294.9,309.2,44.9,45.7,1,-1,-1,-1
220,4,254.3,478.5,58.1,63.5,1,-1,-1,-1
220,5,935.1,429.2,41.0,100.0,1,-1,-1,-1
220,6,328.3,389.5,38.7,99.9,1,-1,-1,-1
220,7,440.8,412.0,39.1,100.8,1,-1,-1,-1
220,8,652.5,260.2,25.7,51.4,1,-1,-1,-1
220,12,258.8,303.3,26.2,57.2,1,-1,-1,-1
220,14,944.1,335.5,34.2,82.7,1,-1,-1,-1
220,15,675.7,255.1,26.0,52.1,1,-1,-1,-1
220,16,405.0,247.1,24.8,66.2,1,-1,-1,-1
220,17,872.0,278.7,32.5,41.3,1,-1,-1,-1
220,18,278.0,393.3,51.4,99.1,1,-1,-1,-1
220,21,614.2,379.8,38.9,102.3,1,-1,-1,-1
220,22,608.3,324.2,32.5,81.2,1,-1,-1,-1
220,23,317.4,174.8,17.7,39.3,1,-1,-1,-1
220,24,805.8,205.9,22.0,51.4,1,-1,-1,-1
220,25,502.2,178.0,17.5,52.6,1,-1,-1,-1
220,29,656.6,181.7,23.6,39.4,1,-1,-1,-1
220,30,472.8,242.9,21.6,36.4,1,-1,-1,-1
220,33,476.8,273.0,16.7,34.1,1,-1,-1,-1
220,41,470.5,646.8,57.6,106.6,1,-1,-1,-1
220,47,792.9,321.7,38.2,79.4,1,-1,-1,-1
220,53,265.6,152.0,19.8,31.7,1,-1,-1,-1
220,69,93.3,380.9,35.5,40.7,1,-1,-1,-1
220,71,377.5,568.9,58.5,70.4,1,-1,-1,-1
220,72,248.1,111.7,16.8,38.2,1,-1,-1,-1
220,73,729.1,384.8,27.7,82.7,1,-1,-1,-1
220,78,315.4,550.2,74.7,78.6,1,-1,-1,-1
220,79,0.3,508.2,33.9,88.3,1,-1,-1,-1
220,81,62.3,348.1,50.6,49.8,1,-1,-1,-1
220,83,490.5,251.0,16.4,36.7,1,-1,-1,-1
220,90,42.3,275.1,37.0,73.2,1,-1,-1,-1
220,91,693.7,303.8,34.4,78.4,1,-1,-1,-1
220,96,127.6,355.8,79.1,53.4,1,-1,-1,-1
220,100,969.8,184.8,19.8,45.2,1,-1,-1,-1
220,106,452.2,231.3,21.3,48.0,1,-1,-1,-1
220,107,744.4,294.4,28.6,74.1,1,-1,-1,-1
220,108,286.3,495.6,52.4,68.3,1,-1,-1,-1
220,110,692.2,194.6,22.6,50.4,1,-1,-1,-1
220,113,0.3,290.5,32.1,60.8,1,-1,-1,-1
220,114,982.8,189.9,21.7,47.4,1,-1,-1,-1
220,118,88.8,326.6,36.4,42.7,1,-1,-1,-1
220,119,535.3,727.3,39.7,28.7,1,-1,-1,-1
220,120,457.7,631.2,32.1,8.8,1,-1,-1,-1
221,2,192.9,430.0,52.1,61.5,1,-1,-1,-1
221,3,297.5,310.1,45.5,44.4,1,-1,-1,-1
221,4,251.6,474.6,60.6,67.4,1,-1,-1,-1
221,5,938.2,430.7,40.0,99.5,1,-1,-1,-1
221,6,330.8,389.5,38.2,100.4,1,-1,-1,-1
221,7,439.8,411.6,40.7,101.1,1,-1,-1,-1
221,8,654.7,258.5,25.5,52.3,1,-1,-1,-1
221,12,260.0,302.6,26.0,57.4,1,-1,-1,-1
221,14,950.7,336.6,33.8,82.6,1,-1,-1,-1
221,15,677.7,255.5,24.2,51.8,1,-1,-1,-1
221,16,406.4,246.9,24.6,64.7,1,-1,-1,-1
221,17,875.9,281.5,34.3,40.6,1,-1,-1,-1
221,18,284.6,396.4,46.6,95.0,1,-1,-1,-1
221,21,616.0,382.3,38.3,100.0,1,-1,-1,-1
221,22,608.5,324.1,32.6,79.7,1,-1,-1,-1
221,23,318.0,172.9,18.1,39.6,1,-1,-1,-1
221,24,809.8,204.6,23.0,55.1,1,-1,-1,-1
221,25,504.4,178.8,17.9,52.2,1,-1,-1,-1
221,29,661.8,183.4,23.1,37.3,1,-1,-1,-1
221,30,474.9,243.9,21.4,35.2,1,-1,-1,-1
221,33,479.0,274.6,16.0,33.0,1,-1,-1,-1
221,41,469.8,647.0,57.0,106.3,1,-1,-1,-1
221,47,796.7,322.1,35.5,79.1,1,-1,-1,-1
221,53,265.9,150.7,19.1,32.3,1,-1,-1,-1
221,69,96.2,380.2,34.7,39.8,1,-1,-1,-1
221,71,380.5,568.8,56.7,70.5,1,-1,-1,-1
221,72,250.5,110.2,17.8,36.7,1,-1,-1,-1
221,73,728.2,381.0,31.3,84.1,1,-1,-1,-1
221,78,315.8,550.1,74.4,78.0,1,-1,-1,-1
221,79,0.6,504.9,33.2,88.2,1,-1,-1,-1
221,81,63.9,347.5,49.1,50.9,1,-1,-1,-1
221,83,491.9,251.1,16.8,37.0,1,-1,-1,-1
221,90,44.7,275.0,36.2,71.2,1,-1,-1,-1
221,91,696.3,304.1,34.2,78.9,1,-1,-1,-1
221,96,132.2,354.9,76.9,53.4,1,-1,-1,-1
221,100,972.2,187.7,21.1,47.2,1,-1,-1,-1
221,106,455.4,231.2,21.2,47.6,1,-1,-1,-1
221,107,746.8,295.1,28.9,74.2,1,-1,-1,-1
221,108,277.3,493.5,59.5,70.6,1,-1,-1,-1
221,110,696.0,193.9,23.4,53.2,1,-1,-1,-1
221,112,280.9,310.7,26.9,36.0,1,-1,-1,-1
221,113,0.8,289.9,35.1,60.0,1,-1,-1,-1
221,114,987.2,192.9,21.4,46.4,1,-1,-1,-1
221,118,91.5,325.8,35.5,42.2,1,-1,-1,-1
221,119,535.9,726.9,41.9,29.1,1,-1,-1,-1
221,120,456.9,628.9,32.5,11.0,1,-1,-1,-1
222,2,193.1,429.8,52.4,60.7,1,-1,-1,-1
222,3,298.5,309.6,46.3,44.0,1,-1,-1,-1
222,4,251.7,472.0,60.8,70.0,1,-1,-1,-1
222,5,940.3,430.8,40.4,100.9,1,-1,-1,-1
222,6,332.3,389.2,37.9,101.8,1,-1,-1,-1
222,7,441.3,410.8,38.8,100.2,1,-1,-1,-1
222,8,655.0,257.5,25.7,53.6,1,-1,-1,-1
222,12,261.0,302.0,26.6,57.8,1,-1,-1,-1
222,14,959.3,338.8,30.9,82.5,1,-1,-1,-1
222,15,679.3,255.8,23.8,51.8,1,-1,-1,-1
222,16,408.1,247.4,24.9,63.9,1,-1,-1,-1
222,17,879.0,282.6,34.1,40.2,1,-1,-1,-1
222,18,286.9,397.5,44.7,92.5,1,-1,-1,-1
222,21,617.1,384.9,37.9,99.1,1,-1,-1,-1
222,22,609.7,324.9,31.8,78.3,1,-1,-1,-1
222,23,318.0,170.8,18.3,39.4,1,-1,-1,-1
222,24,809.3,202.9,25.8,59.8,1,-1,-1,-1
222,25,506.6,178.3,18.0,52.0,1,-1,-1,-1
222,29,664.3,182.5,22.6,36.9,1,-1,-1,-1
222,30,477.2,243.2,20.8,35.0,1,-1,-1,-1
222,33,480.1,274.6,15.9,32.4,1,-1,-1,-1
222,41,469.3,648.0,55.4,106.4,1,-1,-1,-1
222,47,806.0,322.5,28.3,78.5,1,-1,-1,-1
222,53,267.4,150.1,18.3,31.6,1,-1,-1,-1
222,69,100.0,380.9,32.6,38.7,1,-1,-1,-1
222,71,381.8,568.5,55.1,70.7,1,-1,-1,-1
222,72,253.8,110.4,17.8,35.0,1,-1,-1,-1
222,73,731.8,385.2,28.7,82.5,1,-1,-1,-1
222,78,315.9,549.9,74.3,77.4,1,-1,-1,-1
222,79,0.6,512.7,33.9,83.4,1,-1,-1,-1
222,81,65.7,347.0,49.8,50.6,1,-1,-1,-1
222,83,495.1,250.8,18.1,37.5,1,-1,-1,-1
222,90,48.5,276.2,35.1,71.3,1,-1,-1,-1
222,91,701.9,306.3,28.4,78.1,1,-1,-1,-1
222,96,135.5,354.4,75.9,54.1,1,-1,-1,-1
222,100,973.0,187.8,22.1,48.2,1,-1,-1,-1
222,106,456.5,231.5,21.9,46.6,1,-1,-1,-1
222,107,747.9,294.8,29.2,74.1,1,-1,-1,-1
222,108,276.0,492.6,61.9,71.3,1,-1,-1,-1
222,110,698.5,193.9,24.1,54.3,1,-1,-1,-1
222,112,282.3,310.9,26.8,36.2,1,-1,-1,-1
222,113,0.5,287.5,37.1,61.3,1,-1,-1,-1
222,114,989.7,191.7,21.1,47.8,1,-1,-1,-1
222,118,93.5,325.6,36.2,42.5,1,-1,-1,-1
222,119,537.1,726.8,45.4,29.2,1,-1,-1,-1
222,120,455.4,628.3,33.6,11.9,1,-1,-1,-1
223,2,193.1,429.7,52.7,60.4,1,-1,-1,-1
223,3,298.5,309.5,48.0,45.0,1,-1,-1,-1
223,4,251.6,471.6,61.2,70.7,1,-1,-1,-1
223,5,942.4,432.5,41.2,102.4,1,-1,-1,-1
223,6,332.5,388.8,37.9,101.5,1,-1,-1,-1
223,7,442.1,410.3,37.6,100.3,1,-1,-1,-1
223,8,656.1,258.7,25.6,52.8,1,-1,-1,-1
223,12,262.7,300.2,27.1,57.8,1,-1,-1,-1
223,14,959.7,336.9,32.7,85.6,1,-1,-1,-1
223,15,680.0,255.5,23.8,52.4,1,-1,-1,-1
223,16,410.2,247.5,24.5,66.0,1,-1,-1,-1
223,17,880.3,283.2,32.6,39.3,1,-1,-1,-1
223,18,284.9,397.8,46.5,92.5,1,-1,-1,-1
223,21,617.7,386.6,37.5,97.8,1,-1,-1,-1
223,22,610.6,326.1,31.5,77.6,1,-1,-1,-1
223,23,317.7,170.3,18.2,37.6,1,-1,-1,-1
223,24,807.8,202.7,26.7,62.0,1,-1,-1,-1
223,25,508.7,178.7,18.1,51.9,1,-1,-1,-1
223,29,666.0,183.1,22.3,38.5,1,-1,-1,-1
223,30,479.2,242.3,20.2,36.0,1,-1,-1,-1
223,33,481.0,274.0,15.9,33.2,1,-1,-1,-1
223,41,465.7,647.4,55.1,106.3,1,-1,-1,-1
223,47,808.4,321.6,27.5,78.3,1,-1,-1,-1
223,53,268.3,149.6,17.2,31.7,1,-1,-1,-1
223,69,100.8,381.2,32.2,37.9,1,-1,-1,-1
223,71,380.6,568.3,55.2,70.8,1,-1,-1,-1
223,72,256.1,110.2,17.6,34.4,1,-1,-1,-1
223,73,733.0,387.0,27.4,82.6,1,-1,-1,-1
223,78,315.9,549.9,74.0,77.1,1,-1,-1,-1
223,79,0.3,542.6,33.5,56.4,1,-1,-1,-1
223,81,66.6,346.2,51.5,50.8,1,-1,-1,-1
223,83,498.0,251.1,17.4,36.9,1,-1,-1,-1
223,90,51.4,276.4,35.5,71.6,1,-1,-1,-1
223,91,704.3,306.6,25.2,76.5,1,-1,-1,-1
223,96,135.4,355.4,76.9,52.4,1,-1,-1,-1
223,100,974.4,188.0,22.0,49.3,1,-1,-1,-1
223,106,457.0,231.6,22.6,46.3,1,-1,-1,-1
223,107,748.6,295.3,29.8,73.8,1,-1,-1,-1
223,108,276.2,492.3,62.7,70.4,1,-1,-1,-1
223,110,700.6,193.2,23.9,54.4,1,-1,-1,-1
223,113,1.7,286.3,37.7,61.1,1,-1,-1,-1
223,114,991.2,189.8,21.9,50.0,1,-1,-1,-1
223,118,94.6,326.4,35.6,43.4,1,-1,-1,-1
223,119,537.0,726.1,46.2,29.8,1,-1,-1,-1
223,120,452.6,628.1,34.3,12.2,1,-1,-1,-1
223,121,704.0,253.0,8.7,49.5,1,-1,-1,-1
224,2,193.0,429.5,53.1,60.5,1,-1,-1,-1
224,3,299.3,309.1,49.2,45.0,1,-1,-1,-1
224,4,251.9,471.8,61.5,70.0,1,-1,-1,-1
224,5,947.2,439.2,38.8,95.6,1,-1,-1,-1
224,6,332.4,388.8,37.9,101.4,1,-1,-1,-1
224,7,440.1,410.3,37.4,100.1,1,-1,-1,-1
224,8,656.6,258.2,25.7,52.8,1,-1,-1,-1
224,12,262.1,298.9,26.4,59.2,1,-1,-1,-1
224,14,962.6,336.7,33.1,84.0,1,-1,-1,-1
224,15,680.8,255.0,24.5,52.9,1,-1,-1,-1
224,16,411.0,247.1,24.2,66.7,1,-1,-1,-1
224,17,881.1,283.3,32.2,39.7,1,-1,-1,-1
224,18,286.7,397.6,45.8,92.0,1,-1,-1,-1
224,21,617.4,387.1,37.6,98.5,1,-1,-1,-1
224,22,610.9,326.2,29.9,78.0,1,-1,-1,-1
224,23,317.5,171.3,18.0,36.0,1,-1,-1,-1
224,24,809.6,202.6,25.6,60.1,1,-1,-1,-1
224,25,509.9,178.3,18.5,52.4,1,-1,-1,-1
224,29,667.2,183.8,22.7,39.5,1,-1,-1,-1
224,30,480.6,242.2,19.5,36.7,1,-1,-1,-1
224,33,482.0,274.0,15.8,33.5,1,-1,-1,-1
224,41,464.9,645.9,54.6,107.1,1,-1,-1,-1
224,47,812.2,319.9,27.3,80.9,1,-1,-1,-1
224,53,267.4,147.7,16.4,32.9,1,-1,-1,-1
224,69,101.4,381.1,32.1,37.7,1,-1,-1,-1
224,71,378.7,568.0,55.9,71.2,1,-1,-1,-1
224,72,258.7,110.0,17.6,35.1,1,-1,-1,-1
224,73,733.5,387.5,26.6,81.9,1,-1,-1,-1
224,78,315.7,549.7,73.3,77.1,1,-1,-1,-1
224,79,-0.4,573.0,33.0,41.1,1,-1,-1,-1
224,81,67.4,345.1,52.3,51.2,1,-1,-1,-1
224,83,499.0,251.3,17.0,36.8,1,-1,-1,-1
224,90,52.6,275.8,36.1,72.5,1,-1,-1,-1
224,91,706.6,307.0,23.7,76.1,1,-1,-1,-1
224,96,135.9,355.7,77.0,51.8,1,-1,-1,-1
224,100,977.6,186.5,21.0,49.2,1,-1,-1,-1
224,106,457.6,231.8,23.0,46.1,1,-1,-1,-1
224,107,749.4,297.1,29.5,73.6,1,-1,-1,-1
224,108,274.7,492.9,63.7,70.0,1,-1,-1,-1
224,110,701.8,193.2,23.8,54.5,1,-1,-1,-1
224,113,4.6,285.5,37.3,61.9,1,-1,-1,-1
224,114,992.4,189.7,22.3,50.5,1,-1,-1,-1
224,118,74.0,326.8,54.5,49.2,1,-1,-1,-1
224,119,536.3,725.7,45.6,30.3,1,-1,-1,-1
224,120,452.3,628.0,36.0,12.3,1,-1,-1,-1
224,121,704.0,250.3,9.4,53.2,1,-1,-1,-1
225,2,193.1,429.2,53.0,60.5,1,-1,-1,-1
225,3,299.6,308.7,49.8,45.2,1,-1,-1,-1
225,4,251.9,472.6,61.2,68.8,1,-1,-1,-1
225,5,948.2,444.1,38.5,90.6,1,-1,-1,-1
225,6,332.0,388.8,38.1,101.0,1,-1,-1,-1
225,7,439.2,410.3,37.5,100.0,1,-1,-1,-1
225,8,657.1,258.1,25.8,52.7,1,-1,-1,-1
225,12,262.1,298.4,25.9,59.8,1,-1,-1,-1
225,14,966.9,339.6,34.7,81.9,1,-1,-1,-1
225,15,681.7,254.5,25.4,53.8,1,-1,-1,-1
225,16,411.3,246.4,24.2,66.8,1,-1,-1,-1
225,17,881.4,283.3,32.3,40.0,1,-1,-1,-1
225,18,287.0,397.5,45.2,92.3,1,-1,-1,-1
225,21,616.6,388.8,37.7,98.2,1,-1,-1,-1
225,22,610.9,327.1,28.8,76.5,1,-1,-1,-1
225,23,316.2,173.5,16.9,33.9,1,-1,-1,-1
225,24,808.8,203.2,25.7,60.3,1,-1,-1,-1
225,25,510.7,177.9,18.4,52.5,1,-1,-1,-1
225,29,668.9,184.2,24.3,40.2,1,-1,-1,-1
225,30,481.6,242.4,18.7,37.4,1,-1,-1,-1
225,33,483.0,273.9,15.5,33.9,1,-1,-1,-1
225,41,462.8,645.8,54.9,107.6,1,-1,-1,-1
225,47,815.0,320.1,28.0,82.0,1,-1,-1,-1
225,53,267.1,147.0,16.2,32.0,1,-1,-1,-1
225,69,101.9,380.8,32.5,37.5,1,-1,-1,-1
225,71,340.1,566.3,86.0,78.7,1,-1,-1,-1
225,72,261.1,110.5,18.2,35.4,1,-1,-1,-1
225,73,734.0,387.8,26.6,81.9,1,-1,-1,-1
225,78,315.4,549.7,72.9,76.8,1,-1,-1,-1
225,83,499.6,251.3,16.7,36.9,1,-1,-1,-1
225,90,52.9,274.1,36.1,69.9,1,-1,-1,-1
225,91,708.4,307.6,25.4,78.2,1,-1,-1,-1
225,96,139.4,359.7,66.5,48.1,1,-1,-1,-1
225,100,978.6,186.3,20.6,49.2,1,-1,-1,-1
225,106,458.8,232.2,22.3,45.7,1,-1,-1,-1
225,107,750.0,297.8,30.0,73.8,1,-1,-1,-1
225,108,286.2,495.5,53.8,65.1,1,-1,-1,-1
225,110,703.1,194.3,24.4,54.7,1,-1,-1,-1
225,113,5.9,284.4,37.5,63.1,1,-1,-1,-1
225,114,993.1,190.2,22.9,51.1,1,-1,-1,-1
225,118,70.1,325.6,62.3,49.9,1,-1,-1,-1
225,119,535.3,725.3,42.3,30.7,1,-1,-1,-1
225,120,450.3,625.6,38.7,14.3,1,-1,-1,-1
225,121,704.0,249.9,9.8,53.5,1,-1,-1,-1
225,123,0.0,258.8,9.8,49.9,1,-1,-1,-1
226,2,188.4,426.2,52.9,64.1,1,-1,-1,-1
226,3,301.1,308.5,48.6,47.0,1,-1,-1,-1
226,4,251.6,472.7,61.5,68.1,1,-1,-1,-1
226,5,948.6,449.4,40.9,88.1,1,-1,-1,-1
226,6,331.6,388.8,38.3,101.1,1,-1,-1,-1
226,7,438.4,410.4,37.5,100.2,1,-1,-1,-1
226,8,657.4,258.4,25.6,52.6,1,-1,-1,-1
226,12,263.8,298.1,25.3,57.3,1,-1,-1,-1
226,14,968.5,341.2,36.2,80.9,1,-1,-1,-1
226,15,681.3,254.6,26.0,54.2,1,-1,-1,-1
226,16,411.9,246.2,24.9,66.7,1,-1,-1,-1
226,17,881.9,283.5,32.8,40.2,1,-1,-1,-1
226,18,284.9,397.1,46.4,92.6,1,-1,-1,-1
226,21,615.5,390.0,38.2,97.7,1,-1,-1,-1
226,22,610.6,328.7,29.0,76.2,1,-1,-1,-1
226,23,316.0,174.0,15.5,32.2,1,-1,-1,-1
226,24,814.8,202.2,26.4,63.7,1,-1,-1,-1
226,25,511.8,178.1,18.2,52.3,1,-1,-1,-1
226,29,668.4,182.8,25.8,39.8,1,-1,-1,-1
226,30,483.4,242.7,17.8,37.8,1,-1,-1,-1
226,33,484.3,273.8,15.2,34.1,1,-1,-1,-1
226,41,461.9,645.4,54.4,108.2,1,-1,-1,-1
226,47,820.3,321.9,28.6,80.3,1,-1,-1,-1
226,53,266.3,147.5,16.0,30.6,1,-1,-1,-1
226,69,102.3,380.7,33.3,38.0,1,-1,-1,-1
226,71,327.7,565.1,100.1,81.6,1,-1,-1,-1
226,72,264.1,111.3,17.6,36.5,1,-1,-1,-1
226,73,734.4,388.1,26.4,80.3,1,-1,-1,-1
226,83,499.9,251.4,16.6,36.8,1,-1,-1,-1
226,90,53.6,274.2,35.8,68.6,1,-1,-1,-1
226,91,707.2,305.2,30.4,79.1,1,-1,-1,-1
226,96,142.3,360.1,63.1,46.8,1,-1,-1,-1
226,100,978.8,187.0,20.8,49.5,1,-1,-1,-1
226,106,460.1,232.5,21.6,45.4,1,-1,-1,-1
226,107,750.1,298.1,30.6,73.4,1,-1,-1,-1
226,108,277.4,494.2,58.8,65.1,1,-1,-1,-1
226,110,704.7,194.7,23.6,53.4,1,-1,-1,-1
226,113,7.3,283.0,36.6,64.6,1,-1,-1,-1
226,114,994.1,190.2,23.4,51.2,1,-1,-1,-1
226,118,74.6,324.9,61.5,46.8,1,-1,-1,-1
226,119,535.5,724.9,39.3,31.1,1,-1,-1,-1
226,120,450.5,621.7,39.0,17.7,1,-1,-1,-1
226,121,704.0,249.8,10.0,54.4,1,-1,-1,-1
226,123,-0.0,246.6,9.9,61.7,1,-1,-1,-1
226,124,940.3,183.9,21.9,43.7,1,-1,-1,-1
227,2,187.6,424.7,52.9,66.0,1,-1,-1,-1
227,3,302.7,308.0,47.0,46.6,1,-1,-1,-1
227,4,251.3,472.7,61.6,67.5,1,-1,-1,-1
227,5,949.3,441.6,42.0,95.5,1,-1,-1,-1
227,6,331.4,388.8,38.0,100.7,1,-1,-1,-1
227,7,437.4,410.4,37.0,99.8,1,-1,-1,-1
227,8,657.4,258.5,25.6,52.5,1,-1,-1,-1
227,12,264.5,297.3,25.4,56.2,1,-1,-1,-1
227,14,968.9,340.5,39.1,80.5,1,-1,-1,-1
227,15,681.7,254.7,26.1,53.9,1,-1,-1,-1
227,16,412.5,246.5,25.4,66.7,1,-1,-1,-1
227,17,881.8,283.6,33.7,40.4,1,-1,-1,-1
227,18,286.4,397.4,45.7,91.1,1,-1,-1,-1
227,21,615.7,389.8,38.2,98.1,1,-1,-1,-1
227,22,609.8,329.9,30.4,76.5,1,-1,-1,-1
227,23,314.9,172.9,15.6,34.0,1,-1,-1,-1
227,24,810.7,203.8,26.3,63.2,1,-1,-1,-1
227,25,512.9,178.2,18.1,52.1,1,-1,-1,-1
227,29,668.3,182.4,26.2,38.9,1,-1,-1,-1
227,30,482.6,242.9,18.2,36.9,1,-1,-1,-1
227,33,484.8,273.6,15.3,34.2,1,-1,-1,-1
227,41,458.2,645.6,53.3,108.0,1,-1,-1,-1
227,47,818.0,322.5,32.3,80.8,1,-1,-1,-1
227,53,265.1,146.9,15.8,29.8,1,-1,-1,-1
227,69,102.5,380.0,33.9,38.1,1,-1,-1,-1
227,71,366.5,564.9,70.0,75.7,1,-1,-1,-1
227,72,265.7,110.9,17.7,36.1,1,-1,-1,-1
227,73,734.5,388.4,26.4,79.3,1,-1,-1,-1
227,81,70.1,346.0,51.5,48.0,1,-1,-1,-1
227,83,500.2,251.3,16.7,36.9,1,-1,-1,-1
227,90,54.6,274.4,35.4,67.9,1,-1,-1,-1
227,91,706.6,305.0,33.1,79.4,1,-1,-1,-1
227,96,144.0,359.5,63.5,47.2,1,-1,-1,-1
227,100,979.9,187.1,20.7,49.6,1,-1,-1,-1
227,106,463.6,233.4,21.0,44.1,1,-1,-1,-1
227,107,751.3,298.3,29.4,73.9,1,-1,-1,-1
227,108,272.9,493.7,62.1,65.3,1,-1,-1,-1
227,110,706.3,195.1,22.9,52.1,1,-1,-1,-1
227,112,287.6,307.6,26.9,36.2,1,-1,-1,-1
227,113,9.2,281.5,35.3,66.1,1,-1,-1,-1
227,114,994.2,190.7,23.1,50.0,1,-1,-1,-1
227,118,77.7,324.9,59.3,44.9,1,-1,-1,-1
227,119,535.1,724.7,37.7,31.3,1,-1,-1,-1
227,120,449.8,620.1,39.5,19.7,1,-1,-1,-1
227,121,704.0,251.4,10.7,55.2,1,-1,-1,-1
227,123,0.0,244.0,10.7,65.0,1,-1,-1,-1
227,124,939.0,183.3,21.8,44.7,1,-1,-1,-1
228,2,193.0,427.6,52.7,64.0,1,-1,-1,-1
228,3,303.6,307.7,46.3,45.8,1,-1,-1,-1
228,5,951.0,440.7,41.9,97.1,1,-1,-1,-1
228,6,331.3,388.8,37.8,100.3,1,-1,-1,-1
228,7,437.2,410.3,36.1,99.8,1,-1,-1,-1
228,8,657.4,258.0,25.9,53.3,1,-1,-1,-1
228,12,264.4,297.3,25.7,55.8,1,-1,-1,-1
228,14,970.2,341.1,41.5,80.4,1,-1,-1,-1
228,15,683.8,255.0,27.0,53.9,1,-1,-1,-1
228,16,413.9,246.2,25.4,66.4,1,-1,-1,-1
228,17,883.2,283.9,33.5,40.0,1,-1,-1,-1
228,18,286.7,397.5,45.2,90.6,1,-1,-1,-1
228,21,615.8,390.1,37.7,98.3,1,-1,-1,-1
228,22,609.4,330.7,31.4,76.9,1,-1,-1,-1
228,23,314.1,172.7,15.5,34.9,1,-1,-1,-1
228,24,811.6,205.6,25.3,61.1,1,-1,-1,-1
228,25,514.3,178.6,17.8,51.9,1,-1,-1,-1
228,29,671.0,184.0,25.3,38.8,1,-1,-1,-1
228,30,483.0,242.9,18.8,36.2,1,-1,-1,-1
228,33,485.9,273.8,15.5,33.7,1,-1,-1,-1
228,41,455.9,646.0,52.3,107.6,1,-1,-1,-1
228,47,817.5,322.0,34.8,81.7,1,-1,-1,-1
228,53,262.9,145.3,16.4,30.7,1,-1,-1,-1
228,69,102.7,379.3,34.2,38.0,1,-1,-1,-1
228,71,406.5,561.1,62.3,74.4,1,-1,-1,-1
228,72,268.1,111.1,17.3,36.8,1,-1,-1,-1
228,73,734.8,389.0,26.7,78.3,1,-1,-1,-1
228,78,313.9,548.6,68.7,77.2,1,-1,-1,-1
228,81,71.8,345.9,49.9,47.6,1,-1,-1,-1
228,83,500.5,251.2,17.0,36.8,1,-1,-1,-1
228,90,55.8,274.6,34.8,68.0,1,-1,-1,-1
228,91,706.7,305.5,33.9,78.8,1,-1,-1,-1
228,96,145.7,356.9,66.1,49.6,1,-1,-1,-1
228,100,980.3,187.0,21.3,50.0,1,-1,-1,-1
228,106,465.2,234.9,20.2,43.7,1,-1,-1,-1
228,107,751.7,299.0,28.7,74.2,1,-1,-1,-1
228,108,272.7,493.4,62.6,66.4,1,-1,-1,-1
228,110,707.5,196.3,22.6,51.1,1,-1,-1,-1
228,112,288.3,307.3,26.4,37.3,1,-1,-1,-1
228,113,11.0,281.0,33.9,66.0,1,-1,-1,-1
228,114,996.4,191.3,22.9,49.7,1,-1,-1,-1
228,118,78.9,325.0,57.6,45.1,1,-1,-1,-1
228,119,534.1,724.7,38.3,31.3,1,-1,-1,-1
228,120,449.2,619.2,39.0,20.9,1,-1,-1,-1
228,121,704.4,250.0,13.6,56.2,1,-1,-1,-1
228,123,0.1,242.8,11.9,66.1,1,-1,-1,-1
228,124,938.0,185.4,21.7,43.1,1,-1,-1,-1
229,2,189.1,424.8,52.8,65.4,1,-1,-1,-1
229,3,304.1,307.9,46.7,45.3,1,-1,-1,-1
229,4,248.6,472.9,64.6,68.7,1,-1,-1,-1
229,5,953.3,440.2,41.2,98.8,1,-1,-1,-1
229,6,331.5,389.0,37.2,100.3,1,-1,-1,-1
229,7,436.3,410.1,35.7,99.5,1,-1,-1,-1
229,8,657.7,258.1,26.1,53.5,1,-1,-1,-1
229,12,263.8,297.7,26.1,55.8,1,-1,-1,-1
229,14,971.8,339.9,39.5,82.9,1,-1,-1,-1
229,15,684.2,256.2,27.5,53.3,1,-1,-1,-1
229,16,414.4,246.5,25.3,65.6,1,-1,-1,-1
229,17,880.7,281.7,33.8,39.9,1,-1,-1,-1
229,18,285.9,396.8,44.7,91.0,1,-1,-1,-1
229,21,616.4,392.0,36.5,99.7,1,-1,-1,-1
229,22,608.7,330.6,31.5,78.0,1,-1,-1,-1
229,23,313.5,170.9,15.4,32.7,1,-1,-1,-1
229,24,818.9,204.8,26.0,63.9,1,-1,-1,-1
229,25,515.5,178.6,18.1,51.9,1,-1,-1,-1
229,29,673.3,184.0,24.3,38.5,1,-1,-1,-1
229,30,483.1,243.4,19.4,35.0,1,-1,-1,-1
229,33,486.4,274.2,16.1,33.1,1,-1,-1,-1
229,41,455.2,646.2,52.0,107.0,1,-1,-1,-1
229,47,821.2,321.0,33.1,81.8,1,-1,-1,-1
229,53,261.8,146.4,15.8,30.3,1,-1,-1,-1
229,69,102.8,378.6,34.8,38.4,1,-1,-1,-1
229,72,270.1,109.9,17.7,37.5,1,-1,-1,-1
229,73,735.0,389.5,27.1,78.0,1,-1,-1,-1
229,78,313.0,548.4,68.8,76.9,1,-1,-1,-1
229,81,73.2,346.0,48.0,47.2,1,-1,-1,-1
229,83,500.9,251.2,17.0,36.8,1,-1,-1,-1
229,90,56.8,274.1,34.4,68.1,1,-1,-1,-1
229,91,709.7,306.6,31.9,78.4,1,-1,-1,-1
229,96,145.5,354.8,68.8,50.9,1,-1,-1,-1
229,100,981.2,187.1,21.6,50.0,1,-1,-1,-1
229,106,466.4,233.1,20.3,43.8,1,-1,-1,-1
229,107,752.1,298.9,27.8,74.3,1,-1,-1,-1
229,108,284.9,497.7,54.5,64.0,1,-1,-1,-1
229,110,708.0,197.1,23.3,51.4,1,-1,-1,-1
229,112,288.6,307.4,26.4,37.8,1,-1,-1,-1
229,113,12.1,281.1,33.4,65.9,1,-1,-1,-1
229,114,996.9,191.8,22.8,49.5,1,-1,-1,-1
229,118,79.2,323.9,57.0,45.6,1,-1,-1,-1
229,119,530.3,723.4,35.5,32.4,1,-1,-1,-1
229,120,448.9,618.4,38.7,21.9,1,-1,-1,-1
229,121,705.7,249.2,15.0,57.4,1,-1,-1,-1
229,123,0.0,239.2,12.8,68.9,1,-1,-1,-1
229,124,938.8,184.2,22.4,44.2,1,-1,-1,-1
229,125,378.2,567.3,48.3,70.2,1,-1,-1,-1
230,2,192.8,427.2,52.8,63.5,1,-1,-1,-1
230,3,304.3,307.9,46.2,45.1,1,-1,-1,-1
230,4,267.8,490.5,63.2,67.3,1,-1,-1,-1
230,5,959.1,448.5,40.5,92.3,1,-1,-1,-1
230,6,331.2,389.0,37.0,99.9,1,-1,-1,-1
230,7,434.6,409.6,36.2,99.6,1,-1,-1,-1
230,8,658.2,258.6,25.9,53.1,1,-1,-1,-1
230,12,263.4,297.7,26.4,56.4,1,-1,-1,-1
230,14,972.4,339.1,38.7,85.4,1,-1,-1,-1
230,15,684.8,255.4,28.3,53.9,1,-1,-1,-1
230,16,414.9,246.8,25.3,65.5,1,-1,-1,-1
230,17,883.0,283.9,33.3,40.0,1,-1,-1,-1
230,18,285.6,396.5,44.2,91.1,1,-1,-1,-1
230,21,616.7,393.3,36.8,100.5,1,-1,-1,-1
230,22,608.0,330.6,31.9,80.2,1,-1,-1,-1
230,23,312.9,170.1,15.5,30.0,1,-1,-1,-1
230,24,822.2,202.4,25.5,63.9,1,-1,-1,-1
230,25,516.5,178.2,18.2,52.3,1,-1,-1,-1
230,29,673.4,183.6,23.9,38.1,1,-1,-1,-1
230,30,485.0,243.1,20.9,34.3,1,-1,-1,-1
230,33,487.4,273.7,16.5,33.1,1,-1,-1,-1
230,41,454.0,644.6,52.6,108.2,1,-1,-1,-1
230,47,828.7,322.0,27.3,80.9,1,-1,-1,-1
230,53,260.6,146.8,15.6,30.0,1,-1,-1,-1
230,69,102.8,378.1,35.5,38.7,1,-1,-1,-1
230,72,271.4,109.6,18.1,37.4,1,-1,-1,-1
230,73,735.3,389.5,29.7,78.7,1,-1,-1,-1
230,78,312.5,547.9,68.9,76.9,1,-1,-1,-1
230,81,74.3,346.0,46.5,46.8,1,-1,-1,-1
230,83,501.2,250.8,15.9,37.2,1,-1,-1,-1
230,90,58.0,273.9,33.9,68.2,1,-1,-1,-1
230,91,711.2,307.6,31.7,77.3,1,-1,-1,-1
230,96,144.4,354.2,69.2,51.4,1,-1,-1,-1
230,100,982.4,187.4,22.0,49.8,1,-1,-1,-1
230,106,467.2,233.4,21.0,44.6,1,-1,-1,-1
230,107,751.3,299.0,27.3,74.0,1,-1,-1,-1
230,108,298.4,502.6,51.0,62.9,1,-1,-1,-1
230,110,708.6,197.5,23.8,51.8,1,-1,-1,-1
230,112,288.2,308.6,28.5,35.1,1,-1,-1,-1
230,113,13.7,279.9,32.5,65.8,1,-1,-1,-1
230,114,997.8,193.1,21.9,48.2,1,-1,-1,-1
230,118,95.7,323.7,43.1,44.8,1,-1,-1,-1
230,119,525.2,722.1,33.9,33.0,1,-1,-1,-1
230,120,448.1,617.7,38.8,23.2,1,-1,-1,-1
230,123,-0.0,240.5,13.6,67.8,1,-1,-1,-1
230,124,938.9,183.8,23.0,44.6,1,-1,-1,-1
230,125,363.5,567.6,61.8,70.7,1,-1,-1,-1
231,2,194.0,427.7,52.7,62.6,1,-1,-1,-1
231,3,305.1,308.1,46.4,45.4,1,-1,-1,-1
231,4,289.3,497.0,51.7,65.0,1,-1,-1,-1
231,5,959.9,451.7,40.5,89.1,1,-1,-1,-1
231,6,330.7,388.8,36.9,99.9,1,-1,-1,-1
231,7,433.5,409.2,36.7,100.1,1,-1,-1,-1
231,8,662.5,262.2,24.8,49.1,1,-1,-1,-1
231,12,263.1,297.8,26.7,55.6,1,-1,-1,-1
231,14,973.7,337.6,38.0,86.5,1,-1,-1,-1
231,15,685.5,255.2,28.3,54.3,1,-1,-1,-1
231,16,415.5,246.7,25.0,65.8,1,-1,-1,-1
231,17,884.3,284.6,33.2,40.1,1,-1,-1,-1
231,18,286.0,397.0,43.6,90.7,1,-1,-1,-1
231,21,617.7,395.2,37.4,100.6,1,-1,-1,-1
231,22,607.9,330.8,32.1,82.1,1,-1,-1,-1
231,23,312.5,170.8,15.9,29.2,1,-1,-1,-1
231,24,821.9,200.8,26.0,65.1,1,-1,-1,-1
231,25,517.9,178.3,18.3,52.5,1,-1,-1,-1
231,29,673.8,182.6,23.8,38.3,1,-1,-1,-1
231,30,486.4,243.0,21.2,34.4,1,-1,-1,-1
231,33,487.9,273.7,16.7,33.0,1,-1,-1,-1
231,41,453.1,642.4,53.4,109.6,1,-1,-1,-1
231,47,832.0,322.2,24.8,80.2,1,-1,-1,-1
231,53,258.9,145.4,15.8,31.7,1,-1,-1,-1
231,69,103.1,377.8,35.7,38.9,1,-1,-1,-1
231,72,274.3,110.6,18.8,36.7,1,-1,-1,-1
231,73,735.5,389.3,32.3,78.8,1,-1,-1,-1
231,78,311.8,547.4,68.9,76.9,1,-1,-1,-1
231,81,75.7,344.8,46.8,47.9,1,-1,-1,-1
231,83,501.8,250.8,15.8,37.3,1,-1,-1,-1
231,90,59.4,273.6,33.8,71.5,1,-1,-1,-1
231,91,713.0,308.9,32.3,75.4,1,-1,-1,-1
231,96,145.5,354.2,67.8,51.4,1,-1,-1,-1
231,100,982.8,188.6,23.1,48.9,1,-1,-1,-1
231,106,466.9,232.6,21.8,45.8,1,-1,-1,-1
231,107,749.4,298.4,27.4,71.9,1,-1,-1,-1
231,110,710.4,197.6,23.6,51.5,1,-1,-1,-1
231,112,287.5,309.2,30.0,33.6,1,-1,-1,-1
231,113,18.2,280.1,32.2,66.9,1,-1,-1,-1
231,114,998.8,192.2,21.3,47.9,1,-1,-1,-1
231,118,103.3,323.3,35.3,42.9,1,-1,-1,-1
231,123,-0.0,241.3,14.2,66.0,1,-1,-1,-1
231,124,938.8,184.5,23.0,44.5,1,-1,-1,-1
231,125,369.6,567.2,57.2,70.8,1,-1,-1,-1
231,126,0.0,133.0,11.2,28.8,1,-1,-1,-1
232,2,188.9,424.5,52.0,64.5,1,-1,-1,-1
232,3,305.4,307.5,46.6,46.0,1,-1,-1,-1
232,4,314.7,506.0,45.8,63.4,1,-1,-1,-1
232,5,958.7,446.1,40.7,94.4,1,-1,-1,-1
232,6,330.5,388.5,36.8,99.8,1,-1,-1,-1
232,7,432.4,408.4,36.7,100.8,1,-1,-1,-1
232,8,662.6,262.1,25.6,48.6,1,-1,-1,-1
232,12,262.6,297.2,27.4,55.5,1,-1,-1,-1
232,14,976.4,337.2,37.2,86.2,1,-1,-1,-1
232,15,686.2,255.8,26.9,54.3,1,-1,-1,-1
232,16,416.3,246.6,24.0,63.8,1,-1,-1,-1
232,17,885.0,285.4,33.3,39.6,1,-1,-1,-1
232,18,285.9,397.4,44.7,90.8,1,-1,-1,-1
232,21,619.4,399.2,39.7,98.4,1,-1,-1,-1
232,22,608.2,331.4,31.9,82.2,1,-1,-1,-1
232,23,312.0,171.1,16.4,28.2,1,-1,-1,-1
232,24,822.0,199.5,26.5,66.1,1,-1,-1,-1
232,25,518.6,178.2,18.4,52.4,1,-1,-1,-1
232,29,674.8,182.3,23.6,38.7,1,-1,-1,-1
232,30,486.3,243.3,21.7,34.3,1,-1,-1,-1
232,33,488.6,274.3,16.8,32.4,1,-1,-1,-1
232,41,454.7,663.7,45.8,94.4,1,-1,-1,-1
232,47,833.9,322.6,25.2,79.5,1,-1,-1,-1
232,53,256.2,144.4,15.5,32.7,1,-1,-1,-1
232,69,103.6,377.7,35.5,38.8,1,-1,-1,-1
232,72,276.5,110.8,18.7,35.1,1,-1,-1,-1
232,73,735.1,389.1,33.9,78.9,1,-1,-1,-1
232,78,310.8,547.2,69.3,77.3,1,-1,-1,-1
232,81,76.6,344.1,47.0,48.7,1,-1,-1,-1
232,83,502.5,251.0,16.7,37.3,1,-1,-1,-1
232,90,61.1,273.4,33.5,72.8,1,-1,-1,-1
232,91,713.1,309.5,33.1,75.3,1,-1,-1,-1
232,96,145.2,354.6,67.6,51.8,1,-1,-1,-1
232,100,983.3,189.4,23.3,48.7,1,-1,-1,-1
232,106,467.8,233.6,22.0,45.6,1,-1,-1,-1
232,107,747.1,297.6,28.9,73.0,1,-1,-1,-1
232,110,712.7,197.3,23.4,51.7,1,-1,-1,-1
232,112,288.5,307.1,28.9,34.5,1,-1,-1,-1
232,113,18.9,279.5,32.7,67.5,1,-1,-1,-1
232,114,1000.3,191.4,20.1,48.8,1,-1,-1,-1
232,118,104.8,324.1,32.5,44.5,1,-1,-1,-1
232,123,-0.0,239.9,15.0,66.0,1,-1,-1,-1
232,124,938.6,182.4,22.8,45.9,1,-1,-1,-1
232,125,366.9,567.1,58.7,70.8,1,-1,-1,-1
232,126,0.0,131.1,12.6,24.5,1,-1,-1,-1
232,127,247.9,471.3,61.3,68.4,1,-1,-1,-1
233,2,187.8,423.5,51.7,65.3,1,-1,-1,-1
233,3,305.7,306.7,46.8,46.6,1,-1,-1,-1
233,5,958.5,444.2,41.6,98.5,1,-1,-1,-1
233,6,329.5,388.3,36.4,97.7,1,-1,-1,-1
233,7,431.1,408.1,37.0,102.8,1,-1,-1,-1
233,8,662.9,260.8,25.3,50.3,1,-1,-1,-1
233,12,261.1,295.6,27.7,55.9,1,-1,-1,-1
233,14,982.4,340.4,33.3,82.9,1,-1,-1,-1
233,15,686.8,256.6,26.2,54.1,1,-1,-1,-1
233,16,416.9,246.9,23.7,62.8,1,-1,-1,-1
233,17,883.1,283.9,33.2,39.7,1,-1,-1,-1
233,18,281.9,397.7,47.1,90.5,1,-1,-1,-1
233,21,619.7,401.0,41.0,97.0,1,-1,-1,-1
233,22,608.3,332.0,31.7,81.7,1,-1,-1,-1
233,23,311.8,171.4,16.5,27.5,1,-1,-1,-1
233,24,822.0,198.9,27.0,66.2,1,-1,-1,-1
233,25,519.4,178.2,18.7,52.2,1,-1,-1,-1
233,29,675.5,182.6,23.4,39.1,1,-1,-1,-1
233,30,486.3,243.2,21.9,34.4,1,-1,-1,-1
233,33,489.3,274.6,16.9,32.2,1,-1,-1,-1
233,41,449.9,648.2,48.2,103.1,1,-1,-1,-1
233,47,832.7,322.3,28.2,82.0,1,-1,-1,-1
233,53,254.2,144.3,16.0,32.6,1,-1,-1,-1
233,69,104.6,377.2,35.0,38.8,1,-1,-1,-1
233,72,280.1,111.5,17.0,36.2,1,-1,-1,-1
233,73,734.7,389.6,34.3,79.2,1,-1,-1,-1
233,78,308.5,546.4,70.9,77.9,1,-1,-1,-1
233,81,76.6,343.8,47.1,49.2,1,-1,-1,-1
233,83,509.2,250.9,13.7,38.3,1,-1,-1,-1
233,90,62.6,273.2,34.1,73.0,1,-1,-1,-1
233,91,714.9,306.8,31.3,76.6,1,-1,-1,-1
233,100,986.2,189.9,22.2,48.8,1,-1,-1,-1
233,106,467.0,232.5,22.6,44.9,1,-1,-1,-1
233,107,745.8,299.5,30.2,73.0,1,-1,-1,-1
233,110,715.7,197.6,23.1,51.8,1,-1,-1,-1
233,112,289.5,306.5,27.9,35.0,1,-1,-1,-1
233,113,19.0,279.1,33.0,67.6,1,-1,-1,-1
233,114,1002.0,190.8,20.4,49.7,1,-1,-1,-1
233,118,104.9,323.4,33.5,45.9,1,-1,-1,-1
233,123,0.0,239.8,16.1,65.6,1,-1,-1,-1
233,124,939.3,182.1,22.0,45.7,1,-1,-1,-1
233,125,371.0,566.4,53.9,70.6,1,-1,-1,-1
233,126,-0.3,122.9,14.0,21.9,1,-1,-1,-1
233,127,247.8,471.0,60.6,69.1,1,-1,-1,-1
233,130,283.5,494.7,51.2,62.0,1,-1,-1,-1
234,2,188.0,423.4,51.6,65.2,1,-1,-1,-1
234,3,302.9,306.8,45.9,46.5,1,-1,-1,-1
234,5,958.7,444.1,43.7,100.9,1,-1,-1,-1
234,6,328.8,388.0,36.4,96.1,1,-1,-1,-1
234,7,429.3,407.9,37.9,103.2,1,-1,-1,-1
234,8,663.7,260.2,25.4,51.6,1,-1,-1,-1
234,12,260.6,294.6,27.7,55.6,1,-1,-1,-1
234,14,983.1,337.2,33.3,85.8,1,-1,-1,-1
234,15,687.9,255.6,24.8,53.9,1,-1,-1,-1
234,16,417.6,247.1,23.8,62.3,1,-1,-1,-1
234,17,883.1,283.8,33.3,39.6,1,-1,-1,-1
234,18,284.3,397.0,45.1,90.5,1,-1,-1,-1
234,21,619.9,399.5,39.6,97.2,1,-1,-1,-1
234,22,608.4,332.8,31.6,81.1,1,-1,-1,-1
234,23,311.8,171.4,16.4,27.0,1,-1,-1,-1
234,24,824.2,199.6,26.8,65.9,1,-1,-1,-1
234,25,520.0,178.9,19.0,52.0,1,-1,-1,-1
234,29,676.2,181.8,23.2,39.3,1,-1,-1,-1
234,30,486.3,242.7,22.0,34.9,1,-1,-1,-1
234,33,490.4,274.6,16.7,32.1,1,-1,-1,-1
234,41,445.6,643.2,50.8,107.2,1,-1,-1,-1
234,47,832.7,324.8,30.2,80.9,1,-1,-1,-1
234,53,252.7,144.2,16.7,32.5,1,-1,-1,-1
234,69,105.1,377.0,34.8,38.8,1,-1,-1,-1
234,72,282.3,111.6,16.4,37.1,1,-1,-1,-1
234,73,734.6,389.5,34.7,79.6,1,-1,-1,-1
234,78,320.0,562.2,92.2,82.1,1,-1,-1,-1
234,81,78.0,343.3,48.4,49.5,1,-1,-1,-1
234,83,512.2,250.8,11.4,38.8,1,-1,-1,-1
234,90,63.3,272.9,35.6,72.8,1,-1,-1,-1
234,91,717.5,309.1,28.7,75.1,1,-1,-1,-1
234,96,140.0,351.7,75.2,53.3,1,-1,-1,-1
234,100,987.6,190.4,22.6,48.9,1,-1,-1,-1
234,106,466.8,232.5,23.3,44.8,1,-1,-1,-1
234,107,745.2,298.2,28.8,71.2,1,-1,-1,-1
234,110,717.6,197.6,22.2,51.4,1,-1,-1,-1
234,112,290.1,305.9,27.6,35.0,1,-1,-1,-1
234,113,19.0,278.1,33.1,68.2,1,-1,-1,-1
234,114,1002.8,190.9,20.8,50.6,1,-1,-1,-1
234,118,105.2,322.5,34.4,44.6,1,-1,-1,-1
234,123,0.1,238.6,17.3,66.3,1,-1,-1,-1
234,124,936.7,182.5,22.3,45.8,1,-1,-1,-1
234,125,374.5,565.5,52.3,70.6,1,-1,-1,-1
234,127,253.7,471.9,56.6,62.4,1,-1,-1,-1
234,130,281.1,493.9,53.1,64.2,1,-1,-1,-1
235,2,188.4,423.6,51.6,64.9,1,-1,-1,-1
235,3,302.9,306.8,45.7,46.4,1,-1,-1,-1
235,5,959.3,444.3,45.6,101.9,1,-1,-1,-1
235,6,328.4,388.2,36.6,95.5,1,-1,-1,-1
235,7,427.0,407.9,39.1,103.0,1,-1,-1,-1
235,8,664.7,258.8,25.6,53.2,1,-1,-1,-1
235,12,260.2,293.6,27.9,56.3,1,-1,-1,-1
235,14,984.4,336.6,31.9,86.8,1,-1,-1,-1
235,15,688.5,255.7,24.8,53.6,1,-1,-1,-1
235,16,418.2,247.3,23.8,61.8,1,-1,-1,-1
235,17,885.8,285.6,33.2,39.8,1,-1,-1,-1
235,18,284.0,396.7,44.8,90.8,1,-1,-1,-1
235,21,620.9,398.3,38.5,98.8,1,-1,-1,-1
235,22,608.5,334.0,31.4,79.5,1,-1,-1,-1
235,23,311.9,171.9,16.3,26.3,1,-1,-1,-1
235,24,825.3,200.8,26.2,65.5,1,-1,-1,-1
235,25,521.1,178.8,18.8,51.8,1,-1,-1,-1
235,29,675.9,182.1,23.7,39.6,1,-1,-1,-1
235,30,486.9,242.6,21.7,34.7,1,-1,-1,-1
235,33,491.2,274.5,16.4,31.8,1,-1,-1,-1
235,41,436.7,640.9,58.5,111.3,1,-1,-1,-1
235,47,834.8,324.5,30.6,80.5,1,-1,-1,-1
235,53,250.8,142.8,17.7,32.8,1,-1,-1,-1
235,69,105.8,376.8,34.4,38.6,1,-1,-1,-1
235,72,283.0,109.7,17.3,38.5,1,-1,-1,-1
235,73,734.8,389.9,34.4,79.5,1,-1,-1,-1
235,78,344.0,584.9,103.2,84.5,1,-1,-1,-1
235,81,80.2,342.6,49.1,49.9,1,-1,-1,-1
235,83,516.7,250.8,9.8,39.2,1,-1,-1,-1
235,90,63.8,272.8,37.0,73.2,1,-1,-1,-1
235,91,719.4,309.4,26.7,72.9,1,-1,-1,-1
235,96,141.3,351.6,74.1,52.8,1,-1,-1,-1
235,100,988.4,190.6,22.2,48.4,1,-1,-1,-1
235,106,467.5,232.4,23.2,45.0,1,-1,-1,-1
235,107,745.1,299.4,29.5,72.6,1,-1,-1,-1
235,110,718.6,198.2,22.0,51.5,1,-1,-1,-1
235,113,19.0,277.4,33.9,68.2,1,-1,-1,-1
235,114,1003.7,191.0,20.0,50.0,1,-1,-1,-1
235,118,83.6,322.6,54.0,46.0,1,-1,-1,-1
235,123,-0.0,238.5,18.1,64.1,1,-1,-1,-1
235,124,937.4,183.8,21.5,44.5,1,-1,-1,-1
235,127,254.6,472.5,55.8,60.4,1,-1,-1,-1
235,130,280.6,493.0,53.2,65.8,1,-1,-1,-1
236,2,187.9,423.5,51.2,64.6,1,-1,-1,-1
236,3,303.9,306.8,45.7,46.2,1,-1,-1,-1
236,5,964.5,450.7,44.2,94.3,1,-1,-1,-1
236,6,329.4,391.8,37.4,94.7,1,-1,-1,-1
236,7,425.8,410.6,39.4,102.3,1,-1,-1,-1
236,8,664.8,257.6,25.9,54.4,1,-1,-1,-1
236,12,259.6,292.6,28.0,56.7,1,-1,-1,-1
236,14,988.8,340.2,27.3,84.5,1,-1,-1,-1
236,15,689.7,255.8,24.3,53.1,1,-1,-1,-1
236,16,418.7,247.5,23.9,61.6,1,-1,-1,-1
236,17,885.0,284.0,32.9,40.2,1,-1,-1,-1
236,18,283.9,396.4,44.9,90.6,1,-1,-1,-1
236,21,621.6,399.2,38.9,100.1,1,-1,-1,-1
236,22,609.5,334.9,30.6,78.6,1,-1,-1,-1
236,23,311.6,172.7,16.5,25.6,1,-1,-1,-1
236,24,825.9,202.2,25.9,65.0,1,-1,-1,-1
236,25,521.8,179.2,18.7,51.5,1,-1,-1,-1
236,29,676.4,182.0,24.2,40.2,1,-1,-1,-1
236,30,488.1,242.3,20.9,34.3,1,-1,-1,-1
236,33,492.2,273.7,16.2,32.3,1,-1,-1,-1
236,41,438.3,640.1,56.7,112.5,1,-1,-1,-1
236,47,837.8,324.3,31.7,80.0,1,-1,-1,-1
236,53,247.8,142.0,16.8,32.4,1,-1,-1,-1
236,69,106.3,376.3,34.4,38.4,1,-1,-1,-1
236,72,284.5,109.2,17.8,37.5,1,-1,-1,-1
236,73,735.0,390.6,36.2,80.2,1,-1,-1,-1
236,90,63.7,271.4,37.0,70.5,1,-1,-1,-1
236,91,721.0,309.8,26.0,72.4,1,-1,-1,-1
236,96,142.8,351.4,73.1,52.5,1,-1,-1,-1
236,100,988.7,190.6,22.5,49.1,1,-1,-1,-1
236,106,468.7,232.1,22.6,45.2,1,-1,-1,-1
236,107,745.2,299.4,30.5,73.7,1,-1,-1,-1
236,110,719.9,198.0,21.9,52.4,1,-1,-1,-1
236,113,19.2,277.3,34.6,68.1,1,-1,-1,-1
236,114,1002.8,190.7,20.8,51.1,1,-1,-1,-1
236,118,68.9,320.7,43.9,48.1,1,-1,-1,-1
236,123,0.1,237.4,19.3,63.5,1,-1,-1,-1
236,124,937.8,185.4,21.2,43.6,1,-1,-1,-1
236,125,324.8,564.7,86.2,79.6,1,-1,-1,-1
236,127,254.1,472.7,54.8,60.0,1,-1,-1,-1
236,130,279.7,492.5,53.5,67.4,1,-1,-1,-1
236,133,512.0,249.9,12.7,40.0,1,-1,-1,-1
236,134,5.4,136.4,20.7,30.4,1,-1,-1,-1
237,2,187.7,423.5,51.0,64.2,1,-1,-1,-1
237,3,304.1,306.4,46.4,46.3,1,-1,-1,-1
237,5,965.1,454.3,45.6,90.3,1,-1,-1,-1
237,6,329.2,392.4,37.0,94.3,1,-1,-1,-1
237,7,423.3,409.2,40.7,100.5,1,-1,-1,-1
237,8,664.9,258.3,25.9,54.3,1,-1,-1,-1
237,12,258.6,291.9,28.2,57.0,1,-1,-1,-1
237,14,990.8,341.7,24.8,82.7,1,-1,-1,-1
237,15,690.1,255.9,24.0,53.2,1,-1,-1,-1
237,16,419.0,247.4,24.4,61.9,1,-1,-1,-1
237,17,884.9,283.7,33.3,40.4,1,-1,-1,-1
237,18,281.5,396.4,46.8,90.5,1,-1,-1,-1
237,21,622.0,400.0,39.9,100.9,1,-1,-1,-1
237,22,610.6,336.6,29.5,78.3,1,-1,-1,-1
237,23,311.0,173.3,16.8,24.9,1,-1,-1,-1
237,24,826.7,203.2,25.7,63.6,1,-1,-1,-1
237,25,523.0,178.6,18.6,51.8,1,-1,-1,-1
237,29,677.0,181.9,25.0,40.9,1,-1,-1,-1
237,30,488.4,242.4,20.8,34.1,1,-1,-1,-1
237,33,492.5,273.1,16.0,32.5,1,-1,-1,-1
237,41,435.1,641.3,55.8,111.8,1,-1,-1,-1
237,47,840.3,324.9,32.0,80.3,1,-1,-1,-1
237,53,245.7,142.4,16.2,31.8,1,-1,-1,-1
237,69,106.3,375.8,35.0,38.4,1,-1,-1,-1
237,72,285.7,109.0,18.5,36.6,1,-1,-1,-1
237,73,735.1,389.0,38.0,82.9,1,-1,-1,-1
237,81,79.4,343.2,48.8,50.5,1,-1,-1,-1
237,90,64.0,270.7,36.8,69.8,1,-1,-1,-1
237,91,721.6,310.0,26.5,72.5,1,-1,-1,-1
237,96,143.5,351.1,72.9,52.9,1,-1,-1,-1
237,100,986.7,190.7,23.0,49.0,1,-1,-1,-1
237,106,469.5,231.8,21.7,45.9,1,-1,-1,-1
237,107,738.8,297.8,30.6,73.9,1,-1,-1,-1
237,110,721.5,197.7,21.7,53.1,1,-1,-1,-1
237,113,19.0,275.5,35.6,69.2,1,-1,-1,-1
237,114,1004.4,193.6,19.9,45.3,1,-1,-1,-1
237,118,41.6,319.2,43.4,49.5,1,-1,-1,-1
237,123,0.2,239.4,21.4,62.2,1,-1,-1,-1
237,124,938.7,183.7,21.5,44.4,1,-1,-1,-1
237,125,311.4,563.5,102.5,83.1,1,-1,-1,-1
237,127,253.5,473.5,53.3,59.9,1,-1,-1,-1
237,130,278.8,491.2,53.5,67.2,1,-1,-1,-1
237,133,520.7,249.6,8.8,42.4,1,-1,-1,-1
237,134,9.6,136.7,18.4,29.5,1,-1,-1,-1
237,135,106.8,321.8,35.6,42.5,1,-1,-1,-1
237,136,523.9,715.4,59.3,40.6,1,-1,-1,-1
238,2,187.4,423.3,51.0,64.2,1,-1,-1,-1
238,3,304.5,306.4,47.2,46.3,1,-1,-1,-1
238,5,962.0,447.7,48.9,98.3,1,-1,-1,-1
238,6,326.5,388.6,36.7,94.2,1,-1,-1,-1
238,7,420.5,411.4,41.5,100.2,1,-1,-1,-1
238,8,665.4,259.7,25.5,53.1,1,-1,-1,-1
238,12,257.7,291.3,28.5,57.8,1,-1,-1,-1
238,14,988.0,340.9,28.5,83.3,1,-1,-1,-1
238,15,690.1,256.3,23.9,52.9,1,-1,-1,-1
238,16,419.0,246.8,24.5,63.1,1,-1,-1,-1
238,17,884.8,283.8,33.2,40.7,1,-1,-1,-1
238,18,277.0,390.1,49.4,96.3,1,-1,-1,-1
238,21,622.8,400.2,39.8,101.9,1,-1,-1,-1
238,22,611.4,338.2,28.6,78.6,1,-1,-1,-1
238,23,310.8,174.1,16.7,24.2,1,-1,-1,-1
238,24,828.3,203.9,25.0,62.4,1,-1,-1,-1
238,25,523.8,178.5,18.5,52.1,1,-1,-1,-1
238,29,679.3,184.3,25.9,40.0,1,-1,-1,-1
238,30,489.6,242.2,20.0,34.0,1,-1,-1,-1
238,33,492.9,273.2,15.7,33.1,1,-1,-1,-1
238,41,432.9,642.9,53.2,110.2,1,-1,-1,-1
238,47,844.6,328.1,29.2,78.8,1,-1,-1,-1
238,53,245.1,143.5,16.3,30.8,1,-1,-1,-1
238,69,106.4,375.5,35.3,38.4,1,-1,-1,-1
238,72,286.7,109.9,19.0,35.2,1,-1,-1,-1
238,73,735.3,388.3,37.9,83.9,1,-1,-1,-1
238,81,79.8,342.7,48.4,50.3,1,-1,-1,-1
238,90,64.2,270.2,36.8,70.1,1,-1,-1,-1
238,91,720.3,307.8,29.7,74.7,1,-1,-1,-1
238,96,148.6,353.1,67.4,51.1,1,-1,-1,-1
238,100,986.3,190.6,23.5,49.1,1,-1,-1,-1
238,106,470.7,231.5,20.7,46.1,1,-1,-1,-1
238,107,737.5,296.7,25.6,66.2,1,-1,-1,-1
238,110,721.9,198.3,23.3,53.9,1,-1,-1,-1
238,113,18.0,274.1,35.6,70.5,1,-1,-1,-1
238,114,1005.8,194.5,19.1,40.4,1,-1,-1,-1
238,123,-0.0,240.7,22.6,61.2,1,-1,-1,-1
238,124,938.3,185.6,22.0,44.0,1,-1,-1,-1
238,125,349.5,564.4,72.6,74.4,1,-1,-1,-1
238,127,253.0,473.1,53.4,59.6,1,-1,-1,-1
238,130,274.3,489.1,54.2,69.1,1,-1,-1,-1
238,134,14.9,136.5,18.3,27.6,1,-1,-1,-1
238,135,107.4,321.8,36.2,45.7,1,-1,-1,-1
238,136,525.4,715.8,50.1,40.2,1,-1,-1,-1
238,138,512.0,250.1,13.9,39.6,1,-1,-1,-1
239,2,192.4,422.9,51.7,65.2,1,-1,-1,-1
239,3,305.8,306.3,46.4,46.2,1,-1,-1,-1
239,5,961.7,445.1,49.9,103.0,1,-1,-1,-1
239,6,328.4,391.6,35.9,93.4,1,-1,-1,-1
239,7,424.1,415.8,41.0,94.9,1,-1,-1,-1
239,8,666.2,260.7,25.1,52.1,1,-1,-1,-1
239,12,257.8,289.7,28.4,57.0,1,-1,-1,-1
239,14,987.0,340.3,30.9,84.1,1,-1,-1,-1
239,15,690.4,256.8,24.1,52.5,1,-1,-1,-1
239,16,420.0,246.3,24.9,64.8,1,-1,-1,-1
239,17,885.5,284.0,32.9,41.1,1,-1,-1,-1
239,18,276.4,387.6,49.6,99.4,1,-1,-1,-1
239,21,623.4,400.7,40.2,103.3,1,-1,-1,-1
239,22,612.3,339.2,27.8,79.4,1,-1,-1,-1
239,23,310.3,175.1,16.2,23.4,1,-1,-1,-1
239,24,831.4,204.3,23.8,60.0,1,-1,-1,-1
239,25,524.8,179.3,18.3,51.8,1,-1,-1,-1
239,29,681.1,184.2,25.9,39.5,1,-1,-1,-1
239,30,490.0,242.1,19.9,34.3,1,-1,-1,-1
239,33,493.7,272.8,15.7,33.6,1,-1,-1,-1
239,41,431.8,643.7,52.1,109.8,1,-1,-1,-1
239,47,845.9,327.0,28.5,80.0,1,-1,-1,-1
239,53,244.0,142.9,16.7,30.9,1,-1,-1,-1
239,69,107.5,375.4,34.7,38.2,1,-1,-1,-1
239,72,289.9,110.6,17.4,33.8,1,-1,-1,-1
239,73,736.1,387.8,36.8,83.8,1,-1,-1,-1
239,81,79.8,342.3,48.6,50.1,1,-1,-1,-1
239,90,65.0,269.9,36.4,70.8,1,-1,-1,-1
239,91,720.1,309.3,30.0,74.5,1,-1,-1,-1
239,96,145.4,351.2,71.0,52.1,1,-1,-1,-1
239,100,990.3,191.5,24.5,48.9,1,-1,-1,-1
239,106,472.0,231.1,20.1,46.4,1,-1,-1,-1
239,107,733.3,291.5,23.2,62.6,1,-1,-1,-1
239,110,722.7,198.4,23.7,54.0,1,-1,-1,-1
239,113,19.3,273.5,35.7,70.6,1,-1,-1,-1
239,114,1007.8,195.5,20.8,44.7,1,-1,-1,-1
239,123,0.2,241.4,23.6,60.0,1,-1,-1,-1
239,124,938.0,186.0,22.5,43.8,1,-1,-1,-1
239,125,389.2,560.6,65.5,71.8,1,-1,-1,-1
239,127,245.1,472.4,57.7,62.7,1,-1,-1,-1
239,130,273.0,488.5,54.7,69.8,1,-1,-1,-1
239,132,301.4,542.6,71.5,79.1,1,-1,-1,-1
239,134,20.0,135.6,18.2,29.2,1,-1,-1,-1
239,135,108.0,321.5,36.1,49.3,1,-1,-1,-1
239,136,523.8,716.7,49.5,39.4,1,-1,-1,-1
239,138,512.0,250.0,14.1,39.9,1,-1,-1,-1
239,139,0.7,116.0,18.7,36.2,1,-1,-1,-1
240,2,193.4,423.5,51.7,64.8,1,-1,-1,-1
240,3,307.0,306.1,45.9,46.1,1,-1,-1,-1
240,5,963.4,444.8,48.6,105.0,1,-1,-1,-1
240,6,326.8,387.9,36.7,98.0,1,-1,-1,-1
240,7,418.4,413.6,42.9,98.3,1,-1,-1,-1
240,8,666.1,260.6,25.2,52.0,1,-1,-1,-1
240,12,257.6,288.7,28.2,56.7,1,-1,-1,-1
240,14,986.5,340.5,32.6,83.6,1,-1,-1,-1
240,15,690.5,256.8,24.6,52.4,1,-1,-1,-1
240,16,419.7,246.6,24.7,63.6,1,-1,-1,-1
240,17,885.7,284.2,33.3,41.4,1,-1,-1,-1
240,18,276.6,387.0,49.4,100.3,1,-1,-1,-1
240,21,624.1,401.5,40.1,104.1,1,-1,-1,-1
240,22,611.4,338.2,31.7,80.3,1,-1,-1,-1
240,23,310.5,175.0,16.3,23.6,1,-1,-1,-1
240,24,832.5,204.8,23.5,58.9,1,-1,-1,-1
240,25,525.6,179.4,18.4,51.9,1,-1,-1,-1
240,29,681.4,184.5,25.6,39.4,1,-1,-1,-1
240,30,490.7,242.2,19.5,34.5,1,-1,-1,-1
240,33,493.9,272.2,15.8,34.0,1,-1,-1,-1
240,41,431.1,643.3,52.7,110.3,1,-1,-1,-1
240,47,848.2,326.8,27.5,80.3,1,-1,-1,-1
240,53,240.9,143.7,17.3,31.0,1,-1,-1,-1
240,69,108.6,374.6,34.1,38.8,1,-1,-1,-1
240,72,291.4,110.4,17.4,34.5,1,-1,-1,-1
240,73,738.6,388.1,35.3,82.6,1,-1,-1,-1
240,81,80.3,342.1,48.3,50.0,1,-1,-1,-1
240,90,65.6,269.8,36.2,71.6,1,-1,-1,-1
240,91,721.1,309.3,29.3,74.2,1,-1,-1,-1
240,96,144.3,350.5,73.4,52.5,1,-1,-1,-1
240,100,993.6,191.5,24.1,48.7,1,-1,-1,-1
240,106,473.2,230.9,19.9,46.5,1,-1,-1,-1
240,110,723.5,198.4,23.8,54.1,1,-1,-1,-1
240,113,20.4,272.5,34.8,71.2,1,-1,-1,-1
240,114,1009.4,195.4,21.1,46.8,1,-1,-1,-1
240,123,0.4,240.7,24.6,60.4,1,-1,-1,-1
240,124,938.1,185.6,22.9,43.2,1,-1,-1,-1
240,127,242.8,471.6,59.7,64.3,1,-1,-1,-1
240,130,270.7,488.3,56.3,69.1,1,-1,-1,-1
240,132,300.9,541.9,71.8,79.5,1,-1,-1,-1
240,134,26.2,133.5,18.0,30.3,1,-1,-1,-1
240,135,108.5,320.7,35.7,49.0,1,-1,-1,-1
240,136,521.6,716.7,51.5,39.3,1,-1,-1,-1
240,138,512.0,249.6,14.3,39.7,1,-1,-1,-1
240,139,1.8,115.8,20.4,36.1,1,-1,-1,-1
240,140,354.3,564.7,60.1,70.7,1,-1,-1,-1
241,2,192.8,423.7,51.6,64.4,1,-1,-1,-1
241,3,307.6,306.0,46.1,45.9,1,-1,-1,-1
241,5,964.6,445.4,47.3,105.5,1,-1,-1,-1
241,6,326.1,386.4,37.1,100.3,1,-1,-1,-1
241,7,415.8,412.2,42.8,100.2,1,-1,-1,-1
241,8,665.5,259.4,26.2,53.3,1,-1,-1,-1
241,12,257.2,288.1,27.8,56.1,1,-1,-1,-1
241,14,985.3,341.4,34.6,82.2,1,-1,-1,-1
241,15,690.5,257.0,25.1,52.3,1,-1,-1,-1
241,16,419.9,246.9,24.4,62.8,1,-1,-1,-1
241,17,885.8,284.7,33.6,41.7,1,-1,-1,-1
241,18,276.7,387.1,48.2,99.9,1,-1,-1,-1
241,21,625.3,403.2,40.1,104.7,1,-1,-1,-1
241,22,610.4,339.4,35.2,83.3,1,-1,-1,-1
241,23,310.5,175.5,16.9,23.6,1,-1,-1,-1
241,24,831.5,204.2,24.5,59.4,1,-1,-1,-1
241,25,526.3,178.5,18.7,51.9,1,-1,-1,-1
241,29,682.4,184.7,25.8,39.1,1,-1,-1,-1
241,30,491.3,242.2,19.4,34.4,1,-1,-1,-1
241,33,494.4,272.0,16.0,34.3,1,-1,-1,-1
241,41,430.1,641.3,53.9,111.6,1,-1,-1,-1
241,47,851.3,328.4,26.7,77.4,1,-1,-1,-1
241,53,239.3,143.8,17.4,31.6,1,-1,-1,-1
241,69,109.0,373.6,33.5,38.8,1,-1,-1,-1
241,72,292.3,109.5,17.7,34.7,1,-1,-1,-1
241,73,744.1,389.0,32.9,81.4,1,-1,-1,-1
241,81,80.6,342.3,48.4,47.5,1,-1,-1,-1
241,90,66.3,269.7,35.7,71.7,1,-1,-1,-1
241,91,723.9,307.9,30.2,72.1,1,-1,-1,-1
241,96,144.0,350.2,74.5,52.9,1,-1,-1,-1
241,100,995.3,191.7,22.8,48.0,1,-1,-1,-1
241,106,473.6,231.1,19.9,46.2,1,-1,-1,-1
241,110,725.7,198.1,23.3,54.5,1,-1,-1,-1
241,113,20.3,272.3,35.8,71.3,1,-1,-1,-1
241,114,1009.6,194.6,21.2,48.2,1,-1,-1,-1
241,123,1.0,240.9,25.4,60.6,1,-1,-1,-1
241,124,938.2,186.1,22.8,42.4,1,-1,-1,-1
241,127,241.9,471.7,60.9,64.5,1,-1,-1,-1
241,130,268.7,487.4,57.6,70.0,1,-1,-1,-1
241,132,299.4,541.7,72.2,78.8,1,-1,-1,-1
241,134,31.8,133.6,17.2,30.0,1,-1,-1,-1
241,135,109.2,319.6,34.7,45.3,1,-1,-1,-1
241,136,515.8,716.7,50.6,39.2,1,-1,-1,-1
241,138,512.0,249.9,14.5,39.7,1,-1,-1,-1
241,139,4.2,116.1,20.3,37.4,1,-1,-1,-1
241,140,355.4,564.0,57.2,71.4,1,-1,-1,-1
241,142,246.8,275.7,20.9,29.5,1,-1,-1,-1
242,2,192.3,422.5,51.3,64.1,1,-1,-1,-1
242,3,307.7,306.1,46.3,45.6,1,-1,-1,-1
242,5,964.6,446.2,46.8,105.2,1,-1,-1,-1
242,6,325.3,386.0,37.5,101.6,1,-1,-1,-1
242,7,413.3,411.9,39.7,101.0,1,-1,-1,-1
242,8,665.5,259.2,26.4,53.7,1,-1,-1,-1
242,12,256.0,287.9,27.4,55.2,1,-1,-1,-1
242,14,984.3,342.7,36.4,81.0,1,-1,-1,-1
242,15,690.1,257.0,25.1,52.4,1,-1,-1,-1
242,16,420.8,246.9,24.3,64.8,1,-1,-1,-1
242,17,885.8,284.4,33.8,41.5,1,-1,-1,-1
242,18,276.6,387.2,47.4,99.4,1,-1,-1,-1
242,21,625.7,404.2,40.0,105.0,1,-1,-1,-1
242,22,609.7,340.3,37.1,85.1,1,-1,-1,-1
242,23,311.1,174.8,17.0,23.3,1,-1,-1,-1
242,24,831.0,203.6,25.6,60.6,1,-1,-1,-1
242,25,527.0,179.0,18.6,51.4,1,-1,-1,-1
242,29,682.4,184.0,26.1,40.1,1,-1,-1,-1
242,30,492.0,242.2,19.3,34.5,1,-1,-1,-1
242,33,495.0,271.3,15.8,34.5,1,-1,-1,-1
242,41,422.1,642.2,57.9,110.5,1,-1,-1,-1
242,47,852.5,330.4,28.4,75.4,1,-1,-1,-1
242,53,238.1,143.4,16.6,32.4,1,-1,-1,-1
242,69,109.3,373.1,33.0,38.2,1,-1,-1,-1
242,72,293.3,109.1,17.5,35.2,1,-1,-1,-1
242,73,748.1,390.0,30.1,82.2,1,-1,-1,-1
242,81,80.8,342.4,48.0,45.6,1,-1,-1,-1
242,90,66.8,269.1,35.4,71.7,1,-1,-1,-1
242,91,723.7,307.1,30.6,66.6,1,-1,-1,-1
242,96,144.0,349.9,74.6,53.0,1,-1,-1,-1
242,100,996.7,192.0,22.1,48.9,1,-1,-1,-1
242,106,474.9,231.0,19.7,45.5,1,-1,-1,-1
242,110,727.2,198.5,22.4,54.6,1,-1,-1,-1
242,113,19.5,270.9,35.8,70.3,1,-1,-1,-1
242,114,1010.1,193.8,21.4,50.1,1,-1,-1,-1
242,123,0.9,238.7,25.7,64.2,1,-1,-1,-1
242,124,939.1,186.2,22.9,42.6,1,-1,-1,-1
242,127,241.4,471.6,61.2,64.7,1,-1,-1,-1
242,130,267.6,487.3,57.9,70.2,1,-1,-1,-1
242,132,298.7,541.0,72.7,79.4,1,-1,-1,-1
242,134,36.5,132.7,17.3,29.0,1,-1,-1,-1
242,135,109.3,321.3,34.2,48.4,1,-1,-1,-1
242,136,513.7,715.5,50.0,40.3,1,-1,-1,-1
242,138,511.9,250.2,14.4,38.9,1,-1,-1,-1
242,139,6.6,114.5,20.1,38.5,1,-1,-1,-1
242,140,331.0,565.2,76.0,70.8,1,-1,-1,-1
242,142,246.5,274.1,21.3,33.7,1,-1,-1,-1
243,2,192.0,421.9,51.5,63.4,1,-1,-1,-1
243,3,308.1,306.1,46.5,45.6,1,-1,-1,-1
243,5,964.0,448.2,46.8,103.5,1,-1,-1,-1
243,6,324.9,385.9,37.7,101.8,1,-1,-1,-1
243,7,412.1,412.0,39.0,101.1,1,-1,-1,-1
243,8,665.7,259.4,26.0,54.1,1,-1,-1,-1
243,12,255.7,286.8,27.4,55.9,1,-1,-1,-1
243,14,989.3,346.7,35.1,78.0,1,-1,-1,-1
243,15,690.0,257.1,24.9,52.5,1,-1,-1,-1
243,16,421.3,246.4,24.4,66.0,1,-1,-1,-1
243,17,885.7,284.8,33.9,41.3,1,-1,-1,-1
243,18,276.2,387.5,47.2,99.2,1,-1,-1,-1
243,21,628.7,407.5,37.2,101.4,1,-1,-1,-1
243,22,609.2,341.4,36.8,85.3,1,-1,-1,-1
243,23,311.4,175.3,17.7,23.3,1,-1,-1,-1
243,24,831.1,203.9,26.6,62.7,1,-1,-1,-1
243,25,527.4,179.3,18.5,51.3,1,-1,-1,-1
243,29,684.4,183.1,25.4,39.9,1,-1,-1,-1
243,30,492.1,242.1,19.7,34.7,1,-1,-1,-1
243,33,495.0,270.5,16.0,34.7,1,-1,-1,-1
243,41,419.5,642.1,56.1,110.5,1,-1,-1,-1
243,47,853.0,332.1,29.8,74.2,1,-1,-1,-1
243,53,237.9,142.7,15.9,32.9,1,-1,-1,-1
243,69,109.0,373.3,33.1,37.5,1,-1,-1,-1
243,72,295.3,109.7,18.0,35.4,1,-1,-1,-1
243,73,750.2,390.5,27.6,85.2,1,-1,-1,-1
243,81,81.4,342.6,48.0,45.8,1,-1,-1,-1
243,90,67.6,269.0,34.8,71.1,1,-1,-1,-1
243,91,718.7,305.2,31.9,75.4,1,-1,-1,-1
243,96,144.1,350.0,74.4,53.4,1,-1,-1,-1
243,100,996.4,192.3,21.5,49.4,1,-1,-1,-1
243,106,475.9,231.7,19.9,44.5,1,-1,-1,-1
243,110,728.1,198.1,22.3,55.3,1,-1,-1,-1
243,113,21.3,268.9,35.3,73.2,1,-1,-1,-1
243,114,1010.6,193.4,22.0,51.6,1,-1,-1,-1
243,120,428.1,621.1,39.1,19.0,1,-1,-1,-1
243,123,3.9,237.1,25.6,65.0,1,-1,-1,-1
243,124,940.1,186.8,22.4,43.7,1,-1,-1,-1
243,127,241.5,470.8,61.3,65.2,1,-1,-1,-1
243,130,266.5,487.2,57.8,68.8,1,-1,-1,-1
243,132,296.6,540.0,74.5,81.2,1,-1,-1,-1
243,134,42.0,131.8,17.4,28.5,1,-1,-1,-1
243,135,109.8,320.6,34.1,46.6,1,-1,-1,-1
243,136,513.1,714.5,48.3,41.3,1,-1,-1,-1
243,138,511.9,250.6,14.3,38.6,1,-1,-1,-1
243,139,8.7,114.0,19.2,38.8,1,-1,-1,-1
243,140,301.3,566.9,86.5,70.7,1,-1,-1,-1
243,142,246.0,273.3,22.0,38.9,1,-1,-1,-1
244,2,191.8,421.9,51.2,62.2,1,-1,-1,-1
244,3,308.5,306.7,46.4,45.1,1,-1,-1,-1
244,5,963.2,449.7,46.2,102.0,1,-1,-1,-1
244,6,324.7,385.9,37.5,101.2,1,-1,-1,-1
244,7,414.3,416.0,39.3,94.6,1,-1,-1,-1
244,8,665.7,259.3,25.8,54.2,1,-1,-1,-1
244,12,254.3,286.6,25.6,56.4,1,-1,-1,-1
244,14,987.2,349.0,37.6,75.8,1,-1,-1,-1
244,15,689.8,257.1,25.1,52.4,1,-1,-1,-1
244,16,421.4,246.1,24.5,66.3,1,-1,-1,-1
244,17,885.7,285.5,33.7,40.9,1,-1,-1,-1
244,18,275.1,387.5,47.2,98.4,1,-1,-1,-1
244,21,626.1,409.1,37.7,104.6,1,-1,-1,-1
244,22,608.8,342.6,36.1,85.7,1,-1,-1,-1
244,23,311.9,175.1,18.3,23.5,1,-1,-1,-1
244,24,831.5,203.8,27.0,63.3,1,-1,-1,-1
244,25,528.5,178.6,18.4,51.5,1,-1,-1,-1
244,29,684.9,183.1,24.9,39.6,1,-1,-1,-1
244,30,492.2,242.5,20.2,34.4,1,-1,-1,-1
244,33,494.8,269.6,16.3,34.9,1,-1,-1,-1
244,41,419.1,641.9,54.6,111.2,1,-1,-1,-1
244,47,852.8,332.7,31.6,72.9,1,-1,-1,-1
244,53,237.9,142.3,15.5,33.0,1,-1,-1,-1
244,69,109.1,373.3,32.9,37.4,1,-1,-1,-1
244,72,296.2,110.1,17.8,35.3,1,-1,-1,-1
244,73,750.9,389.8,27.9,86.0,1,-1,-1,-1
244,81,82.1,342.6,47.7,47.2,1,-1,-1,-1
244,90,68.2,268.9,34.4,70.9,1,-1,-1,-1
244,91,714.6,302.2,33.1,80.1,1,-1,-1,-1
244,96,144.2,349.6,73.7,53.3,1,-1,-1,-1
244,100,997.4,192.3,20.7,49.2,1,-1,-1,-1
244,106,476.0,232.2,20.1,44.0,1,-1,-1,-1
244,110,729.7,198.1,22.8,55.1,1,-1,-1,-1
244,112,291.2,306.4,30.9,32.3,1,-1,-1,-1
244,113,22.2,268.4,35.2,74.6,1,-1,-1,-1
244,114,1012.8,192.3,21.5,51.8,1,-1,-1,-1
244,120,426.9,621.7,38.3,18.4,1,-1,-1,-1
244,123,4.8,238.7,25.5,62.7,1,-1,-1,-1
244,124,940.2,186.3,22.7,44.4,1,-1,-1,-1
244,127,240.9,470.2,61.1,65.4,1,-1,-1,-1
244,130,266.0,487.0,58.0,67.5,1,-1,-1,-1
244,132,294.6,539.0,76.3,82.8,1,-1,-1,-1
244,134,46.8,131.3,17.5,28.9,1,-1,-1,-1
244,135,110.1,320.7,34.2,45.9,1,-1,-1,-1
244,136,512.7,714.3,46.0,41.7,1,-1,-1,-1
244,138,510.9,250.7,15.3,37.1,1,-1,-1,-1
244,139,10.7,114.1,18.4,38.3,1,-1,-1,-1
244,142,246.9,272.4,19.1,42.4,1,-1,-1,-1
244,143,361.8,565.5,44.1,69.6,1,-1,-1,-1
245,2,184.2,420.6,52.3,64.7,1,-1,-1,-1
245,3,308.3,306.3,46.4,45.2,1,-1,-1,-1
245,5,961.2,450.1,46.6,101.9,1,-1,-1,-1
245,6,324.3,386.6,37.0,98.6,1,-1,-1,-1
245,7,407.1,412.6,40.4,97.1,1,-1,-1,-1
245,8,666.0,258.9,25.6,54.8,1,-1,-1,-1
245,12,254.1,285.7,25.6,55.2,1,-1,-1,-1
245,14,983.2,349.8,38.8,75.7,1,-1,-1,-1
245,15,690.3,256.6,24.9,53.5,1,-1,-1,-1
245,16,421.4,246.2,24.5,66.4,1,-1,-1,-1
245,17,885.6,285.8,34.5,41.0,1,-1,-1,-1
245,18,273.9,387.9,46.7,97.7,1,-1,-1,-1
245,21,625.5,409.2,37.7,106.2,1,-1,-1,-1
245,22,611.0,346.8,30.3,84.8,1,-1,-1,-1
245,23,312.5,174.6,18.7,23.9,1,-1,-1,-1
245,24,832.3,204.0,27.1,63.6,1,-1,-1,-1
245,25,528.8,178.8,18.2,51.3,1,-1,-1,-1
245,29,685.5,184.3,24.8,38.6,1,-1,-1,-1
245,30,493.8,243.3,20.0,35.2,1,-1,-1,-1
245,33,494.2,269.4,17.0,35.0,1,-1,-1,-1
245,41,417.8,641.1,54.6,110.9,1,-1,-1,-1
245,47,852.8,333.3,33.1,72.1,1,-1,-1,-1
245,53,237.4,142.1,15.4,33.1,1,-1,-1,-1
245,69,109.0,372.8,33.1,37.5,1,-1,-1,-1
245,72,296.8,110.3,18.4,35.0,1,-1,-1,-1
245,73,750.7,388.0,32.2,86.5,1,-1,-1,-1
245,81,81.6,342.2,48.1,47.9,1,-1,-1,-1
245,90,68.5,269.2,34.0,70.7,1,-1,-1,-1
245,91,713.2,302.3,33.1,80.7,1,-1,-1,-1
245,96,144.3,349.6,73.3,52.7,1,-1,-1,-1
245,100,1000.3,191.9,21.1,48.7,1,-1,-1,-1
245,106,476.9,232.0,19.9,44.5,1,-1,-1,-1
245,110,730.7,197.5,23.4,56.1,1,-1,-1,-1
245,112,291.4,305.9,30.7,32.8,1,-1,-1,-1
245,113,23.0,269.1,34.6,73.8,1,-1,-1,-1
245,114,1014.4,196.8,20.2,45.1,1,-1,-1,-1
245,120,426.2,621.3,37.8,18.6,1,-1,-1,-1
245,123,3.8,239.5,26.9,62.5,1,-1,-1,-1
245,124,939.9,186.7,22.5,44.8,1,-1,-1,-1
245,127,239.1,470.8,59.5,65.9,1,-1,-1,-1
245,130,265.8,487.6,57.6,67.3,1,-1,-1,-1
245,132,307.1,558.5,93.6,82.1,1,-1,-1,-1
245,134,52.0,130.8,18.1,30.2,1,-1,-1,-1
245,135,110.3,320.5,34.9,46.1,1,-1,-1,-1
245,136,502.4,714.4,51.8,41.7,1,-1,-1,-1
245,138,510.4,251.1,15.9,36.2,1,-1,-1,-1
245,139,13.4,113.5,19.3,37.4,1,-1,-1,-1
245,142,245.4,271.6,21.8,43.6,1,-1,-1,-1
245,143,361.8,565.8,42.8,69.2,1,-1,-1,-1
246,2,182.1,419.6,53.1,66.1,1,-1,-1,-1
246,3,308.0,306.1,46.3,45.1,1,-1,-1,-1
246,5,959.5,451.3,46.1,101.6,1,-1,-1,-1
246,6,323.7,387.0,37.0,97.4,1,-1,-1,-1
246,7,403.6,411.2,39.4,98.7,1,-1,-1,-1
246,8,666.3,259.8,25.5,54.4,1,-1,-1,-1
246,12,253.7,286.0,25.6,54.5,1,-1,-1,-1
246,14,984.6,353.9,39.3,72.1,1,-1,-1,-1
246,15,690.3,256.2,24.9,54.5,1,-1,-1,-1
246,16,421.4,246.3,24.4,66.1,1,-1,-1,-1
246,17,885.5,286.0,34.9,40.9,1,-1,-1,-1
246,18,273.5,388.2,46.2,96.5,1,-1,-1,-1
246,21,625.8,409.5,36.9,106.2,1,-1,-1,-1
246,22,609.1,345.7,33.0,86.5,1,-1,-1,-1
246,23,312.7,174.2,18.8,24.4,1,-1,-1,-1
246,24,832.8,204.3,26.7,63.1,1,-1,-1,-1
246,25,528.7,179.0,18.5,51.2,1,-1,-1,-1
246,29,685.9,184.9,24.6,38.3,1,-1,-1,-1
246,30,494.3,243.6,20.0,35.9,1,-1,-1,-1
246,33,492.9,269.4,17.2,34.6,1,-1,-1,-1
246,41,414.6,640.4,56.3,111.8,1,-1,-1,-1
246,47,852.7,334.2,33.5,71.3,1,-1,-1,-1
246,53,236.6,142.2,15.7,33.2,1,-1,-1,-1
246,69,108.7,372.5,33.1,37.8,1,-1,-1,-1
246,72,298.5,110.3,18.6,34.7,1,-1,-1,-1
246,73,750.9,389.5,37.3,84.2,1,-1,-1,-1
246,81,81.4,341.8,48.3,47.6,1,-1,-1,-1
246,90,68.6,269.0,34.1,70.8,1,-1,-1,-1
246,91,713.6,302.2,32.1,81.2,1,-1,-1,-1
246,96,144.4,349.2,73.5,52.7,1,-1,-1,-1
246,100,1001.8,191.5,21.4,49.2,1,-1,-1,-1
246,106,476.8,230.9,19.8,45.7,1,-1,-1,-1
246,110,731.0,198.0,24.2,56.0,1,-1,-1,-1
246,112,290.7,305.5,31.2,33.2,1,-1,-1,-1
246,113,23.3,269.0,34.6,73.7,1,-1,-1,-1
246,114,1015.5,199.6,19.2,41.2,1,-1,-1,-1
246,120,421.0,622.8,37.5,17.4,1,-1,-1,-1
246,123,3.8,238.5,27.6,63.4,1,-1,-1,-1
246,124,939.6,186.5,22.7,45.7,1,-1,-1,-1
246,127,237.1,470.8,60.4,65.6,1,-1,-1,-1
246,130,265.0,487.5,56.8,68.1,1,-1,-1,-1
246,132,330.8,583.9,103.0,82.4,1,-1,-1,-1
246,134,57.5,132.2,17.3,31.6,1,-1,-1,-1
246,135,110.2,320.2,34.9,45.8,1,-1,-1,-1
246,136,494.7,714.7,55.8,41.4,1,-1,-1,-1
246,138,510.3,251.4,16.2,35.7,1,-1,-1,-1
246,139,16.5,113.2,19.1,38.1,1,-1,-1,-1
246,142,245.4,271.5,22.2,43.8,1,-1,-1,-1
247,2,181.9,419.3,53.6,66.6,1,-1,-1,-1
247,3,308.4,306.6,46.4,44.8,1,-1,-1,-1
247,5,958.5,453.0,44.5,101.2,1,-1,-1,-1
247,6,323.1,386.9,36.9,96.9,1,-1,-1,-1
247,7,403.5,412.9,36.8,99.5,1,-1,-1,-1
247,8,666.3,259.2,25.5,54.9,1,-1,-1,-1
247,12,253.1,285.2,25.3,54.5,1,-1,-1,-1
247,14,982.1,351.4,41.6,74.3,1,-1,-1,-1
247,15,690.2,255.8,24.7,54.8,1,-1,-1,-1
247,16,421.5,246.4,24.2,65.5,1,-1,-1,-1
247,17,885.3,285.8,35.0,40.6,1,-1,-1,-1
247,18,275.0,394.7,46.0,91.3,1,-1,-1,-1
247,21,625.7,410.0,36.9,105.9,1,-1,-1,-1
247,22,609.8,348.4,30.7,83.9,1,-1,-1,-1
247,23,313.2,174.1,18.8,25.0,1,-1,-1,-1
247,24,832.4,204.0,27.1,64.2,1,-1,-1,-1
247,25,529.1,179.4,18.6,51.2,1,-1,-1,-1
247,29,685.8,184.6,24.7,37.9,1,-1,-1,-1
247,30,494.2,243.9,20.2,38.1,1,-1,-1,-1
247,33,492.3,270.6,17.2,33.0,1,-1,-1,-1
247,41,409.2,641.1,55.6,112.0,1,-1,-1,-1
247,47,849.9,333.9,33.6,71.0,1,-1,-1,-1
247,53,236.2,142.3,15.8,32.7,1,-1,-1,-1
247,69,108.7,372.3,33.2,37.9,1,-1,-1,-1
247,72,299.5,109.7,18.5,34.6,1,-1,-1,-1
247,73,750.7,390.2,39.8,83.1,1,-1,-1,-1
247,81,81.4,341.4,48.5,47.3,1,-1,-1,-1
247,90,68.7,268.5,34.2,71.2,1,-1,-1,-1
247,91,711.2,304.5,31.3,80.6,1,-1,-1,-1
247,96,144.4,348.8,73.4,52.6,1,-1,-1,-1
247,100,1001.5,192.0,21.7,50.0,1,-1,-1,-1
247,106,477.2,230.0,19.6,46.2,1,-1,-1,-1
247,110,730.6,198.4,25.2,56.4,1,-1,-1,-1
247,112,290.7,305.8,31.2,33.1,1,-1,-1,-1
247,113,24.0,268.2,34.1,73.0,1,-1,-1,-1
247,114,1016.4,200.5,18.5,38.8,1,-1,-1,-1
247,120,418.6,620.9,38.7,18.7,1,-1,-1,-1
247,123,4.2,237.3,27.8,64.3,1,-1,-1,-1
247,124,939.6,186.2,23.0,46.0,1,-1,-1,-1
247,127,236.8,470.3,58.1,65.1,1,-1,-1,-1
247,130,263.9,486.4,56.9,69.8,1,-1,-1,-1
247,134,62.6,132.1,17.0,31.3,1,-1,-1,-1
247,135,110.2,319.9,34.8,45.7,1,-1,-1,-1
247,136,490.1,715.4,54.7,40.7,1,-1,-1,-1
247,138,510.5,251.5,16.4,35.6,1,-1,-1,-1
247,139,19.1,115.4,19.0,37.5,1,-1,-1,-1
247,142,245.6,270.1,22.7,45.5,1,-1,-1,-1
247,143,353.3,562.7,50.2,72.0,1,-1,-1,-1
247,144,290.1,538.6,73.1,82.0,1,-1,-1,-1
248,2,181.7,418.3,53.7,67.0,1,-1,-1,-1
248,3,308.0,306.1,46.1,44.7,1,-1,-1,-1
248,5,956.1,453.8,45.1,100.4,1,-1,-1,-1
248,6,322.3,386.2,37.1,98.2,1,-1,-1,-1
248,7,402.8,412.8,35.1,99.7,1,-1,-1,-1
248,8,666.2,258.4,25.5,55.4,1,-1,-1,-1
248,12,252.1,283.7,24.5,54.9,1,-1,-1,-1
248,14,980.5,351.6,43.1,75.1,1,-1,-1,-1
248,15,690.3,255.8,24.8,54.7,1,-1,-1,-1
248,16,421.3,246.3,24.3,65.5,1,-1,-1,-1
248,17,885.6,285.8,35.6,40.6,1,-1,-1,-1
248,18,274.5,396.4,45.9,88.9,1,-1,-1,-1
248,21,624.9,411.4,37.5,104.7,1,-1,-1,-1
248,22,610.0,349.2,29.9,84.0,1,-1,-1,-1
248,23,313.8,174.1,18.2,24.9,1,-1,-1,-1
248,24,832.7,204.1,27.2,63.8,1,-1,-1,-1
248,25,529.7,179.4,18.7,51.1,1,-1,-1,-1
248,29,686.2,184.1,24.7,37.7,1,-1,-1,-1
248,30,494.5,243.4,20.2,38.9,1,-1,-1,-1
248,33,491.3,269.0,17.2,33.0,1,-1,-1,-1
248,41,408.0,642.6,55.0,110.6,1,-1,-1,-1
248,47,849.2,334.7,33.3,70.3,1,-1,-1,-1
248,53,235.9,142.2,15.7,32.4,1,-1,-1,-1
248,69,108.5,371.5,33.3,38.3,1,-1,-1,-1
248,72,301.4,112.0,16.8,29.4,1,-1,-1,-1
248,73,749.7,390.8,40.8,82.4,1,-1,-1,-1
248,81,82.1,340.8,48.2,48.3,1,-1,-1,-1
248,90,68.8,268.3,34.3,71.4,1,-1,-1,-1
248,91,709.3,306.3,32.0,77.7,1,-1,-1,-1
248,96,144.0,348.5,73.8,52.3,1,-1,-1,-1
248,100,1002.1,191.9,21.7,50.2,1,-1,-1,-1
248,106,477.8,230.0,19.3,46.2,1,-1,-1,-1
248,110,730.4,199.0,26.0,56.5,1,-1,-1,-1
248,112,291.0,305.3,31.2,33.4,1,-1,-1,-1
248,113,23.8,268.3,33.5,71.4,1,-1,-1,-1
248,114,1017.5,200.5,18.1,37.7,1,-1,-1,-1
248,120,416.8,621.8,39.0,18.2,1,-1,-1,-1
248,123,4.6,236.3,27.3,63.7,1,-1,-1,-1
248,124,939.5,186.2,23.1,45.9,1,-1,-1,-1
248,127,236.4,470.5,59.6,65.3,1,-1,-1,-1
248,130,263.2,486.0,56.6,70.6,1,-1,-1,-1
248,134,66.9,130.6,16.9,31.3,1,-1,-1,-1
248,135,109.3,321.0,34.1,54.0,1,-1,-1,-1
248,136,484.8,715.1,53.6,40.9,1,-1,-1,-1
248,138,511.6,251.2,15.8,37.0,1,-1,-1,-1
248,139,21.1,116.2,18.4,37.2,1,-1,-1,-1
248,143,357.3,563.7,43.7,70.6,1,-1,-1,-1
248,144,288.1,538.9,72.6,81.6,1,-1,-1,-1
248,145,0.0,169.6,10.6,46.7,1,-1,-1,-1
249,2,181.4,417.5,53.0,67.6,1,-1,-1,-1
249,3,307.6,306.3,45.7,44.6,1,-1,-1,-1
249,5,955.5,453.6,45.2,101.0,1,-1,-1,-1
249,6,322.0,386.0,37.2,99.9,1,-1,-1,-1
249,7,400.8,413.1,35.4,99.8,1,-1,-1,-1
249,8,666.0,258.5,25.5,55.4,1,-1,-1,-1
249,12,251.7,282.1,23.7,55.9,1,-1,-1,-1
249,14,980.1,353.0,42.0,74.6,1,-1,-1,-1
249,15,690.4,256.0,24.9,54.3,1,-1,-1,-1
249,16,421.4,246.4,24.1,65.3,1,-1,-1,-1
249,17,885.3,286.1,35.8,40.2,1,-1,-1,-1
249,18,274.8,395.7,44.8,88.3,1,-1,-1,-1
249,21,624.7,412.5,37.7,103.6,1,-1,-1,-1
249,22,611.0,348.1,31.1,81.3,1,-1,-1,-1
249,23,315.3,173.7,16.9,24.6,1,-1,-1,-1
249,24,833.0,204.4,27.1,63.6,1,-1,-1,-1
249,25,530.1,179.3,19.3,51.3,1,-1,-1,-1
249,29,686.7,184.2,24.6,37.6,1,-1,-1,-1
249,30,494.7,242.8,20.1,38.0,1,-1,-1,-1
249,33,491.0,268.5,16.9,32.9,1,-1,-1,-1
249,41,405.0,641.1,57.5,111.5,1,-1,-1,-1
249,47,849.3,336.4,32.4,68.5,1,-1,-1,-1
249,53,237.6,142.9,14.6,31.9,1,-1,-1,-1
249,69,108.2,370.9,33.4,38.4,1,-1,-1,-1
249,72,301.9,110.8,17.3,32.2,1,-1,-1,-1
249,73,748.4,391.0,42.1,82.6,1,-1,-1,-1
249,81,81.9,340.1,48.2,49.3,1,-1,-1,-1
249,90,69.5,269.1,33.4,71.9,1,-1,-1,-1
249,91,712.0,308.9,30.2,73.3,1,-1,-1,-1
249,96,146.6,354.9,64.4,46.5,1,-1,-1,-1
249,100,1005.4,193.4,22.0,44.7,1,-1,-1,-1
249,106,478.2,229.6,19.3,46.9,1,-1,-1,-1
249,110,730.5,199.2,26.6,56.4,1,-1,-1,-1
249,112,290.8,305.1,31.4,33.6,1,-1,-1,-1
249,113,24.1,268.8,33.1,70.5,1,-1,-1,-1
249,114,1019.4,201.1,18.6,38.3,1,-1,-1,-1
249,120,416.0,621.9,38.7,18.1,1,-1,-1,-1
249,123,5.6,235.9,26.5,62.2,1,-1,-1,-1
249,124,940.3,187.1,22.5,45.2,1,-1,-1,-1
249,127,235.5,470.0,60.8,66.3,1,-1,-1,-1
249,130,262.7,485.4,56.5,70.2,1,-1,-1,-1
249,134,72.5,126.8,16.9,30.9,1,-1,-1,-1
249,135,109.5,319.7,33.9,56.6,1,-1,-1,-1
249,136,479.5,714.7,55.8,41.2,1,-1,-1,-1
249,138,512.0,250.8,15.6,38.0,1,-1,-1,-1
249,139,21.4,112.0,19.7,39.6,1,-1,-1,-1
249,143,353.8,564.0,43.7,70.5,1,-1,-1,-1
249,144,287.1,538.6,73.8,81.7,1,-1,-1,-1
249,145,-0.0,167.8,12.6,47.4,1,-1,-1,-1
250,2,181.3,417.2,52.5,67.6,1,-1,-1,-1
250,3,307.8,306.0,45.4,44.5,1,-1,-1,-1
250,5,955.5,453.7,44.5,101.1,1,-1,-1,-1
250,6,321.7,388.6,36.7,95.9,1,-1,-1,-1
250,7,403.4,416.2,33.3,93.6,1,-1,-1,-1
250,8,666.1,258.9,25.5,55.2,1,-1,-1,-1
250,12,251.4,281.2,23.6,56.2,1,-1,-1,-1
250,14,979.8,354.2,37.0,73.1,1,-1,-1,-1
250,15,690.5,255.6,25.2,54.0,1,-1,-1,-1
250,16,421.5,246.3,24.0,65.4,1,-1,-1,-1
250,17,884.8,286.4,35.8,40.1,1,-1,-1,-1
250,18,275.3,395.1,43.8,88.8,1,-1,-1,-1
250,21,624.3,413.3,37.8,102.5,1,-1,-1,-1
250,22,611.1,351.6,29.5,80.8,1,-1,-1,-1
250,23,316.1,173.7,16.1,24.7,1,-1,-1,-1
250,24,833.6,204.5,26.9,63.4,1,-1,-1,-1
250,25,530.7,178.4,19.6,52.0,1,-1,-1,-1
250,29,686.8,183.7,24.6,37.6,1,-1,-1,-1
250,30,495.2,242.6,19.8,37.4,1,-1,-1,-1
250,33,491.1,267.9,16.5,33.2,1,-1,-1,-1
250,41,402.1,641.3,59.2,110.9,1,-1,-1,-1
250,47,849.0,339.8,31.0,65.1,1,-1,-1,-1
250,53,238.8,142.7,14.4,31.2,1,-1,-1,-1
250,69,108.1,370.6,33.5,38.5,1,-1,-1,-1
250,72,303.0,110.5,17.7,34.1,1,-1,-1,-1
250,73,748.1,391.3,42.5,82.4,1,-1,-1,-1
250,81,82.0,339.6,48.0,48.7,1,-1,-1,-1
250,90,69.5,268.0,33.5,71.7,1,-1,-1,-1
250,91,708.3,308.3,32.2,73.7,1,-1,-1,-1
250,96,148.3,357.3,60.1,43.3,1,-1,-1,-1
250,100,1004.1,193.6,23.3,47.9,1,-1,-1,-1
250,106,478.4,229.9,19.5,47.0,1,-1,-1,-1
250,110,730.5,199.3,26.6,55.5,1,-1,-1,-1
250,112,291.0,304.8,31.3,33.8,1,-1,-1,-1
250,113,24.7,269.0,33.1,70.3,1,-1,-1,-1
250,114,1020.9,201.6,18.7,38.4,1,-1,-1,-1
250,120,414.8,621.0,39.2,18.8,1,-1,-1,-1
250,123,6.4,236.0,25.9,61.4,1,-1,-1,-1
250,124,940.4,187.3,22.2,45.0,1,-1,-1,-1
250,127,240.2,470.0,53.5,64.0,1,-1,-1,-1
250,130,262.6,485.5,55.2,68.6,1,-1,-1,-1
250,134,77.6,126.4,17.2,30.3,1,-1,-1,-1
250,135,111.1,316.4,34.9,49.5,1,-1,-1,-1
250,136,474.5,714.9,53.4,41.1,1,-1,-1,-1
250,138,512.1,250.4,15.5,38.5,1,-1,-1,-1
250,139,24.9,114.7,20.0,38.9,1,-1,-1,-1
250,143,353.7,563.3,41.8,70.1,1,-1,-1,-1
250,144,286.4,538.3,73.7,80.6,1,-1,-1,-1
250,145,0.1,165.0,16.7,51.3,1,-1,-1,-1
251,2,180.5,416.5,51.9,67.5,1,-1,-1,-1
251,3,308.0,306.0,46.0,44.4,1,-1,-1,-1
251,5,954.3,453.6,44.5,101.3,1,-1,-1,-1
251,6,321.2,389.2,36.4,94.2,1,-1,-1,-1
251,7,403.9,418.2,32.8,90.8,1,-1,-1,-1
251,8,666.0,258.7,25.3,55.0,1,-1,-1,-1
251,12,250.8,281.5,23.8,56.4,1,-1,-1,-1
251,14,981.1,356.6,39.9,70.9,1,-1,-1,-1
251,15,690.8,255.3,24.9,53.4,1,-1,-1,-1
251,16,421.7,245.9,23.8,65.2,1,-1,-1,-1
251,17,885.0,286.4,35.6,39.8,1,-1,-1,-1
251,18,268.9,388.2,47.6,94.5,1,-1,-1,-1
251,21,627.6,424.0,34.7,93.1,1,-1,-1,-1
251,22,610.7,351.3,32.2,81.8,1,-1,-1,-1
251,23,318.8,173.9,17.5,24.4,1,-1,-1,-1
251,24,836.3,206.0,24.5,59.1,1,-1,-1,-1
251,25,530.8,178.6,19.9,52.2,1,-1,-1,-1
251,29,686.9,183.7,24.5,37.6,1,-1,-1,-1
251,30,495.5,242.4,19.6,36.4,1,-1,-1,-1
251,33,491.1,266.8,16.1,34.3,1,-1,-1,-1
251,41,398.1,641.0,57.0,111.1,1,-1,-1,-1
251,47,848.0,341.2,29.3,63.8,1,-1,-1,-1
251,53,239.5,142.6,14.3,30.5,1,-1,-1,-1
251,69,108.0,370.5,33.6,38.7,1,-1,-1,-1
251,72,303.6,110.2,18.4,36.2,1,-1,-1,-1
251,73,749.0,391.4,41.9,81.8,1,-1,-1,-1
251,81,82.4,339.6,47.8,47.6,1,-1,-1,-1
251,90,69.7,267.8,33.5,71.5,1,-1,-1,-1
251,91,705.1,307.6,33.6,74.2,1,-1,-1,-1
251,96,149.2,358.8,59.0,41.4,1,-1,-1,-1
251,100,1004.3,193.9,23.4,49.1,1,-1,-1,-1
251,106,478.4,229.4,20.0,47.1,1,-1,-1,-1
251,110,731.6,200.2,26.0,55.3,1,-1,-1,-1
251,112,291.1,304.8,31.1,33.8,1,-1,-1,-1
251,113,24.9,268.7,33.3,71.2,1,-1,-1,-1
251,114,1020.8,201.4,18.8,39.1,1,-1,-1,-1
251,120,410.8,620.8,41.4,19.1,1,-1,-1,-1
251,123,7.1,236.5,25.3,61.5,1,-1,-1,-1
251,124,940.1,187.6,21.8,44.9,1,-1,-1,-1
251,127,237.7,470.4,53.5,63.0,1,-1,-1,-1
251,130,260.8,485.8,54.9,67.7,1,-1,-1,-1
251,134,83.8,129.3,16.9,29.9,1,-1,-1,-1
251,135,110.7,317.8,35.3,48.9,1,-1,-1,-1
251,136,472.3,714.3,50.3,41.6,1,-1,-1,-1
251,138,512.0,250.1,15.5,38.8,1,-1,-1,-1
251,139,27.7,115.8,20.9,38.0,1,-1,-1,-1
251,143,352.2,562.6,41.8,70.2,1,-1,-1,-1
251,144,286.9,538.3,71.8,79.9,1,-1,-1,-1
251,145,-0.5,163.7,16.6,51.0,1,-1,-1,-1
251,147,689.7,317.5,26.1,54.2,1,-1,-1,-1
252,2,180.0,415.9,51.9,67.6,1,-1,-1,-1
252,3,307.8,305.6,46.6,44.6,1,-1,-1,-1
252,5,953.0,453.4,45.0,102.0,1,-1,-1,-1
252,6,319.4,390.0,36.3,93.5,1,-1,-1,-1
252,7,393.2,413.7,36.3,94.2,1,-1,-1,-1
252,8,666.0,258.6,25.1,54.9,1,-1,-1,-1
252,12,250.2,281.9,24.2,55.8,1,-1,-1,-1
252,14,980.8,357.3,40.7,70.0,1,-1,-1,-1
252,15,690.7,255.5,24.4,53.1,1,-1,-1,-1
252,16,421.4,246.0,23.7,63.9,1,-1,-1,-1
252,17,885.4,286.7,35.7,39.6,1,-1,-1,-1
252,18,266.8,386.3,48.9,96.9,1,-1,-1,-1
252,21,628.8,426.5,33.4,90.2,1,-1,-1,-1
252,22,610.8,352.2,30.1,82.5,1,-1,-1,-1
252,23,316.3,172.7,16.4,25.0,1,-1,-1,-1
252,24,837.7,207.1,23.1,57.1,1,-1,-1,-1
252,25,531.6,178.3,19.1,52.3,1,-1,-1,-1
252,29,686.3,183.0,25.1,38.2,1,-1,-1,-1
252,30,496.1,242.7,19.1,35.6,1,-1,-1,-1
252,33,491.0,266.4,15.7,34.7,1,-1,-1,-1
252,41,402.8,661.5,49.4,96.5,1,-1,-1,-1
252,47,847.6,342.0,28.8,63.0,1,-1,-1,-1
252,53,240.4,142.4,14.6,31.0,1,-1,-1,-1
252,69,108.1,370.6,33.4,38.7,1,-1,-1,-1
252,72,303.8,109.2,18.5,38.1,1,-1,-1,-1
252,73,751.3,391.3,39.4,81.5,1,-1,-1,-1
252,81,82.8,339.8,47.3,46.5,1,-1,-1,-1
252,90,70.0,267.9,33.7,71.3,1,-1,-1,-1
252,91,704.0,307.5,34.4,74.6,1,-1,-1,-1
252,96,149.3,357.2,60.0,42.3,1,-1,-1,-1
252,100,1008.0,192.3,21.9,43.8,1,-1,-1,-1
252,106,478.5,229.0,20.6,46.2,1,-1,-1,-1
252,110,733.0,201.0,25.0,55.0,1,-1,-1,-1
252,112,291.1,304.2,31.1,34.2,1,-1,-1,-1
252,113,25.0,268.2,33.4,71.5,1,-1,-1,-1
252,114,1021.2,201.1,18.7,39.3,1,-1,-1,-1
252,120,407.4,620.5,42.4,19.4,1,-1,-1,-1
252,123,8.2,236.4,24.9,62.4,1,-1,-1,-1
252,124,940.1,186.7,22.0,45.5,1,-1,-1,-1
252,127,236.2,471.1,53.5,60.7,1,-1,-1,-1
252,130,259.1,485.9,55.3,66.7,1,-1,-1,-1
252,134,88.8,128.3,17.8,30.2,1,-1,-1,-1
252,135,111.2,317.3,35.3,44.0,1,-1,-1,-1
252,136,469.9,714.3,49.7,41.7,1,-1,-1,-1
252,138,512.0,250.1,15.3,38.7,1,-1,-1,-1
252,139,29.2,115.9,21.2,36.6,1,-1,-1,-1
252,143,351.9,562.7,41.5,70.1,1,-1,-1,-1
252,144,285.5,538.2,71.2,78.3,1,-1,-1,-1
252,145,-0.3,163.5,17.7,48.8,1,-1,-1,-1
252,146,297.9,588.1,72.1,51.7,1,-1,-1,-1
252,147,688.5,303.6,26.8,69.4,1,-1,-1,-1
253,2,183.0,419.4,52.4,63.4,1,-1,-1,-1
253,3,307.6,305.2,45.9,44.7,1,-1,-1,-1
253,5,951.1,453.9,45.8,102.4,1,-1,-1,-1
253,6,318.8,389.3,36.1,93.1,1,-1,-1,-1
253,7,389.9,412.2,38.1,95.9,1,-1,-1,-1
253,8,665.9,259.3,25.2,54.1,1,-1,-1,-1
253,12,250.2,280.9,26.2,55.9,1,-1,-1,-1
253,14,980.2,357.7,40.7,69.1,1,-1,-1,-1
253,15,690.5,256.0,24.6,53.6,1,-1,-1,-1
253,16,421.5,246.3,23.7,62.8,1,-1,-1,-1
253,17,886.0,287.0,35.3,39.7,1,-1,-1,-1
253,18,265.5,386.1,49.2,97.6,1,-1,-1,-1
253,21,629.2,426.9,34.5,90.7,1,-1,-1,-1
253,22,609.3,352.4,34.8,82.9,1,-1,-1,-1
253,23,314.6,172.1,15.0,24.7,1,-1,-1,-1
253,24,838.5,207.1,21.8,52.1,1,-1,-1,-1
253,25,531.8,179.4,19.1,51.5,1,-1,-1,-1
253,29,687.2,182.5,24.5,38.1,1,-1,-1,-1
253,30,496.6,242.8,18.4,34.7,1,-1,-1,-1
253,33,491.0,264.7,15.7,34.7,1,-1,-1,-1
253,41,398.2,646.9,52.1,105.2,1,-1,-1,-1
253,47,847.7,342.9,28.0,62.1,1,-1,-1,-1
253,53,241.0,139.5,15.8,32.5,1,-1,-1,-1
253,69,108.0,369.9,33.2,39.0,1,-1,-1,-1
253,72,305.0,109.5,17.4,38.7,1,-1,-1,-1
253,73,753.7,392.0,36.1,81.0,1,-1,-1,-1
253,81,82.4,339.9,47.5,45.9,1,-1,-1,-1
253,90,70.3,267.9,34.1,71.0,1,-1,-1,-1
253,91,703.2,309.9,34.6,72.1,1,-1,-1,-1
253,96,144.6,349.7,67.9,48.1,1,-1,-1,-1
253,100,1006.0,194.3,22.8,48.0,1,-1,-1,-1
253,106,478.5,228.4,20.9,44.8,1,-1,-1,-1
253,110,734.1,201.1,24.3,54.9,1,-1,-1,-1
253,112,291.1,303.2,31.4,35.0,1,-1,-1,-1
253,113,25.5,268.8,32.6,70.0,1,-1,-1,-1
253,114,1021.9,201.3,18.4,39.9,1,-1,-1,-1
253,123,8.7,235.8,24.8,62.4,1,-1,-1,-1
253,124,939.0,186.7,22.2,45.4,1,-1,-1,-1
253,127,236.8,472.6,46.8,56.8,1,-1,-1,-1
253,130,257.6,485.6,56.2,65.8,1,-1,-1,-1
253,134,94.8,126.5,17.4,29.2,1,-1,-1,-1
253,135,111.2,318.0,34.9,43.8,1,-1,-1,-1
253,136,464.2,712.8,51.3,43.0,1,-1,-1,-1
253,138,511.9,250.1,14.9,38.3,1,-1,-1,-1
253,139,31.0,116.2,20.6,36.8,1,-1,-1,-1
253,143,352.0,562.8,40.9,70.0,1,-1,-1,-1
253,144,283.9,537.8,70.4,77.2,1,-1,-1,-1
253,145,0.4,162.1,22.3,50.1,1,-1,-1,-1
253,146,296.0,563.2,90.7,71.9,1,-1,-1,-1
253,147,687.7,300.6,23.4,61.3,1,-1,-1,-1
254,2,182.8,420.0,52.8,61.1,1,-1,-1,-1
254,3,307.6,305.0,45.3,44.9,1,-1,-1,-1
254,5,949.3,454.8,45.8,102.3,1,-1,-1,-1
254,6,315.9,386.4,37.1,97.3,1,-1,-1,-1
254,7,385.0,412.1,41.8,98.2,1,-1,-1,-1
254,8,665.8,259.2,25.3,54.1,1,-1,-1,-1
254,12,249.9,279.9,25.8,56.3,1,-1,-1,-1
254,14,979.8,357.9,40.5,69.1,1,-1,-1,-1
254,15,690.8,256.1,25.0,53.7,1,-1,-1,-1
254,16,422.0,246.6,23.7,64.0,1,-1,-1,-1
254,17,885.9,287.2,35.1,39.8,1,-1,-1,-1
254,18,267.2,385.9,47.6,97.7,1,-1,-1,-1
254,21,626.2,419.8,35.5,97.8,1,-1,-1,-1
254,22,609.4,352.5,36.7,83.8,1,-1,-1,-1
254,23,314.5,171.9,14.3,24.7,1,-1,-1,-1
254,24,838.8,207.2,21.8,49.7,1,-1,-1,-1
254,25,532.5,179.7,18.8,51.1,1,-1,-1,-1
254,29,688.3,183.3,23.9,37.3,1,-1,-1,-1
254,30,496.7,243.0,18.2,34.3,1,-1,-1,-1
254,33,491.2,264.4,15.6,33.2,1,-1,-1,-1
254,41,392.3,641.3,56.5,109.2,1,-1,-1,-1
254,47,846.9,342.8,28.5,62.0,1,-1,-1,-1
254,53,242.4,140.3,14.8,31.7,1,-1,-1,-1
254,69,107.8,369.5,33.2,38.9,1,-1,-1,-1
254,72,304.9,109.7,18.8,40.5,1,-1,-1,-1
254,73,755.7,391.8,33.5,81.3,1,-1,-1,-1
254,81,82.8,339.9,47.1,46.6,1,-1,-1,-1
254,90,70.6,267.9,34.5,70.9,1,-1,-1,-1
254,91,700.0,309.0,33.8,74.0,1,-1,-1,-1
254,96,142.4,347.3,71.5,51.0,1,-1,-1,-1
254,100,1006.2,194.6,22.9,49.8,1,-1,-1,-1
254,106,478.5,229.1,20.8,44.8,1,-1,-1,-1
254,110,735.4,201.2,23.6,55.2,1,-1,-1,-1
254,112,291.2,302.3,31.6,35.4,1,-1,-1,-1
254,113,25.3,268.3,33.9,70.7,1,-1,-1,-1
254,114,1021.7,201.1,18.7,40.2,1,-1,-1,-1
254,123,9.3,235.6,24.6,64.0,1,-1,-1,-1
254,124,938.9,186.7,22.4,45.3,1,-1,-1,-1
254,127,234.1,478.0,42.3,51.9,1,-1,-1,-1
254,130,255.8,485.4,56.3,67.1,1,-1,-1,-1
254,134,98.7,125.4,17.1,30.3,1,-1,-1,-1
254,135,111.2,318.0,34.4,43.1,1,-1,-1,-1
254,136,461.8,712.3,49.8,43.6,1,-1,-1,-1
254,138,511.9,250.2,14.7,38.0,1,-1,-1,-1
254,139,32.9,116.3,20.9,37.5,1,-1,-1,-1
254,145,0.6,161.3,26.0,51.2,1,-1,-1,-1
254,146,301.4,538.1,101.2,84.0,1,-1,-1,-1
254,147,685.5,301.5,21.9,58.5,1,-1,-1,-1
255,2,182.3,420.5,52.8,59.7,1,-1,-1,-1
255,3,307.2,304.6,44.8,45.2,1,-1,-1,-1
255,5,948.1,455.5,45.2,101.8,1,-1,-1,-1
255,6,314.9,385.7,37.6,100.6,1,-1,-1,-1
255,7,387.8,412.9,39.9,97.9,1,-1,-1,-1
255,8,665.6,259.0,25.7,55.0,1,-1,-1,-1
255,12,249.7,279.8,25.1,56.0,1,-1,-1,-1
255,14,979.7,358.3,40.6,68.8,1,-1,-1,-1
255,15,690.8,256.1,25.6,54.2,1,-1,-1,-1
255,16,421.8,246.2,23.6,63.0,1,-1,-1,-1
255,17,885.9,287.2,35.1,39.9,1,-1,-1,-1
255,18,266.6,385.9,45.7,97.5,1,-1,-1,-1
255,21,626.5,420.8,37.4,100.4,1,-1,-1,-1
255,22,609.9,352.8,38.3,84.5,1,-1,-1,-1
255,23,313.2,171.5,13.6,24.8,1,-1,-1,-1
255,24,839.4,207.8,21.4,49.0,1,-1,-1,-1
255,25,532.6,179.3,18.7,50.9,1,-1,-1,-1
255,29,688.8,182.9,23.5,37.2,1,-1,-1,-1
255,30,496.9,243.1,18.2,34.0,1,-1,-1,-1
255,33,491.3,264.6,15.5,31.4,1,-1,-1,-1
255,41,387.9,640.2,58.1,111.2,1,-1,-1,-1
255,47,846.4,343.1,29.2,62.0,1,-1,-1,-1
255,53,243.5,141.1,13.9,31.6,1,-1,-1,-1
255,69,108.1,368.8,32.6,38.9,1,-1,-1,-1
255,72,305.2,109.5,19.4,41.4,1,-1,-1,-1
255,73,758.5,390.9,30.7,83.2,1,-1,-1,-1
255,81,82.2,338.7,47.7,47.1,1,-1,-1,-1
255,90,70.8,267.7,34.2,70.6,1,-1,-1,-1
255,91,700.4,309.3,34.2,73.9,1,-1,-1,-1
255,96,141.7,346.8,72.4,51.8,1,-1,-1,-1
255,100,1005.4,194.5,23.2,50.3,1,-1,-1,-1
255,106,478.4,229.2,20.8,45.8,1,-1,-1,-1
255,110,737.3,200.6,23.0,55.6,1,-1,-1,-1
255,113,24.4,267.9,35.7,71.1,1,-1,-1,-1
255,114,1022.3,201.2,18.6,39.9,1,-1,-1,-1
255,123,9.9,235.0,24.5,66.0,1,-1,-1,-1
255,124,939.4,185.7,22.9,45.9,1,-1,-1,-1
255,127,230.1,469.1,53.0,63.2,1,-1,-1,-1
255,130,254.3,484.6,55.8,66.6,1,-1,-1,-1
255,134,104.1,125.0,17.7,29.2,1,-1,-1,-1
255,135,111.5,317.5,34.3,42.2,1,-1,-1,-1
255,136,459.9,711.0,50.7,44.9,1,-1,-1,-1
255,138,512.0,250.4,14.6,37.6,1,-1,-1,-1
255,139,34.5,113.0,20.2,39.4,1,-1,-1,-1
255,143,346.2,560.9,40.9,72.1,1,-1,-1,-1
255,144,290.4,542.9,62.3,65.4,1,-1,-1,-1
255,145,2.7,161.3,27.2,51.3,1,-1,-1,-1
255,147,681.2,303.1,26.5,68.7,1,-1,-1,-1
255,149,297.0,586.3,73.4,52.3,1,-1,-1,-1
255,150,236.3,111.7,15.2,34.1,1,-1,-1,-1
256,2,181.9,420.5,52.5,59.2,1,-1,-1,-1
256,3,307.1,304.3,45.0,45.5,1,-1,-1,-1
256,5,946.8,455.6,45.0,101.6,1,-1,-1,-1
256,6,314.3,384.6,37.7,101.9,1,-1,-1,-1
256,7,388.9,413.6,38.4,98.4,1,-1,-1,-1
256,8,665.3,258.8,26.1,55.0,1,-1,-1,-1
256,12,250.4,278.8,24.6,55.3,1,-1,-1,-1
256,14,979.7,358.6,40.7,69.4,1,-1,-1,-1
256,15,691.0,256.3,25.7,54.1,1,-1,-1,-1
256,16,421.9,246.1,23.9,64.7,1,-1,-1,-1
256,17,885.8,287.3,35.0,40.3,1,-1,-1,-1
256,18,266.6,386.1,44.0,97.3,1,-1,-1,-1
256,21,626.5,421.8,38.4,101.7,1,-1,-1,-1
256,22,611.6,353.5,38.1,85.2,1,-1,-1,-1
256,24,836.5,207.1,25.5,57.8,1,-1,-1,-1
256,25,533.8,178.7,18.7,51.2,1,-1,-1,-1
256,29,690.0,182.9,23.4,37.3,1,-1,-1,-1
256,30,497.4,243.3,18.3,34.3,1,-1,-1,-1
256,33,491.4,264.7,15.7,30.4,1,-1,-1,-1
256,41,386.4,640.0,56.6,113.2,1,-1,-1,-1
256,47,845.9,343.4,29.6,61.8,1,-1,-1,-1
256,53,244.3,141.5,13.0,30.7,1,-1,-1,-1
256,69,108.4,368.7,32.1,39.1,1,-1,-1,-1
256,72,307.0,109.5,18.2,39.2,1,-1,-1,-1
256,73,760.8,390.8,28.9,82.9,1,-1,-1,-1
256,81,81.8,337.5,47.8,47.3,1,-1,-1,-1
256,90,71.4,267.6,34.1,70.3,1,-1,-1,-1
256,91,698.1,310.4,31.4,73.6,1,-1,-1,-1
256,96,142.0,346.4,72.0,52.0,1,-1,-1,-1
256,100,1004.3,194.1,23.7,50.6,1,-1,-1,-1
256,106,478.2,230.2,20.7,46.7,1,-1,-1,-1
256,110,738.7,199.7,22.3,56.6,1,-1,-1,-1
256,113,28.7,268.0,35.4,70.1,1,-1,-1,-1
256,114,1022.9,201.0,18.2,39.5,1,-1,-1,-1
256,123,10.5,234.2,24.8,66.9,1,-1,-1,-1
256,124,940.3,185.4,22.9,46.1,1,-1,-1,-1
256,127,230.9,463.4,56.3,67.0,1,-1,-1,-1
256,130,252.6,484.6,55.1,65.3,1,-1,-1,-1
256,134,108.9,126.0,17.6,29.5,1,-1,-1,-1
256,135,90.1,318.5,54.0,47.7,1,-1,-1,-1
256,136,457.8,710.6,50.9,45.4,1,-1,-1,-1
256,138,512.1,250.8,14.6,37.1,1,-1,-1,-1
256,139,37.1,112.1,20.5,40.1,1,-1,-1,-1
256,143,344.1,560.8,40.9,71.3,1,-1,-1,-1
256,144,283.7,542.0,63.5,69.9,1,-1,-1,-1
256,145,5.0,160.7,27.7,51.2,1,-1,-1,-1
256,147,676.6,303.2,27.2,71.4,1,-1,-1,-1
256,149,297.2,587.1,73.2,52.0,1,-1,-1,-1
256,150,237.0,111.3,14.8,33.9,1,-1,-1,-1
256,151,321.3,172.0,17.0,25.3,1,-1,-1,-1
257,2,182.1,419.6,52.3,59.4,1,-1,-1,-1
257,3,306.7,303.9,44.8,45.7,1,-1,-1,-1
257,5,945.8,455.9,44.7,101.8,1,-1,-1,-1
257,6,314.0,384.4,37.0,102.1,1,-1,-1,-1
257,7,388.3,413.7,37.7,97.4,1,-1,-1,-1
257,8,665.7,260.0,25.8,53.7,1,-1,-1,-1
257,12,250.9,277.8,25.8,54.8,1,-1,-1,-1
257,14,979.6,359.0,40.0,69.7,1,-1,-1,-1
257,15,690.8,256.3,25.2,53.8,1,-1,-1,-1
257,16,422.1,245.6,23.8,64.9,1,-1,-1,-1
257,17,885.1,287.2,35.4,40.6,1,-1,-1,-1
257,18,266.7,386.0,43.3,97.1,1,-1,-1,-1
257,21,627.9,419.7,38.2,103.0,1,-1,-1,-1
257,22,612.2,354.5,36.5,85.0,1,-1,-1,-1
257,24,835.4,206.0,26.8,62.4,1,-1,-1,-1
257,25,534.3,178.6,18.7,51.4,1,-1,-1,-1
257,29,690.2,184.1,23.4,37.3,1,-1,-1,-1
257,30,497.9,243.0,18.3,34.4,1,-1,-1,-1
257,33,490.7,264.4,16.0,30.5,1,-1,-1,-1
257,41,386.1,639.1,55.2,114.7,1,-1,-1,-1
257,47,845.3,345.2,29.0,60.9,1,-1,-1,-1
257,53,244.7,141.6,12.4,30.2,1,-1,-1,-1
257,69,108.4,368.7,31.8,39.4,1,-1,-1,-1
257,72,307.4,109.3,19.2,38.2,1,-1,-1,-1
257,73,761.3,390.1,28.5,82.8,1,-1,-1,-1
257,90,71.7,267.5,33.5,69.4,1,-1,-1,-1
257,91,696.4,311.0,29.3,75.4,1,-1,-1,-1
257,96,141.6,345.9,72.3,52.0,1,-1,-1,-1
257,100,1005.1,194.2,23.5,50.8,1,-1,-1,-1
257,106,479.1,229.3,20.9,46.9,1,-1,-1,-1
257,110,739.0,199.2,22.2,57.4,1,-1,-1,-1
257,113,28.2,267.0,33.9,69.9,1,-1,-1,-1
257,114,1023.5,201.2,18.0,38.8,1,-1,-1,-1
257,123,11.1,233.7,24.8,67.9,1,-1,-1,-1
257,124,939.6,185.6,23.0,46.4,1,-1,-1,-1
257,130,251.4,484.3,56.3,65.7,1,-1,-1,-1
257,134,113.2,124.8,17.8,31.4,1,-1,-1,-1
257,135,84.3,317.9,62.1,50.3,1,-1,-1,-1
257,136,452.7,711.4,49.5,44.7,1,-1,-1,-1
257,138,512.0,251.3,14.4,36.4,1,-1,-1,-1
257,139,38.9,114.9,20.9,39.0,1,-1,-1,-1
257,143,341.9,560.9,41.8,70.8,1,-1,-1,-1
257,144,280.9,542.3,64.4,71.0,1,-1,-1,-1
257,145,7.2,160.9,27.0,50.3,1,-1,-1,-1
257,147,671.9,303.3,27.8,73.0,1,-1,-1,-1
257,149,289.2,586.1,74.0,52.8,1,-1,-1,-1
257,150,238.0,111.3,15.0,34.1,1,-1,-1,-1
257,151,321.7,171.3,16.3,24.3,1,-1,-1,-1
258,2,181.2,419.2,52.7,59.7,1,-1,-1,-1
258,3,306.9,303.4,45.1,46.2,1,-1,-1,-1
258,5,945.0,456.0,44.7,101.7,1,-1,-1,-1
258,6,314.1,383.8,37.1,101.7,1,-1,-1,-1
258,7,387.3,413.2,37.1,94.0,1,-1,-1,-1
258,8,665.9,260.5,25.3,52.9,1,-1,-1,-1
258,12,250.6,277.3,26.2,55.3,1,-1,-1,-1
258,14,979.3,359.0,38.1,69.8,1,-1,-1,-1
258,15,690.8,256.5,24.6,53.0,1,-1,-1,-1
258,16,422.3,245.5,24.3,65.5,1,-1,-1,-1
258,17,885.0,287.4,35.3,40.5,1,-1,-1,-1
258,18,266.6,386.1,42.5,96.6,1,-1,-1,-1
258,21,628.9,418.8,37.6,103.9,1,-1,-1,-1
258,22,612.2,355.5,36.3,85.7,1,-1,-1,-1
258,24,836.0,204.7,27.2,63.9,1,-1,-1,-1
258,25,535.3,178.8,18.9,51.6,1,-1,-1,-1
258,29,690.5,184.2,23.8,36.9,1,-1,-1,-1
258,30,498.4,242.6,18.1,34.1,1,-1,-1,-1
258,33,490.2,263.0,16.0,31.8,1,-1,-1,-1
258,41,383.9,638.5,55.8,114.3,1,-1,-1,-1
258,47,844.8,345.8,28.8,60.3,1,-1,-1,-1
258,53,245.2,140.8,13.5,30.3,1,-1,-1,-1
258,69,108.4,368.5,31.7,39.3,1,-1,-1,-1
258,72,308.0,109.2,20.1,37.6,1,-1,-1,-1
258,73,761.1,389.9,28.7,82.5,1,-1,-1,-1
258,90,73.0,267.4,33.2,69.0,1,-1,-1,-1
258,91,692.9,309.2,31.2,75.6,1,-1,-1,-1
258,96,141.8,345.8,71.7,52.1,1,-1,-1,-1
258,100,1005.5,195.1,24.1,51.3,1,-1,-1,-1
258,106,480.1,230.0,20.2,46.2,1,-1,-1,-1
258,110,739.3,198.7,22.9,57.1,1,-1,-1,-1
258,113,28.2,266.4,33.2,70.6,1,-1,-1,-1
258,114,1023.2,198.2,20.8,46.7,1,-1,-1,-1
258,123,11.8,232.8,25.0,65.4,1,-1,-1,-1
258,124,939.2,185.3,23.2,47.4,1,-1,-1,-1
258,130,251.9,483.9,56.3,67.3,1,-1,-1,-1
258,134,118.2,123.5,18.0,30.8,1,-1,-1,-1
258,135,83.9,317.2,64.4,50.7,1,-1,-1,-1
258,136,450.9,711.5,48.7,44.6,1,-1,-1,-1
258,138,512.1,251.7,14.6,35.8,1,-1,-1,-1
258,139,40.9,116.0,21.4,38.2,1,-1,-1,-1
258,143,340.8,560.8,42.1,69.9,1,-1,-1,-1
258,144,278.7,542.1,63.9,71.4,1,-1,-1,-1
258,145,9.4,160.7,25.6,50.2,1,-1,-1,-1
258,147,668.8,303.2,29.3,73.9,1,-1,-1,-1
258,149,285.3,586.3,75.9,52.8,1,-1,-1,-1
258,150,239.1,111.5,15.0,34.2,1,-1,-1,-1
258,151,322.9,171.2,16.0,24.0,1,-1,-1,-1
259,2,180.6,419.0,53.1,59.9,1,-1,-1,-1
259,3,306.4,302.8,45.3,46.9,1,-1,-1,-1
259,5,944.3,456.2,44.8,101.3,1,-1,-1,-1
259,6,313.6,384.2,36.3,99.9,1,-1,-1,-1
259,7,386.5,413.8,36.4,92.4,1,-1,-1,-1
259,8,665.8,260.8,25.0,52.8,1,-1,-1,-1
259,12,250.4,276.1,26.1,55.8,1,-1,-1,-1
259,14,979.5,358.8,36.4,70.3,1,-1,-1,-1
259,15,690.8,257.0,24.4,52.4,1,-1,-1,-1
259,16,422.3,245.3,24.6,65.8,1,-1,-1,-1
259,17,884.7,287.6,35.3,40.4,1,-1,-1,-1
259,18,266.2,386.0,41.9,96.4,1,-1,-1,-1
259,21,629.3,425.0,36.1,99.1,1,-1,-1,-1
259,22,612.7,356.8,37.1,88.9,1,-1,-1,-1
259,24,836.3,204.7,27.2,64.1,1,-1,-1,-1
259,25,535.8,178.5,19.3,51.7,1,-1,-1,-1
259,29,690.8,183.9,24.4,37.2,1,-1,-1,-1
259,30,498.2,242.7,18.2,33.8,1,-1,-1,-1
259,33,490.6,261.3,15.9,31.4,1,-1,-1,-1
259,41,380.8,638.0,57.7,115.1,1,-1,-1,-1
259,47,844.5,346.1,28.7,59.9,1,-1,-1,-1
259,53,245.4,139.9,14.3,30.4,1,-1,-1,-1
259,69,108.2,368.4,31.9,39.2,1,-1,-1,-1
259,72,308.2,109.4,20.3,36.6,1,-1,-1,-1
259,73,761.0,389.9,29.3,82.7,1,-1,-1,-1
259,90,73.5,267.3,33.2,68.9,1,-1,-1,-1
259,91,692.6,310.4,29.5,75.5,1,-1,-1,-1
259,96,141.5,345.9,71.6,52.0,1,-1,-1,-1
259,100,1004.6,195.8,24.7,51.2,1,-1,-1,-1
259,106,481.1,229.1,19.7,45.5,1,-1,-1,-1
259,110,739.7,199.2,23.2,56.7,1,-1,-1,-1
259,113,27.8,265.8,33.4,71.0,1,-1,-1,-1
259,114,1022.9,197.8,22.7,49.6,1,-1,-1,-1
259,120,395.1,618.0,39.5,22.0,1,-1,-1,-1
259,123,12.3,233.0,25.0,63.2,1,-1,-1,-1
259,124,939.5,185.9,22.6,47.6,1,-1,-1,-1
259,127,231.7,464.5,55.4,60.4,1,-1,-1,-1
259,130,251.3,484.0,56.0,67.0,1,-1,-1,-1
259,134,123.3,122.6,19.0,30.7,1,-1,-1,-1
259,135,84.6,316.9,64.1,50.3,1,-1,-1,-1
259,136,450.1,710.5,49.0,45.3,1,-1,-1,-1
259,138,512.0,252.4,14.6,35.2,1,-1,-1,-1
259,139,42.5,113.0,21.8,39.7,1,-1,-1,-1
259,143,339.4,560.6,42.3,70.1,1,-1,-1,-1
259,144,277.0,542.2,61.5,70.3,1,-1,-1,-1
259,145,12.8,159.8,24.9,49.9,1,-1,-1,-1
259,147,665.0,303.1,31.8,74.8,1,-1,-1,-1
259,149,288.1,585.7,73.1,52.2,1,-1,-1,-1
259,151,323.9,171.1,16.0,25.5,1,-1,-1,-1
260,2,179.7,418.9,53.9,60.0,1,-1,-1,-1
260,3,307.0,302.1,44.2,46.9,1,-1,-1,-1
260,5,942.3,455.8,46.2,101.5,1,-1,-1,-1
260,6,312.7,385.0,36.4,98.0,1,-1,-1,-1
260,7,384.9,413.4,37.5,93.7,1,-1,-1,-1
260,8,666.1,260.6,24.9,53.9,1,-1,-1,-1
260,12,250.9,275.4,25.4,55.2,1,-1,-1,-1
260,14,979.7,357.5,35.3,71.4,1,-1,-1,-1
260,15,690.7,257.4,24.1,52.0,1,-1,-1,-1
260,16,422.4,245.3,24.4,65.5,1,-1,-1,-1
260,17,885.2,287.6,35.0,40.5,1,-1,-1,-1
260,18,264.3,385.9,43.4,96.3,1,-1,-1,-1
260,21,631.6,427.1,35.4,97.5,1,-1,-1,-1
260,22,612.6,358.2,37.1,86.5,1,-1,-1,-1
260,24,836.5,204.5,27.1,64.1,1,-1,-1,-1
260,25,536.2,178.1,19.8,52.3,1,-1,-1,-1
260,29,692.2,184.6,25.4,37.5,1,-1,-1,-1
260,30,498.7,243.2,17.9,34.1,1,-1,-1,-1
260,33,490.8,259.8,15.9,31.5,1,-1,-1,-1
260,41,382.2,650.4,51.6,106.4,1,-1,-1,-1
260,47,844.0,345.9,29.0,60.2,1,-1,-1,-1
260,53,246.0,140.3,14.5,29.9,1,-1,-1,-1
260,69,108.6,368.3,31.7,39.0,1,-1,-1,-1
260,72,309.2,109.7,19.7,35.6,1,-1,-1,-1
260,73,760.6,388.5,30.0,84.6,1,-1,-1,-1
260,90,73.7,267.1,33.4,69.0,1,-1,-1,-1
260,91,691.5,311.2,28.1,75.5,1,-1,-1,-1
260,96,141.5,345.8,71.7,51.7,1,-1,-1,-1
260,100,1004.0,196.4,24.9,50.9,1,-1,-1,-1
260,106,481.0,229.4,19.5,45.6,1,-1,-1,-1
260,110,740.7,199.3,23.2,56.9,1,-1,-1,-1
260,113,29.0,266.2,33.4,71.4,1,-1,-1,-1
260,114,1023.0,197.1,23.3,50.6,1,-1,-1,-1
260,120,393.7,617.5,39.1,22.3,1,-1,-1,-1
260,123,13.4,233.4,25.3,61.5,1,-1,-1,-1
260,124,940.0,187.5,21.8,46.7,1,-1,-1,-1
260,127,230.8,464.6,55.5,60.1,1,-1,-1,-1
260,130,250.7,483.6,55.3,66.4,1,-1,-1,-1
260,134,127.4,122.6,19.4,30.6,1,-1,-1,-1
260,135,85.8,316.7,62.4,49.2,1,-1,-1,-1
260,136,448.5,708.4,49.0,47.2,1,-1,-1,-1
260,138,512.0,252.4,14.7,35.0,1,-1,-1,-1
260,139,42.8,110.1,21.4,39.5,1,-1,-1,-1
260,143,336.9,560.2,43.2,72.1,1,-1,-1,-1
260,144,276.1,542.9,61.1,69.0,1,-1,-1,-1
260,145,15.0,158.9,25.0,50.5,1,-1,-1,-1
260,147,663.6,305.1,29.4,72.1,1,-1,-1,-1
260,149,279.9,586.4,71.9,51.6,1,-1,-1,-1
260,151,325.0,170.4,15.8,26.8,1,-1,-1,-1
261,2,179.4,418.7,53.7,59.6,1,-1,-1,-1
261,3,307.5,301.9,44.0,46.8,1,-1,-1,-1
261,5,940.6,455.9,47.4,102.5,1,-1,-1,-1
261,6,311.7,384.5,36.0,98.0,1,-1,-1,-1
261,7,384.2,413.0,38.1,94.3,1,-1,-1,-1
261,8,666.2,260.8,25.0,54.0,1,-1,-1,-1
261,12,252.7,274.0,24.5,54.7,1,-1,-1,-1
261,14,980.0,356.6,34.1,73.9,1,-1,-1,-1
261,15,690.5,257.8,24.2,52.2,1,-1,-1,-1
261,16,422.2,245.0,24.3,64.1,1,-1,-1,-1
261,17,885.4,287.9,34.9,40.6,1,-1,-1,-1
261,18,265.0,389.9,44.7,93.6,1,-1,-1,-1
261,21,633.8,426.8,34.9,100.0,1,-1,-1,-1
261,22,612.6,359.8,37.0,85.7,1,-1,-1,-1
261,24,836.7,205.0,27.0,63.7,1,-1,-1,-1
261,25,536.5,178.1,20.0,51.9,1,-1,-1,-1
261,29,693.1,184.8,25.7,37.5,1,-1,-1,-1
261,30,499.5,243.0,17.7,34.6,1,-1,-1,-1
261,33,490.9,259.3,15.8,31.7,1,-1,-1,-1
261,41,376.7,642.8,53.1,109.8,1,-1,-1,-1
261,47,843.3,346.1,29.6,60.4,1,-1,-1,-1
261,53,247.7,140.8,13.8,30.2,1,-1,-1,-1
261,69,108.8,368.3,31.7,38.6,1,-1,-1,-1
261,72,311.4,110.9,17.3,35.5,1,-1,-1,-1
261,73,760.1,388.0,30.6,85.2,1,-1,-1,-1
261,90,74.2,267.0,33.4,68.8,1,-1,-1,-1
261,91,688.1,312.5,29.4,75.0,1,-1,-1,-1
261,96,141.6,345.6,71.9,51.8,1,-1,-1,-1
261,100,1006.8,196.0,24.1,51.2,1,-1,-1,-1
261,106,480.9,229.5,19.9,45.9,1,-1,-1,-1
261,110,743.0,201.2,22.9,56.1,1,-1,-1,-1
261,113,28.2,266.9,36.0,70.3,1,-1,-1,-1
261,114,1024.7,199.1,21.3,45.0,1,-1,-1,-1
261,123,14.0,232.9,25.8,63.2,1,-1,-1,-1
261,124,941.1,188.0,21.4,46.4,1,-1,-1,-1
261,127,228.1,464.3,56.1,59.6,1,-1,-1,-1
261,130,249.2,483.3,55.3,65.8,1,-1,-1,-1
261,134,132.0,123.2,18.5,30.3,1,-1,-1,-1
261,135,85.7,316.6,62.1,49.8,1,-1,-1,-1
261,136,446.7,704.6,47.7,50.8,1,-1,-1,-1
261,138,512.1,252.2,15.0,34.9,1,-1,-1,-1
261,139,47.0,111.7,21.4,39.5,1,-1,-1,-1
261,143,336.1,559.8,40.8,71.7,1,-1,-1,-1
261,144,274.9,545.1,62.2,67.6,1,-1,-1,-1
261,145,18.5,158.5,24.6,50.2,1,-1,-1,-1
261,147,659.9,305.6,30.9,73.4,1,-1,-1,-1
261,149,283.2,583.0,76.0,55.1,1,-1,-1,-1
261,151,326.5,168.4,15.6,28.3,1,-1,-1,-1
262,2,179.4,418.6,53.2,59.4,1,-1,-1,-1
262,3,307.2,302.4,44.8,47.0,1,-1,-1,-1
262,5,939.1,455.8,48.4,103.3,1,-1,-1,-1
262,6,312.9,387.4,36.7,94.2,1,-1,-1,-1
262,7,383.0,412.4,37.8,94.3,1,-1,-1,-1
262,8,665.9,260.6,25.4,54.4,1,-1,-1,-1
262,12,253.9,273.7,24.2,54.3,1,-1,-1,-1
262,14,979.4,355.6,31.9,75.1,1,-1,-1,-1
262,15,690.6,258.1,25.0,52.4,1,-1,-1,-1
262,16,422.7,245.4,24.8,64.6,1,-1,-1,-1
262,17,885.3,288.0,34.8,40.6,1,-1,-1,-1
262,18,264.8,390.9,45.5,92.7,1,-1,-1,-1
262,21,631.4,423.3,35.8,106.8,1,-1,-1,-1
262,22,613.2,361.1,36.8,86.3,1,-1,-1,-1
262,24,836.9,205.2,27.0,63.4,1,-1,-1,-1
262,25,536.9,178.8,19.8,51.2,1,-1,-1,-1
262,29,693.4,184.1,25.7,37.5,1,-1,-1,-1
262,30,499.9,243.6,18.5,35.3,1,-1,-1,-1
262,33,491.0,259.4,15.6,31.5,1,-1,-1,-1
262,41,373.7,640.1,54.2,112.3,1,-1,-1,-1
262,47,843.4,346.3,29.7,60.2,1,-1,-1,-1
262,53,249.1,140.8,13.2,30.5,1,-1,-1,-1
262,69,108.6,368.1,31.7,38.5,1,-1,-1,-1
262,72,311.8,110.1,17.2,34.8,1,-1,-1,-1
262,73,760.0,387.3,30.9,85.5,1,-1,-1,-1
262,90,74.5,266.5,34.3,69.2,1,-1,-1,-1
262,91,686.0,312.7,30.7,72.9,1,-1,-1,-1
262,96,141.6,345.4,72.0,51.7,1,-1,-1,-1
262,100,1010.9,193.7,22.5,48.3,1,-1,-1,-1
262,106,481.1,229.1,19.8,45.3,1,-1,-1,-1
262,110,743.7,201.9,23.3,56.1,1,-1,-1,-1
262,113,28.7,266.9,36.5,69.7,1,-1,-1,-1
262,114,1024.5,199.2,21.9,47.1,1,-1,-1,-1
262,123,15.1,232.8,26.3,63.8,1,-1,-1,-1
262,124,944.0,189.2,20.9,47.1,1,-1,-1,-1
262,127,225.8,465.0,55.6,59.7,1,-1,-1,-1
262,130,252.9,484.0,53.7,66.7,1,-1,-1,-1
262,134,138.3,123.7,18.2,30.6,1,-1,-1,-1
262,135,85.9,316.5,61.6,50.7,1,-1,-1,-1
262,136,443.8,703.7,47.7,52.2,1,-1,-1,-1
262,138,512.1,252.2,15.3,34.6,1,-1,-1,-1
262,139,50.2,112.3,20.4,38.9,1,-1,-1,-1
262,143,334.5,559.8,41.2,71.0,1,-1,-1,-1
262,144,273.3,545.2,63.1,67.9,1,-1,-1,-1
262,145,19.8,157.5,24.8,50.5,1,-1,-1,-1
262,147,657.6,305.0,31.0,74.6,1,-1,-1,-1
262,149,285.8,580.7,73.3,56.9,1,-1,-1,-1
262,151,327.8,167.7,15.8,28.8,1,-1,-1,-1
263,2,174.1,416.7,51.5,62.5,1,-1,-1,-1
263,3,307.1,302.1,45.4,47.4,1,-1,-1,-1
263,5,937.6,455.8,48.5,103.8,1,-1,-1,-1
263,6,312.1,388.4,37.5,92.8,1,-1,-1,-1
263,7,382.4,412.0,37.7,95.2,1,-1,-1,-1
263,8,665.9,260.8,25.5,54.3,1,-1,-1,-1
263,12,254.3,273.9,24.9,54.2,1,-1,-1,-1
263,14,980.1,354.0,32.7,75.9,1,-1,-1,-1
263,15,690.2,258.2,25.4,52.4,1,-1,-1,-1
263,16,422.5,245.0,25.1,63.9,1,-1,-1,-1
263,17,885.5,287.9,34.9,40.7,1,-1,-1,-1
263,18,264.1,391.0,45.4,92.3,1,-1,-1,-1
263,21,631.0,423.1,35.8,109.8,1,-1,-1,-1
263,22,617.0,365.2,36.0,85.3,1,-1,-1,-1
263,24,840.1,206.7,25.0,59.5,1,-1,-1,-1
263,25,537.6,179.6,19.6,50.5,1,-1,-1,-1
263,29,694.6,184.6,25.4,36.7,1,-1,-1,-1
263,30,500.2,243.2,18.7,36.0,1,-1,-1,-1
263,33,490.6,258.3,15.9,32.0,1,-1,-1,-1
263,41,370.4,638.5,56.2,114.1,1,-1,-1,-1
263,47,842.9,346.6,29.8,59.9,1,-1,-1,-1
263,53,250.6,139.9,14.1,31.9,1,-1,-1,-1
263,69,109.2,367.9,31.7,38.8,1,-1,-1,-1
263,72,313.3,110.8,16.9,35.9,1,-1,-1,-1
263,73,759.8,385.0,31.9,88.8,1,-1,-1,-1
263,90,74.7,266.2,34.5,69.4,1,-1,-1,-1
263,91,683.8,313.7,31.8,70.9,1,-1,-1,-1
263,96,141.4,345.3,72.1,51.6,1,-1,-1,-1
263,100,1011.7,194.1,21.7,46.2,1,-1,-1,-1
263,106,483.1,228.0,19.8,42.7,1,-1,-1,-1
263,110,744.0,201.4,23.9,56.8,1,-1,-1,-1
263,113,31.7,266.6,35.6,69.7,1,-1,-1,-1
263,114,1024.2,199.2,22.6,48.0,1,-1,-1,-1
263,120,384.9,616.3,42.0,23.7,1,-1,-1,-1
263,123,16.2,232.4,25.7,62.5,1,-1,-1,-1
263,124,947.6,190.6,20.4,47.2,1,-1,-1,-1
263,127,225.3,464.2,55.7,59.8,1,-1,-1,-1
263,130,255.2,485.0,51.5,65.8,1,-1,-1,-1
263,134,141.9,122.8,18.1,31.3,1,-1,-1,-1
263,135,86.9,316.2,60.8,49.7,1,-1,-1,-1
263,136,441.6,704.6,47.5,51.5,1,-1,-1,-1
263,138,512.1,252.2,15.6,34.5,1,-1,-1,-1
263,139,52.1,111.6,20.1,38.2,1,-1,-1,-1
263,143,333.2,559.7,40.3,70.1,1,-1,-1,-1
263,144,271.5,544.6,63.9,68.2,1,-1,-1,-1
263,145,22.4,158.4,24.5,49.9,1,-1,-1,-1
263,147,653.6,303.7,31.8,75.9,1,-1,-1,-1
263,149,290.1,578.0,72.7,58.6,1,-1,-1,-1
263,151,331.2,168.0,16.1,28.6,1,-1,-1,-1
264,2,172.5,414.9,51.1,64.3,1,-1,-1,-1
264,3,307.4,301.9,45.7,47.5,1,-1,-1,-1
264,5,936.7,455.7,48.1,103.9,1,-1,-1,-1
264,6,311.4,388.3,37.6,92.6,1,-1,-1,-1
264,7,381.4,412.0,37.2,95.1,1,-1,-1,-1
264,8,666.4,260.9,25.5,53.6,1,-1,-1,-1
264,12,253.2,273.1,25.1,54.4,1,-1,-1,-1
264,14,977.3,351.6,33.7,79.2,1,-1,-1,-1
264,15,690.2,258.2,25.2,52.8,1,-1,-1,-1
264,16,422.8,245.0,25.2,63.5,1,-1,-1,-1
264,17,885.2,287.9,35.9,41.4,1,-1,-1,-1
264,18,264.1,390.6,44.7,92.1,1,-1,-1,-1
264,21,628.9,426.5,37.8,106.0,1,-1,-1,-1
264,22,615.5,364.4,36.9,85.1,1,-1,-1,-1
264,24,841.6,208.3,23.7,56.6,1,-1,-1,-1
264,25,538.7,179.3,19.5,50.6,1,-1,-1,-1
264,29,694.8,184.9,25.6,36.3,1,-1,-1,-1
264,30,500.3,242.7,18.7,36.2,1,-1,-1,-1
264,33,490.3,257.2,16.0,32.5,1,-1,-1,-1
264,41,368.0,638.4,57.9,114.6,1,-1,-1,-1
264,47,841.8,346.8,30.3,59.9,1,-1,-1,-1
264,53,251.5,139.8,14.1,31.3,1,-1,-1,-1
264,69,108.9,367.6,32.1,38.7,1,-1,-1,-1
264,72,314.3,109.5,17.5,35.4,1,-1,-1,-1
264,73,759.4,384.0,32.6,90.1,1,-1,-1,-1
264,90,75.0,265.7,35.3,69.7,1,-1,-1,-1
264,91,681.9,315.2,32.0,69.4,1,-1,-1,-1
264,96,141.4,345.2,72.3,51.6,1,-1,-1,-1
264,100,1009.1,196.1,22.4,49.1,1,-1,-1,-1
264,106,483.9,227.6,19.8,41.6,1,-1,-1,-1
264,110,744.2,201.5,24.5,57.5,1,-1,-1,-1
264,113,32.4,265.8,35.6,69.6,1,-1,-1,-1
264,114,1024.3,198.7,23.2,48.8,1,-1,-1,-1
264,120,383.5,615.5,41.0,24.4,1,-1,-1,-1
264,123,17.0,232.7,25.5,59.7,1,-1,-1,-1
264,127,224.9,463.3,55.7,59.7,1,-1,-1,-1
264,130,246.8,481.3,54.5,66.5,1,-1,-1,-1
264,134,147.2,121.8,18.2,31.0,1,-1,-1,-1
264,135,87.3,316.0,60.4,48.6,1,-1,-1,-1
264,136,440.8,704.1,47.5,51.9,1,-1,-1,-1
264,138,512.0,252.0,15.8,34.6,1,-1,-1,-1
264,139,55.4,112.2,19.4,37.3,1,-1,-1,-1
264,143,331.5,559.7,41.0,69.1,1,-1,-1,-1
264,144,270.3,542.7,64.5,68.8,1,-1,-1,-1
264,145,24.5,157.2,25.0,50.3,1,-1,-1,-1
264,147,652.4,306.1,29.7,74.7,1,-1,-1,-1
264,151,333.3,167.3,15.9,28.0,1,-1,-1,-1
264,152,1161.7,189.5,22.7,43.7,1,-1,-1,-1
265,2,172.8,414.6,51.0,64.6,1,-1,-1,-1
265,3,307.4,301.7,46.2,47.5,1,-1,-1,-1
265,5,933.7,455.7,49.1,103.8,1,-1,-1,-1
265,6,310.3,388.0,35.6,92.9,1,-1,-1,-1
265,7,381.1,412.5,36.4,94.4,1,-1,-1,-1
265,8,667.1,261.2,25.1,53.2,1,-1,-1,-1
265,12,253.8,272.6,24.6,53.7,1,-1,-1,-1
265,14,976.5,351.3,34.1,81.2,1,-1,-1,-1
265,15,690.4,258.1,24.9,53.1,1,-1,-1,-1
265,16,424.1,245.4,24.3,64.6,1,-1,-1,-1
265,17,885.6,288.1,36.0,41.9,1,-1,-1,-1
265,18,263.7,390.6,44.3,91.9,1,-1,-1,-1
265,21,629.7,427.6,35.2,105.3,1,-1,-1,-1
265,22,616.6,365.1,35.9,84.7,1,-1,-1,-1
265,24,842.6,209.8,22.9,56.3,1,-1,-1,-1
265,25,539.7,179.2,19.3,50.8,1,-1,-1,-1
265,29,696.2,184.9,25.0,35.9,1,-1,-1,-1
265,30,500.4,242.3,18.7,36.3,1,-1,-1,-1
265,33,489.7,256.7,15.8,32.6,1,-1,-1,-1
265,41,363.7,639.1,56.2,114.0,1,-1,-1,-1
265,47,841.0,346.8,30.8,60.2,1,-1,-1,-1
265,53,252.8,139.5,15.1,30.9,1,-1,-1,-1
265,69,107.9,367.6,32.5,38.9,1,-1,-1,-1
265,72,315.5,109.3,18.3,36.2,1,-1,-1,-1
265,73,759.6,386.6,32.9,86.2,1,-1,-1,-1
265,90,75.7,265.2,36.1,70.6,1,-1,-1,-1
265,91,681.0,316.5,31.4,67.4,1,-1,-1,-1
265,96,141.4,344.9,72.4,51.3,1,-1,-1,-1
265,100,1010.6,195.8,21.9,49.8,1,-1,-1,-1
265,106,484.2,228.5,19.7,41.7,1,-1,-1,-1
265,110,744.9,201.4,24.5,57.4,1,-1,-1,-1
265,113,31.4,265.5,35.8,70.5,1,-1,-1,-1
265,114,1024.3,198.6,23.0,49.0,1,-1,-1,-1
265,120,381.6,614.9,40.8,24.9,1,-1,-1,-1
265,123,17.7,233.3,25.1,59.2,1,-1,-1,-1
265,130,244.2,480.5,56.1,66.3,1,-1,-1,-1
265,134,151.1,121.9,18.4,31.4,1,-1,-1,-1
265,135,87.3,316.2,60.4,48.3,1,-1,-1,-1
265,136,438.8,702.7,47.0,53.1,1,-1,-1,-1
265,138,512.0,252.2,16.1,34.6,1,-1,-1,-1
265,139,59.3,115.7,20.0,37.1,1,-1,-1,-1
265,143,330.2,559.4,41.1,68.3,1,-1,-1,-1
265,144,274.1,555.2,89.0,75.6,1,-1,-1,-1
265,145,27.0,156.5,23.9,50.7,1,-1,-1,-1
265,147,649.7,308.0,30.6,73.0,1,-1,-1,-1
265,151,335.1,167.3,15.4,27.2,1,-1,-1,-1
265,152,1163.2,189.3,23.1,44.4,1,-1,-1,-1
266,2,173.0,414.7,50.8,64.4,1,-1,-1,-1
266,3,307.2,301.6,46.6,47.6,1,-1,-1,-1
266,5,931.5,455.7,47.9,103.7,1,-1,-1,-1
266,6,309.1,388.0,35.2,92.8,1,-1,-1,-1
266,7,380.6,412.5,35.6,95.0,1,-1,-1,-1
266,8,667.2,261.3,24.9,53.0,1,-1,-1,-1
266,12,257.1,273.6,24.7,53.3,1,-1,-1,-1
266,14,976.5,350.2,33.8,82.6,1,-1,-1,-1
266,15,690.7,257.3,24.5,53.5,1,-1,-1,-1
266,16,424.7,244.9,24.0,64.0,1,-1,-1,-1
266,17,885.6,288.2,36.4,42.3,1,-1,-1,-1
266,18,263.2,390.5,43.5,91.1,1,-1,-1,-1
266,21,627.9,429.4,34.9,107.4,1,-1,-1,-1
266,22,618.9,367.5,35.5,84.6,1,-1,-1,-1
266,24,842.9,209.9,23.0,57.1,1,-1,-1,-1
266,25,540.7,178.9,19.2,51.2,1,-1,-1,-1
266,29,697.4,185.5,24.2,35.6,1,-1,-1,-1
266,30,500.4,242.3,18.8,36.0,1,-1,-1,-1
266,33,489.3,258.4,15.8,32.1,1,-1,-1,-1
266,41,362.9,638.1,55.0,115.1,1,-1,-1,-1
266,47,840.7,345.1,31.7,62.4,1,-1,-1,-1
266,53,253.8,140.4,14.5,30.6,1,-1,-1,-1
266,69,108.1,367.1,32.9,39.0,1,-1,-1,-1
266,72,316.8,109.9,19.1,36.8,1,-1,-1,-1
266,73,758.4,387.2,34.5,84.0,1,-1,-1,-1
266,90,76.2,265.2,36.1,71.0,1,-1,-1,-1
266,91,679.9,316.8,30.3,66.7,1,-1,-1,-1
266,96,141.5,344.8,72.7,51.3,1,-1,-1,-1
266,100,1011.5,195.2,21.8,50.6,1,-1,-1,-1
266,106,484.4,228.9,19.6,42.3,1,-1,-1,-1
266,110,745.6,201.7,24.4,57.9,1,-1,-1,-1
266,113,32.4,265.1,34.8,70.3,1,-1,-1,-1
266,114,1027.5,201.6,20.8,43.8,1,-1,-1,-1
266,123,18.4,232.6,25.4,61.7,1,-1,-1,-1
266,130,245.1,482.9,59.2,63.8,1,-1,-1,-1
266,134,154.8,121.7,18.5,30.9,1,-1,-1,-1
266,135,88.0,316.2,59.7,46.9,1,-1,-1,-1
266,136,436.4,702.3,47.1,53.7,1,-1,-1,-1
266,138,512.1,252.1,16.7,34.9,1,-1,-1,-1
266,139,61.7,113.2,19.5,38.0,1,-1,-1,-1
266,144,270.3,556.2,101.0,78.5,1,-1,-1,-1
266,145,29.9,155.7,24.2,50.7,1,-1,-1,-1
266,147,648.9,308.8,29.1,71.8,1,-1,-1,-1
266,151,336.9,167.5,15.7,27.1,1,-1,-1,-1
266,152,1167.0,191.1,25.0,42.7,1,-1,-1,-1
267,2,172.7,414.3,50.8,64.1,1,-1,-1,-1
267,3,307.2,301.2,47.5,47.8,1,-1,-1,-1
267,5,928.8,456.0,48.3,103.2,1,-1,-1,-1
267,6,308.4,387.1,35.3,92.4,1,-1,-1,-1
267,7,379.4,413.4,36.1,99.5,1,-1,-1,-1
267,8,667.3,261.6,24.7,52.4,1,-1,-1,-1
267,12,257.8,273.2,25.9,53.0,1,-1,-1,-1
267,14,976.7,349.5,33.3,83.5,1,-1,-1,-1
267,15,691.0,257.2,24.3,53.5,1,-1,-1,-1
267,16,424.8,244.4,24.2,63.7,1,-1,-1,-1
267,17,885.6,288.0,36.6,42.4,1,-1,-1,-1
267,18,258.9,386.5,45.8,94.1,1,-1,-1,-1
267,21,628.0,429.1,33.7,108.3,1,-1,-1,-1
267,22,619.2,369.5,34.5,84.6,1,-1,-1,-1
267,24,840.6,207.6,25.4,60.6,1,-1,-1,-1
267,25,541.1,178.8,19.4,51.4,1,-1,-1,-1
267,29,698.3,185.5,24.0,36.2,1,-1,-1,-1
267,30,500.3,242.2,18.8,36.1,1,-1,-1,-1
267,33,487.9,258.3,15.7,31.2,1,-1,-1,-1
267,41,361.2,637.3,55.2,114.9,1,-1,-1,-1
267,47,839.9,345.6,32.4,63.3,1,-1,-1,-1
267,53,254.9,140.3,14.3,30.6,1,-1,-1,-1
267,69,106.8,366.7,34.0,39.2,1,-1,-1,-1
267,72,318.0,109.7,19.5,37.0,1,-1,-1,-1
267,73,757.3,387.1,36.4,82.8,1,-1,-1,-1
267,90,76.5,264.8,36.0,70.9,1,-1,-1,-1
267,91,677.4,317.1,30.1,70.3,1,-1,-1,-1
267,96,141.4,344.4,73.3,51.5,1,-1,-1,-1
267,100,1012.8,193.7,22.5,51.8,1,-1,-1,-1
267,106,485.2,228.2,19.0,42.3,1,-1,-1,-1
267,110,745.5,201.5,24.2,57.2,1,-1,-1,-1
267,113,33.7,265.1,33.8,69.4,1,-1,-1,-1
267,114,1028.9,204.1,19.6,40.3,1,-1,-1,-1
267,123,19.3,232.1,26.1,64.3,1,-1,-1,-1
267,127,220.0,462.1,58.8,68.9,1,-1,-1,-1
267,130,245.9,483.4,57.4,61.7,1,-1,-1,-1
267,134,160.6,121.4,18.3,30.2,1,-1,-1,-1
267,135,88.1,315.9,59.5,46.4,1,-1,-1,-1
267,136,433.6,702.8,45.3,53.4,1,-1,-1,-1
267,138,512.0,251.7,16.9,35.3,1,-1,-1,-1
267,139,64.0,115.4,19.7,37.6,1,-1,-1,-1
267,144,263.8,554.6,103.8,79.0,1,-1,-1,-1
267,145,31.2,155.0,24.6,51.0,1,-1,-1,-1
267,147,645.4,308.8,30.4,71.1,1,-1,-1,-1
267,151,338.2,167.9,15.9,27.6,1,-1,-1,-1
267,152,1166.4,189.6,27.1,44.2,1,-1,-1,-1
268,2,172.3,413.1,50.7,64.5,1,-1,-1,-1
268,3,307.4,301.1,47.3,47.7,1,-1,-1,-1
268,5,925.8,456.0,46.8,102.9,1,-1,-1,-1
268,6,308.2,387.2,35.0,91.9,1,-1,-1,-1
268,7,378.3,412.4,36.8,97.2,1,-1,-1,-1
268,8,667.3,261.8,24.7,52.1,1,-1,-1,-1
268,12,258.6,271.4,26.6,53.6,1,-1,-1,-1
268,14,976.7,348.7,33.2,83.9,1,-1,-1,-1
268,15,691.3,257.1,24.2,53.8,1,-1,-1,-1
268,16,424.8,244.5,24.4,63.6,1,-1,-1,-1
268,17,885.5,288.1,37.1,42.7,1,-1,-1,-1
268,18,261.3,389.2,43.8,91.8,1,-1,-1,-1
268,21,628.5,429.1,32.6,105.7,1,-1,-1,-1
268,22,618.8,367.6,33.8,86.8,1,-1,-1,-1
268,24,840.4,206.8,26.2,62.3,1,-1,-1,-1
268,25,541.4,178.8,19.4,51.0,1,-1,-1,-1
268,29,698.2,184.7,24.1,37.1,1,-1,-1,-1
268,30,500.3,242.1,18.8,36.2,1,-1,-1,-1
268,33,487.1,256.7,15.9,31.6,1,-1,-1,-1
268,41,357.6,638.0,53.6,114.8,1,-1,-1,-1
268,47,839.8,344.3,32.3,63.9,1,-1,-1,-1
268,53,256.7,140.4,14.2,30.7,1,-1,-1,-1
268,69,106.5,366.3,34.3,39.5,1,-1,-1,-1
268,72,319.0,109.5,19.7,36.5,1,-1,-1,-1
268,73,754.6,383.7,36.9,85.3,1,-1,-1,-1
268,90,76.2,263.7,35.7,68.5,1,-1,-1,-1
268,91,676.1,316.9,29.8,73.3,1,-1,-1,-1
268,96,141.4,344.3,73.0,51.2,1,-1,-1,-1
268,100,1018.4,192.8,22.1,43.5,1,-1,-1,-1
268,106,486.0,227.4,18.3,42.0,1,-1,-1,-1
268,110,746.1,202.1,24.0,56.8,1,-1,-1,-1
268,113,34.1,264.8,33.8,69.4,1,-1,-1,-1
268,114,1031.3,204.9,18.8,39.9,1,-1,-1,-1
268,123,20.2,232.4,26.6,64.9,1,-1,-1,-1
268,127,219.4,462.0,59.4,71.1,1,-1,-1,-1
268,130,240.7,480.6,58.5,63.6,1,-1,-1,-1
268,134,164.9,121.4,16.7,30.0,1,-1,-1,-1
268,135,87.8,315.6,59.7,45.6,1,-1,-1,-1
268,136,431.4,697.6,46.2,57.6,1,-1,-1,-1
268,138,512.0,251.3,17.1,35.2,1,-1,-1,-1
268,139,64.4,110.7,20.1,39.7,1,-1,-1,-1
268,144,264.9,539.8,75.7,70.8,1,-1,-1,-1
268,145,34.9,154.0,24.8,50.3,1,-1,-1,-1
268,147,641.7,308.9,31.0,70.3,1,-1,-1,-1
268,151,339.4,168.8,14.9,27.7,1,-1,-1,-1
268,152,1166.7,188.8,27.9,46.3,1,-1,-1,-1
269,2,171.5,412.7,51.0,64.7,1,-1,-1,-1
269,3,307.6,301.1,47.1,47.6,1,-1,-1,-1
269,5,925.0,456.4,43.2,102.5,1,-1,-1,-1
269,6,307.7,387.7,34.9,92.7,1,-1,-1,-1
269,7,376.6,411.5,38.6,95.2,1,-1,-1,-1
269,8,667.6,261.7,24.6,51.9,1,-1,-1,-1
269,12,258.2,270.3,27.0,54.8,1,-1,-1,-1
269,14,976.1,347.5,33.3,85.1,1,-1,-1,-1
269,15,691.4,257.1,24.1,54.2,1,-1,-1,-1
269,16,424.8,243.9,24.7,64.0,1,-1,-1,-1
269,17,885.4,288.2,36.8,42.5,1,-1,-1,-1
269,18,258.3,385.7,46.2,95.2,1,-1,-1,-1
269,21,628.7,430.7,32.1,106.1,1,-1,-1,-1
269,22,619.5,369.1,33.6,87.0,1,-1,-1,-1
269,24,842.7,208.8,24.7,59.4,1,-1,-1,-1
269,25,541.6,179.1,19.4,51.0,1,-1,-1,-1
269,29,699.0,184.3,23.5,37.0,1,-1,-1,-1
269,30,500.0,241.9,19.1,37.3,1,-1,-1,-1
269,33,484.1,252.3,18.1,35.7,1,-1,-1,-1
269,41,354.7,638.8,53.9,113.1,1,-1,-1,-1
269,47,839.9,342.8,32.1,65.0,1,-1,-1,-1
269,53,258.0,138.7,14.2,31.4,1,-1,-1,-1
269,69,106.2,364.9,35.0,40.6,1,-1,-1,-1
269,72,320.6,109.7,19.3,35.3,1,-1,-1,-1
269,73,753.6,383.2,36.2,85.9,1,-1,-1,-1
269,90,76.8,263.7,34.8,67.1,1,-1,-1,-1
269,91,675.8,318.2,29.4,73.6,1,-1,-1,-1
269,96,141.6,343.9,72.7,51.1,1,-1,-1,-1
269,100,1025.4,187.8,22.0,40.2,1,-1,-1,-1
269,106,486.9,227.0,17.9,42.9,1,-1,-1,-1
269,110,746.3,201.8,23.8,56.4,1,-1,-1,-1
269,113,35.6,264.5,32.5,69.1,1,-1,-1,-1
269,114,1032.6,204.1,18.0,37.6,1,-1,-1,-1
269,120,372.6,613.6,42.3,26.4,1,-1,-1,-1
269,123,21.5,232.0,26.9,65.0,1,-1,-1,-1
269,130,243.5,482.4,57.1,63.6,1,-1,-1,-1
269,134,169.0,120.6,16.1,29.8,1,-1,-1,-1
269,135,109.9,314.2,43.9,44.5,1,-1,-1,-1
269,136,428.2,694.4,45.5,61.1,1,-1,-1,-1
269,138,512.1,251.4,17.7,35.4,1,-1,-1,-1
269,139,66.7,109.0,20.4,40.0,1,-1,-1,-1
269,143,324.3,558.2,39.5,69.8,1,-1,-1,-1
269,144,264.4,538.1,62.5,68.3,1,-1,-1,-1
269,145,37.3,153.5,24.2,50.2,1,-1,-1,-1
269,147,639.6,308.6,31.6,70.2,1,-1,-1,-1
269,151,342.0,169.4,14.7,28.4,1,-1,-1,-1
269,152,1164.8,187.9,29.7,47.6,1,-1,-1,-1
270,2,171.0,412.4,51.5,64.7,1,-1,-1,-1
270,3,307.8,301.1,47.1,47.2,1,-1,-1,-1
270,5,925.7,460.8,37.9,96.2,1,-1,-1,-1
270,6,304.0,383.1,36.7,98.7,1,-1,-1,-1
270,7,376.4,411.6,39.8,93.4,1,-1,-1,-1
270,8,667.6,261.7,24.7,52.0,1,-1,-1,-1
270,12,258.5,269.8,26.7,55.3,1,-1,-1,-1
270,14,975.2,346.4,33.7,86.3,1,-1,-1,-1
270,15,691.7,256.8,24.2,54.5,1,-1,-1,-1
270,16,424.9,244.0,24.9,64.1,1,-1,-1,-1
270,17,885.4,288.6,36.7,42.3,1,-1,-1,-1
270,18,261.3,388.0,43.1,92.4,1,-1,-1,-1
270,21,628.0,432.2,31.5,105.7,1,-1,-1,-1
270,22,620.2,369.7,33.8,87.9,1,-1,-1,-1
270,24,844.1,209.1,23.7,59.2,1,-1,-1,-1
270,25,542.5,179.3,19.4,50.8,1,-1,-1,-1
270,29,699.3,184.0,23.1,37.5,1,-1,-1,-1
270,30,499.9,242.0,19.3,38.0,1,-1,-1,-1
270,33,480.5,249.6,21.0,38.5,1,-1,-1,-1
270,41,353.5,635.2,54.9,116.8,1,-1,-1,-1
270,47,839.7,341.0,32.2,66.6,1,-1,-1,-1
270,53,259.5,139.8,13.6,30.5,1,-1,-1,-1
270,69,106.4,364.4,34.8,40.9,1,-1,-1,-1
270,72,321.9,109.5,18.8,35.0,1,-1,-1,-1
270,73,753.4,384.2,35.5,85.7,1,-1,-1,-1
270,90,77.9,264.1,33.7,66.1,1,-1,-1,-1
270,91,673.5,319.1,29.7,72.2,1,-1,-1,-1
270,96,141.6,343.9,72.5,51.1,1,-1,-1,-1
270,106,487.7,226.8,17.5,43.0,1,-1,-1,-1
270,110,746.3,201.3,23.9,56.3,1,-1,-1,-1
270,113,36.3,264.5,31.8,69.2,1,-1,-1,-1
270,114,1033.2,204.1,17.8,37.3,1,-1,-1,-1
270,120,370.6,612.9,43.0,27.0,1,-1,-1,-1
270,123,22.1,232.0,26.6,64.9,1,-1,-1,-1
270,127,223.5,462.3,53.2,60.7,1,-1,-1,-1
270,130,244.0,482.0,56.6,62.9,1,-1,-1,-1
270,134,173.9,121.3,15.8,29.9,1,-1,-1,-1
270,135,132.6,312.3,35.9,43.6,1,-1,-1,-1
270,136,425.5,691.6,44.6,64.2,1,-1,-1,-1
270,138,512.1,250.7,18.6,36.1,1,-1,-1,-1
270,139,68.8,109.4,20.2,39.2,1,-1,-1,-1
270,143,325.1,557.7,37.9,69.9,1,-1,-1,-1
270,144,264.8,537.9,59.5,69.4,1,-1,-1,-1
270,145,38.6,152.5,23.5,49.6,1,-1,-1,-1
270,147,635.8,309.3,31.8,69.6,1,-1,-1,-1
270,151,344.5,168.5,15.2,29.1,1,-1,-1,-1
270,152,1165.5,187.5,29.0,47.5,1,-1,-1,-1
270,154,88.5,314.7,58.9,45.7,1,-1,-1,-1
270,155,1013.8,197.7,25.0,50.4,1,-1,-1,-1
271,2,173.5,415.5,52.1,62.6,1,-1,-1,-1
271,3,308.3,301.0,46.8,46.8,1,-1,-1,-1
271,5,921.3,456.6,40.8,100.9,1,-1,-1,-1
271,6,302.9,381.2,37.0,101.9,1,-1,-1,-1
271,7,375.9,411.7,40.4,93.6,1,-1,-1,-1
271,8,667.5,261.9,24.9,52.0,1,-1,-1,-1
271,12,258.5,269.4,27.1,53.4,1,-1,-1,-1
271,14,977.9,347.9,32.6,84.8,1,-1,-1,-1
271,15,691.8,256.9,24.2,54.3,1,-1,-1,-1
271,16,425.1,244.0,24.8,64.1,1,-1,-1,-1
271,17,888.8,291.8,36.0,40.8,1,-1,-1,-1
271,18,261.8,389.1,41.9,90.0,1,-1,-1,-1
271,21,626.2,432.9,32.6,104.0,1,-1,-1,-1
271,22,621.8,371.6,34.1,88.0,1,-1,-1,-1
271,24,844.6,208.4,23.7,58.2,1,-1,-1,-1
271,25,543.5,179.8,19.0,50.4,1,-1,-1,-1
271,29,700.1,184.4,22.8,37.2,1,-1,-1,-1
271,30,499.9,241.7,19.4,38.3,1,-1,-1,-1
271,33,483.3,250.3,20.6,37.8,1,-1,-1,-1
271,41,351.8,634.4,55.1,118.0,1,-1,-1,-1
271,47,841.1,341.4,31.3,65.9,1,-1,-1,-1
271,53,261.1,139.0,13.8,31.1,1,-1,-1,-1
271,69,106.7,363.8,34.8,41.1,1,-1,-1,-1
271,72,324.4,109.5,19.2,35.3,1,-1,-1,-1
271,73,752.6,385.3,35.0,84.8,1,-1,-1,-1
271,90,78.7,264.2,33.4,66.6,1,-1,-1,-1
271,91,670.7,319.2,31.9,72.9,1,-1,-1,-1
271,96,141.8,343.6,72.3,51.3,1,-1,-1,-1
271,106,488.3,227.1,17.6,43.1,1,-1,-1,-1
271,110,746.3,201.4,24.2,57.0,1,-1,-1,-1
271,113,36.7,264.5,31.5,69.6,1,-1,-1,-1
271,114,1032.0,201.6,20.8,44.0,1,-1,-1,-1
271,120,367.9,612.7,45.1,27.3,1,-1,-1,-1
271,123,22.9,231.6,26.2,64.5,1,-1,-1,-1
271,127,223.6,462.7,50.3,57.7,1,-1,-1,-1
271,130,243.1,481.9,56.6,62.9,1,-1,-1,-1
271,134,177.1,122.5,16.7,29.5,1,-1,-1,-1
271,136,424.3,692.5,43.0,64.0,1,-1,-1,-1
271,138,512.1,250.3,19.4,36.6,1,-1,-1,-1
271,139,71.1,114.8,20.8,37.5,1,-1,-1,-1
271,143,322.4,557.6,39.6,69.7,1,-1,-1,-1
271,144,264.1,538.3,59.9,69.6,1,-1,-1,-1
271,145,41.6,152.2,22.7,48.5,1,-1,-1,-1
271,147,632.7,310.1,31.2,68.4,1,-1,-1,-1
271,151,346.4,168.5,15.0,29.2,1,-1,-1,-1
271,152,1166.8,185.7,29.4,49.1,1,-1,-1,-1
271,154,95.1,288.2,71.8,45.5,1,-1,-1,-1
271,155,1014.3,197.6,25.2,50.6,1,-1,-1,-1
272,2,173.0,416.0,52.9,62.7,1,-1,-1,-1
272,3,308.5,300.9,46.8,46.5,1,-1,-1,-1
272,5,917.6,455.8,41.7,102.4,1,-1,-1,-1
272,6,302.6,380.8,37.2,102.1,1,-1,-1,-1
272,7,374.9,411.5,41.1,94.1,1,-1,-1,-1
272,8,667.7,261.6,24.9,52.2,1,-1,-1,-1
272,12,259.1,267.5,26.8,53.8,1,-1,-1,-1
272,14,977.9,347.9,32.0,85.0,1,-1,-1,-1
272,15,691.9,256.9,24.3,54.2,1,-1,-1,-1
272,16,425.1,243.9,24.8,64.2,1,-1,-1,-1
272,17,890.0,292.7,35.3,40.2,1,-1,-1,-1
272,18,257.8,385.2,44.9,94.9,1,-1,-1,-1
272,21,623.9,433.1,33.6,104.9,1,-1,-1,-1
272,22,621.8,373.8,36.0,89.5,1,-1,-1,-1
272,24,843.7,207.9,25.5,60.6,1,-1,-1,-1
272,25,544.8,179.4,19.1,50.7,1,-1,-1,-1
272,29,699.8,185.2,23.2,36.6,1,-1,-1,-1
272,30,500.2,241.5,19.2,37.8,1,-1,-1,-1
272,33,485.9,250.4,21.4,38.6,1,-1,-1,-1
272,41,348.5,633.5,56.2,119.7,1,-1,-1,-1
272,47,838.9,336.6,32.8,70.3,1,-1,-1,-1
272,53,262.6,138.8,14.1,30.7,1,-1,-1,-1
272,69,108.3,363.1,34.0,40.7,1,-1,-1,-1
272,72,327.0,109.5,18.9,36.3,1,-1,-1,-1
272,73,751.2,385.1,34.7,84.6,1,-1,-1,-1
272,90,80.0,264.8,33.0,70.3,1,-1,-1,-1
272,91,666.7,319.8,35.0,72.6,1,-1,-1,-1
272,96,142.0,343.5,72.3,51.4,1,-1,-1,-1
272,106,488.5,226.8,17.6,42.7,1,-1,-1,-1
272,110,746.5,201.2,24.2,56.9,1,-1,-1,-1
272,113,36.9,265.2,31.5,69.0,1,-1,-1,-1
272,114,1032.8,200.2,21.7,47.1,1,-1,-1,-1
272,120,365.2,612.6,45.5,27.4,1,-1,-1,-1
272,123,24.5,231.5,26.1,63.6,1,-1,-1,-1
272,127,223.6,462.7,47.5,54.5,1,-1,-1,-1
272,130,239.6,479.2,56.5,64.5,1,-1,-1,-1
272,134,182.4,121.8,16.6,28.4,1,-1,-1,-1
272,136,422.1,689.6,43.1,66.2,1,-1,-1,-1
272,138,512.0,250.1,20.0,36.7,1,-1,-1,-1
272,139,72.0,112.9,20.1,38.2,1,-1,-1,-1
272,143,321.2,557.6,40.1,68.9,1,-1,-1,-1
272,144,262.6,538.0,61.5,69.6,1,-1,-1,-1
272,145,44.5,152.5,22.3,47.2,1,-1,-1,-1
272,147,630.5,312.3,32.3,71.7,1,-1,-1,-1
272,151,347.7,166.9,15.2,30.0,1,-1,-1,-1
272,152,1167.7,185.6,28.7,49.0,1,-1,-1,-1
272,155,1015.0,197.1,25.3,51.0,1,-1,-1,-1
272,156,90.4,313.8,57.4,46.6,1,-1,-1,-1
272,157,992.4,196.8,22.1,51.5,1,-1,-1,-1
273,2,173.3,415.8,52.4,61.7,1,-1,-1,-1
273,3,309.2,300.9,47.1,46.0,1,-1,-1,-1
273,5,915.1,456.2,40.7,102.7,1,-1,-1,-1
273,6,302.5,381.5,36.7,100.7,1,-1,-1,-1
273,7,373.1,410.8,42.2,95.2,1,-1,-1,-1
273,8,668.1,261.6,24.8,52.5,1,-1,-1,-1
273,12,260.0,266.5,26.0,53.4,1,-1,-1,-1
273,14,976.8,348.2,30.9,85.4,1,-1,-1,-1
273,15,692.1,257.2,24.7,53.9,1,-1,-1,-1
273,16,425.7,243.8,24.7,64.4,1,-1,-1,-1
273,17,886.8,289.7,35.3,41.4,1,-1,-1,-1
273,18,256.7,383.7,45.8,97.1,1,-1,-1,-1
273,21,621.3,434.7,34.8,104.1,1,-1,-1,-1
273,22,621.6,374.6,37.3,89.8,1,-1,-1,-1
273,24,843.6,207.9,26.2,61.3,1,-1,-1,-1
273,25,545.8,178.6,19.6,51.2,1,-1,-1,-1
273,29,700.8,186.0,23.6,36.5,1,-1,-1,-1
273,30,500.6,241.4,18.8,37.3,1,-1,-1,-1
273,41,349.6,645.9,50.1,110.7,1,-1,-1,-1
273,47,837.1,334.5,34.0,72.7,1,-1,-1,-1
273,53,264.7,139.3,13.5,30.1,1,-1,-1,-1
273,69,109.1,362.9,33.5,40.2,1,-1,-1,-1
273,72,328.5,109.5,19.3,36.3,1,-1,-1,-1
273,73,750.1,384.2,33.9,85.0,1,-1,-1,-1
273,90,80.7,263.6,32.9,68.0,1,-1,-1,-1
273,91,663.9,318.3,34.4,73.8,1,-1,-1,-1
273,96,142.3,343.4,72.5,51.6,1,-1,-1,-1
273,106,488.9,226.4,17.8,42.9,1,-1,-1,-1
273,110,746.6,201.4,24.5,56.9,1,-1,-1,-1
273,113,40.6,263.9,32.9,69.8,1,-1,-1,-1
273,114,1033.5,199.7,21.8,49.8,1,-1,-1,-1
273,120,364.2,612.7,46.7,27.4,1,-1,-1,-1
273,123,26.3,231.1,25.7,62.1,1,-1,-1,-1
273,130,242.1,482.2,54.5,63.4,1,-1,-1,-1
273,134,185.9,123.1,17.2,28.0,1,-1,-1,-1
273,136,419.0,682.7,42.3,72.3,1,-1,-1,-1
273,138,512.0,250.3,20.3,36.3,1,-1,-1,-1
273,139,74.4,115.6,20.5,37.8,1,-1,-1,-1
273,143,319.7,557.0,40.7,69.1,1,-1,-1,-1
273,144,261.5,537.5,62.4,69.4,1,-1,-1,-1
273,145,49.2,152.5,21.4,47.0,1,-1,-1,-1
273,147,628.7,313.1,32.7,76.4,1,-1,-1,-1
273,151,349.7,167.1,16.3,31.3,1,-1,-1,-1
273,152,1167.2,185.9,28.2,50.3,1,-1,-1,-1
273,153,483.0,250.2,18.5,38.2,1,-1,-1,-1
273,155,1017.8,197.1,23.8,50.6,1,-1,-1,-1
273,156,87.8,313.6,59.7,46.8,1,-1,-1,-1
273,157,990.7,197.1,22.2,51.9,1,-1,-1,-1
273,158,270.4,577.9,70.2,51.6,1,-1,-1,-1
273,159,0.2,171.4,12.6,27.4,1,-1,-1,-1
274,2,173.1,415.5,52.3,61.6,1,-1,-1,-1
274,3,310.0,301.4,46.5,45.9,1,-1,-1,-1
274,5,913.7,455.8,40.8,102.9,1,-1,-1,-1
274,6,302.5,381.9,36.4,99.6,1,-1,-1,-1
274,7,371.3,410.3,42.2,94.8,1,-1,-1,-1
274,8,668.3,261.3,24.8,52.8,1,-1,-1,-1
274,12,260.3,266.0,25.6,53.5,1,-1,-1,-1
274,14,975.9,347.8,30.0,85.7,1,-1,-1,-1
274,15,692.4,256.8,24.8,54.3,1,-1,-1,-1
274,16,426.4,243.5,24.3,64.6,1,-1,-1,-1
274,17,887.1,289.0,35.1,41.7,1,-1,-1,-1
274,18,255.5,383.5,45.6,95.3,1,-1,-1,-1
274,21,618.8,434.5,36.6,104.5,1,-1,-1,-1
274,22,620.5,375.3,39.4,91.3,1,-1,-1,-1
274,24,844.9,208.9,25.9,60.3,1,-1,-1,-1
274,25,546.9,178.4,19.9,51.2,1,-1,-1,-1
274,29,702.2,185.8,24.3,36.5,1,-1,-1,-1
274,30,501.2,241.7,18.4,36.3,1,-1,-1,-1
274,41,344.9,640.3,51.6,112.4,1,-1,-1,-1
274,47,835.7,333.3,34.4,74.1,1,-1,-1,-1
274,53,266.9,139.3,14.6,29.9,1,-1,-1,-1
274,69,109.5,362.7,33.2,39.8,1,-1,-1,-1
274,72,330.2,109.6,19.8,36.3,1,-1,-1,-1
274,73,750.1,385.7,32.2,83.2,1,-1,-1,-1
274,90,81.9,264.4,32.0,68.5,1,-1,-1,-1
274,91,661.2,318.7,34.4,74.2,1,-1,-1,-1
274,96,143.2,343.3,71.3,51.4,1,-1,-1,-1
274,106,489.6,226.8,17.5,43.1,1,-1,-1,-1
274,110,746.8,201.5,24.5,57.7,1,-1,-1,-1
274,113,40.6,263.7,34.5,69.1,1,-1,-1,-1
274,114,1034.3,199.5,21.8,50.3,1,-1,-1,-1
274,120,362.8,612.7,45.5,27.3,1,-1,-1,-1
274,123,27.3,230.5,25.5,60.4,1,-1,-1,-1
274,127,216.6,460.7,57.8,63.7,1,-1,-1,-1
274,130,243.2,483.0,53.3,63.6,1,-1,-1,-1
274,134,189.4,120.9,16.8,27.6,1,-1,-1,-1
274,136,415.4,681.5,43.5,74.0,1,-1,-1,-1
274,138,511.9,250.9,20.5,35.5,1,-1,-1,-1
274,139,76.0,116.1,20.8,37.2,1,-1,-1,-1
274,143,317.6,557.0,42.3,69.4,1,-1,-1,-1
274,144,259.8,537.0,63.4,69.2,1,-1,-1,-1
274,145,53.3,152.0,21.1,47.0,1,-1,-1,-1
274,147,625.6,311.4,32.4,76.1,1,-1,-1,-1
274,151,352.2,168.9,16.0,30.4,1,-1,-1,-1
274,152,1167.5,186.0,27.9,50.7,1,-1,-1,-1
274,153,483.8,251.0,17.8,38.1,1,-1,-1,-1
274,155,1018.3,197.6,23.3,49.7,1,-1,-1,-1
274,156,88.0,313.1,59.7,46.6,1,-1,-1,-1
274,158,270.8,578.0,71.2,50.9,1,-1,-1,-1
274,159,0.2,171.4,14.0,27.5,1,-1,-1,-1
275,2,170.4,410.8,51.2,63.2,1,-1,-1,-1
275,3,310.5,301.4,46.3,45.5,1,-1,-1,-1
275,5,911.7,455.9,39.9,103.1,1,-1,-1,-1
275,6,302.6,380.9,36.2,100.0,1,-1,-1,-1
275,7,370.5,409.1,40.4,96.2,1,-1,-1,-1
275,8,668.5,260.3,24.8,53.2,1,-1,-1,-1
275,12,259.7,265.3,25.6,53.3,1,-1,-1,-1
275,14,975.5,347.9,29.5,84.8,1,-1,-1,-1
275,15,692.7,257.0,24.6,54.4,1,-1,-1,-1
275,16,427.1,243.8,24.1,64.8,1,-1,-1,-1
275,17,887.7,289.6,35.4,41.3,1,-1,-1,-1
275,18,255.2,383.8,45.3,94.5,1,-1,-1,-1
275,21,615.9,434.8,37.7,104.0,1,-1,-1,-1
275,22,620.9,376.1,38.4,92.7,1,-1,-1,-1
275,24,844.3,207.2,26.8,62.4,1,-1,-1,-1
275,25,548.4,178.9,19.8,50.7,1,-1,-1,-1
275,29,703.5,185.8,24.3,36.6,1,-1,-1,-1
275,30,502.5,242.3,18.3,35.9,1,-1,-1,-1
275,41,342.0,637.1,53.0,114.3,1,-1,-1,-1
275,47,837.5,333.3,35.0,74.9,1,-1,-1,-1
275,53,269.6,140.6,13.6,28.6,1,-1,-1,-1
275,69,108.6,362.4,33.5,40.0,1,-1,-1,-1
275,72,332.7,109.9,18.1,36.4,1,-1,-1,-1
275,73,749.5,386.4,30.9,83.5,1,-1,-1,-1
275,90,83.1,264.6,32.0,68.9,1,-1,-1,-1
275,91,661.1,320.6,34.1,73.3,1,-1,-1,-1
275,96,144.5,342.9,70.0,51.4,1,-1,-1,-1
275,106,490.0,227.1,17.7,44.3,1,-1,-1,-1
275,110,747.6,201.5,24.4,58.6,1,-1,-1,-1
275,113,40.3,265.2,32.3,66.4,1,-1,-1,-1
275,114,1036.0,199.5,21.0,50.0,1,-1,-1,-1
275,120,361.3,612.5,44.2,27.5,1,-1,-1,-1
275,123,28.3,229.7,25.1,56.4,1,-1,-1,-1
275,127,216.4,460.1,57.2,61.7,1,-1,-1,-1
275,130,244.3,481.5,52.2,61.7,1,-1,-1,-1
275,134,194.8,119.7,15.7,27.8,1,-1,-1,-1
275,136,414.1,681.9,44.2,74.0,1,-1,-1,-1
275,138,511.9,250.8,20.7,35.4,1,-1,-1,-1
275,139,76.5,112.6,19.6,36.3,1,-1,-1,-1
275,143,316.4,556.6,41.2,69.3,1,-1,-1,-1
275,144,258.2,537.0,63.2,69.1,1,-1,-1,-1
275,145,58.2,152.2,21.4,47.4,1,-1,-1,-1
275,147,625.4,313.3,32.0,76.0,1,-1,-1,-1
275,151,355.0,170.1,14.9,29.8,1,-1,-1,-1
275,152,1170.9,187.1,26.9,49.2,1,-1,-1,-1
275,153,484.4,252.3,17.1,37.1,1,-1,-1,-1
275,155,1018.1,198.2,23.3,49.8,1,-1,-1,-1
275,156,90.4,312.9,60.5,46.0,1,-1,-1,-1
275,158,268.5,577.2,72.5,51.9,1,-1,-1,-1
275,159,0.1,171.0,15.2,28.4,1,-1,-1,-1
276,2,170.2,409.2,50.8,64.3,1,-1,-1,-1
276,3,310.9,301.0,46.1,45.2,1,-1,-1,-1
276,5,908.9,456.2,39.9,102.2,1,-1,-1,-1
276,6,302.6,380.4,36.1,100.6,1,-1,-1,-1
276,7,370.4,408.4,37.9,96.8,1,-1,-1,-1
276,8,668.6,259.7,24.9,53.5,1,-1,-1,-1
276,12,259.2,264.9,26.2,53.0,1,-1,-1,-1
276,14,974.7,347.8,29.2,84.1,1,-1,-1,-1
276,15,693.8,259.1,26.4,53.2,1,-1,-1,-1
276,16,427.8,244.8,23.4,62.7,1,-1,-1,-1
276,17,888.2,290.0,35.7,41.4,1,-1,-1,-1
276,18,255.2,383.7,45.2,94.2,1,-1,-1,-1
276,21,614.5,434.9,38.6,103.9,1,-1,-1,-1
276,22,620.8,377.1,38.3,91.6,1,-1,-1,-1
276,24,845.2,207.3,26.7,63.1,1,-1,-1,-1
276,25,549.7,179.0,19.6,50.5,1,-1,-1,-1
276,29,704.8,185.7,24.8,37.1,1,-1,-1,-1
276,30,503.6,242.7,18.3,35.3,1,-1,-1,-1
276,41,340.3,635.0,52.9,114.8,1,-1,-1,-1
276,47,836.4,332.4,35.9,76.6,1,-1,-1,-1
276,53,271.8,140.9,13.2,28.4,1,-1,-1,-1
276,69,108.7,362.0,33.4,39.9,1,-1,-1,-1
276,72,335.0,109.5,18.4,36.2,1,-1,-1,-1
276,73,748.1,387.0,31.4,83.2,1,-1,-1,-1
276,90,84.2,264.3,32.0,67.8,1,-1,-1,-1
276,91,661.0,321.5,32.9,73.4,1,-1,-1,-1
276,96,145.2,342.5,69.4,50.9,1,-1,-1,-1
276,106,490.6,227.2,17.7,44.2,1,-1,-1,-1
276,110,750.2,202.1,23.7,57.6,1,-1,-1,-1
276,113,41.1,263.9,33.2,68.6,1,-1,-1,-1
276,114,1037.3,202.7,20.0,44.6,1,-1,-1,-1
276,120,359.2,612.1,44.6,27.8,1,-1,-1,-1
276,123,30.3,230.6,24.8,55.3,1,-1,-1,-1
276,127,215.8,460.7,57.3,63.1,1,-1,-1,-1
276,130,243.9,481.2,52.0,59.9,1,-1,-1,-1
276,134,199.1,119.9,14.8,27.7,1,-1,-1,-1
276,136,412.2,678.9,44.6,76.5,1,-1,-1,-1
276,138,513.2,249.8,20.7,36.0,1,-1,-1,-1
276,139,79.3,115.4,21.0,36.8,1,-1,-1,-1
276,143,316.0,555.9,39.1,69.5,1,-1,-1,-1
276,144,257.1,536.5,61.4,69.1,1,-1,-1,-1
276,145,61.8,151.6,21.7,47.9,1,-1,-1,-1
276,147,624.0,314.8,30.9,73.4,1,-1,-1,-1
276,151,357.7,169.6,14.9,31.4,1,-1,-1,-1
276,152,1171.4,188.3,26.0,49.0,1,-1,-1,-1
276,153,484.8,252.9,16.9,36.0,1,-1,-1,-1
276,155,1018.9,198.8,22.2,49.0,1,-1,-1,-1
276,156,91.8,313.2,61.6,44.4,1,-1,-1,-1
276,158,264.8,578.1,72.9,52.1,1,-1,-1,-1
276,159,0.3,170.2,16.4,29.3,1,-1,-1,-1
277,2,170.5,409.1,51.0,64.7,1,-1,-1,-1
277,3,311.2,300.8,46.0,45.1,1,-1,-1,-1
277,5,905.8,456.5,40.0,101.6,1,-1,-1,-1
277,6,302.4,380.1,36.3,101.0,1,-1,-1,-1
277,7,368.6,407.7,38.0,97.2,1,-1,-1,-1
277,8,668.9,259.9,24.8,53.2,1,-1,-1,-1
277,12,259.6,264.6,26.1,53.0,1,-1,-1,-1
277,14,973.6,348.0,28.9,84.9,1,-1,-1,-1
277,15,693.8,259.9,27.2,52.5,1,-1,-1,-1
277,16,428.4,245.2,23.2,61.6,1,-1,-1,-1
277,17,888.5,290.6,35.7,41.0,1,-1,-1,-1
277,18,255.5,383.5,44.8,93.6,1,-1,-1,-1
277,21,613.8,435.5,38.7,102.6,1,-1,-1,-1
277,22,621.8,381.2,37.2,86.7,1,-1,-1,-1
277,24,846.1,206.8,26.8,63.7,1,-1,-1,-1
277,25,551.4,179.3,19.5,50.6,1,-1,-1,-1
277,29,706.1,185.4,24.6,36.7,1,-1,-1,-1
277,30,504.0,242.6,18.2,34.5,1,-1,-1,-1
277,41,338.2,632.5,54.9,118.5,1,-1,-1,-1
277,47,830.7,329.7,35.0,77.9,1,-1,-1,-1
277,53,273.6,140.9,13.7,29.2,1,-1,-1,-1
277,69,111.0,362.4,32.6,39.5,1,-1,-1,-1
277,72,337.3,108.7,19.2,37.1,1,-1,-1,-1
277,73,747.1,387.4,32.5,83.3,1,-1,-1,-1
277,90,85.3,264.4,32.5,67.8,1,-1,-1,-1
277,91,660.4,321.2,32.9,75.1,1,-1,-1,-1
277,96,147.7,341.5,69.9,51.8,1,-1,-1,-1
277,106,490.7,227.2,18.1,45.3,1,-1,-1,-1
277,110,750.3,202.7,22.9,56.2,1,-1,-1,-1
277,113,42.8,263.2,34.8,69.8,1,-1,-1,-1
277,114,1037.3,201.5,21.4,45.8,1,-1,-1,-1
277,120,357.2,612.1,44.8,27.8,1,-1,-1,-1
277,123,32.9,230.4,23.9,56.1,1,-1,-1,-1
277,127,215.1,460.4,58.7,65.1,1,-1,-1,-1
277,130,242.9,482.3,52.8,59.9,1,-1,-1,-1
277,134,202.2,119.6,14.6,27.6,1,-1,-1,-1
277,136,410.6,676.0,44.7,79.3,1,-1,-1,-1
277,138,513.3,249.8,21.1,35.9,1,-1,-1,-1
277,139,80.7,116.2,21.8,36.8,1,-1,-1,-1
277,143,315.4,555.4,38.9,69.4,1,-1,-1,-1
277,144,256.7,535.8,59.7,69.4,1,-1,-1,-1
277,145,65.1,151.1,20.6,47.8,1,-1,-1,-1
277,147,623.1,316.8,29.8,73.3,1,-1,-1,-1
277,151,359.9,170.5,14.3,31.8,1,-1,-1,-1
277,152,1172.4,189.9,25.2,48.7,1,-1,-1,-1
277,153,485.6,255.4,16.2,33.3,1,-1,-1,-1
277,155,1024.5,197.6,22.2,46.6,1,-1,-1,-1
277,156,95.0,312.9,59.4,44.1,1,-1,-1,-1
277,158,264.0,578.3,72.7,52.3,1,-1,-1,-1
277,159,0.9,170.5,19.7,28.6,1,-1,-1,-1
278,2,170.7,409.1,50.9,64.8,1,-1,-1,-1
278,3,311.5,300.6,46.0,44.9,1,-1,-1,-1
278,5,903.6,455.8,40.5,101.0,1,-1,-1,-1
278,6,302.3,379.6,36.3,101.5,1,-1,-1,-1
278,7,368.5,407.7,38.6,96.8,1,-1,-1,-1
278,8,669.4,260.4,24.6,52.9,1,-1,-1,-1
278,12,260.3,264.3,25.9,53.3,1,-1,-1,-1
278,14,972.6,347.6,28.4,85.1,1,-1,-1,-1
278,15,694.4,260.4,26.6,51.8,1,-1,-1,-1
278,16,428.9,245.4,23.0,61.4,1,-1,-1,-1
278,17,888.8,290.9,35.6,40.7,1,-1,-1,-1
278,18,256.0,383.4,43.9,93.0,1,-1,-1,-1
278,21,613.1,436.4,38.7,101.7,1,-1,-1,-1
278,22,622.3,384.7,37.0,83.2,1,-1,-1,-1
278,24,846.7,205.9,27.6,65.1,1,-1,-1,-1
278,25,552.1,178.7,20.0,50.9,1,-1,-1,-1
278,29,707.4,185.5,24.5,35.9,1,-1,-1,-1
278,30,504.4,242.3,18.1,34.1,1,-1,-1,-1
278,41,335.1,633.2,56.5,119.0,1,-1,-1,-1
278,47,832.1,330.8,32.7,77.6,1,-1,-1,-1
278,53,275.9,141.0,13.1,28.8,1,-1,-1,-1
278,69,111.9,362.4,32.3,39.4,1,-1,-1,-1
278,72,339.4,109.0,18.3,37.4,1,-1,-1,-1
278,73,746.1,387.7,33.5,83.0,1,-1,-1,-1
278,90,87.1,263.6,34.5,69.3,1,-1,-1,-1
278,91,659.1,321.4,33.1,76.3,1,-1,-1,-1
278,96,147.5,342.0,70.0,50.7,1,-1,-1,-1
278,106,491.3,227.7,18.1,44.2,1,-1,-1,-1
278,110,751.0,202.1,23.3,57.2,1,-1,-1,-1
278,113,44.9,263.9,33.8,68.4,1,-1,-1,-1
278,114,1039.7,204.1,20.9,42.8,1,-1,-1,-1
278,120,356.4,611.8,44.6,28.1,1,-1,-1,-1
278,123,34.8,230.4,23.4,56.5,1,-1,-1,-1
278,127,214.5,459.3,59.7,67.0,1,-1,-1,-1
278,130,241.7,484.3,52.8,59.2,1,-1,-1,-1
278,134,205.7,119.9,14.0,26.7,1,-1,-1,-1
278,136,409.8,674.6,44.7,80.9,1,-1,-1,-1
278,138,512.8,250.6,21.8,35.1,1,-1,-1,-1
278,139,80.4,113.6,19.7,34.9,1,-1,-1,-1
278,143,314.3,555.1,38.5,69.1,1,-1,-1,-1
278,144,256.3,534.9,59.4,69.3,1,-1,-1,-1
278,145,69.0,150.3,20.2,47.5,1,-1,-1,-1
278,147,621.3,320.6,29.8,74.7,1,-1,-1,-1
278,151,363.1,170.9,14.3,31.4,1,-1,-1,-1
278,153,486.1,254.2,16.6,33.5,1,-1,-1,-1
278,155,1024.0,196.2,21.3,46.8,1,-1,-1,-1
278,156,96.1,311.9,58.7,44.5,1,-1,-1,-1
278,158,264.7,575.5,71.4,54.5,1,-1,-1,-1
278,159,1.3,170.2,21.3,28.6,1,-1,-1,-1
279,2,170.7,409.4,52.6,64.6,1,-1,-1,-1
279,3,312.3,300.1,45.5,45.1,1,-1,-1,-1
279,5,900.7,455.3,42.5,101.8,1,-1,-1,-1
279,6,302.3,379.2,36.3,101.8,1,-1,-1,-1
279,7,369.2,406.8,38.0,97.4,1,-1,-1,-1
279,8,670.1,260.6,24.6,52.3,1,-1,-1,-1
279,12,261.3,263.6,25.7,53.1,1,-1,-1,-1
279,14,971.6,346.8,28.8,85.3,1,-1,-1,-1
279,15,695.8,260.7,25.6,51.3,1,-1,-1,-1
279,16,430.1,245.5,23.5,61.0,1,-1,-1,-1
279,17,889.5,291.0,35.5,40.7,1,-1,-1,-1
279,18,256.4,383.0,43.8,93.3,1,-1,-1,-1
279,21,612.6,435.9,38.4,101.8,1,-1,-1,-1
279,22,626.6,385.3,36.3,83.0,1,-1,-1,-1
279,24,847.7,205.8,27.7,65.4,1,-1,-1,-1
279,25,553.5,178.5,19.7,51.0,1,-1,-1,-1
279,29,709.7,185.7,23.6,35.1,1,-1,-1,-1
279,30,507.6,242.7,18.3,35.4,1,-1,-1,-1
279,41,332.3,632.4,56.1,118.1,1,-1,-1,-1
279,47,832.1,331.0,32.3,76.4,1,-1,-1,-1
279,53,277.7,139.3,15.0,30.9,1,-1,-1,-1
279,69,112.3,361.6,32.7,39.6,1,-1,-1,-1
279,72,341.8,108.1,19.0,36.9,1,-1,-1,-1
279,73,745.8,388.4,33.9,82.6,1,-1,-1,-1
279,90,87.2,262.3,35.4,67.9,1,-1,-1,-1
279,91,656.4,320.5,32.6,75.8,1,-1,-1,-1
279,96,148.2,342.1,71.9,50.0,1,-1,-1,-1
279,106,492.4,228.8,18.1,43.0,1,-1,-1,-1
279,110,753.1,202.8,23.4,56.8,1,-1,-1,-1
279,113,46.5,263.0,32.4,67.8,1,-1,-1,-1
279,114,1042.3,206.3,20.0,42.3,1,-1,-1,-1
279,120,355.1,611.9,44.4,28.1,1,-1,-1,-1
279,123,35.1,230.2,24.3,57.6,1,-1,-1,-1
279,127,214.7,457.9,59.6,66.4,1,-1,-1,-1
279,134,209.5,118.4,14.8,25.3,1,-1,-1,-1
279,136,406.0,671.8,45.1,84.0,1,-1,-1,-1
279,138,518.9,250.5,19.3,34.9,1,-1,-1,-1
279,139,83.2,114.2,19.1,37.8,1,-1,-1,-1
279,143,312.2,555.1,39.4,69.0,1,-1,-1,-1
279,144,255.8,534.1,60.0,68.9,1,-1,-1,-1
279,145,73.1,150.2,21.1,47.7,1,-1,-1,-1
279,147,620.3,320.6,30.0,74.4,1,-1,-1,-1
279,151,366.6,169.9,15.1,32.2,1,-1,-1,-1
279,153,486.7,254.1,15.7,32.9,1,-1,-1,-1
279,155,1024.9,197.8,21.3,48.2,1,-1,-1,-1
279,156,98.0,311.0,58.0,47.1,1,-1,-1,-1
279,158,257.4,577.2,72.3,53.1,1,-1,-1,-1
279,159,1.8,169.8,22.7,28.9,1,-1,-1,-1
280,2,170.2,409.0,52.6,64.5,1,-1,-1,-1
280,3,313.6,300.1,44.9,44.9,1,-1,-1,-1
280,5,896.6,452.9,45.0,102.2,1,-1,-1,-1
280,6,302.2,378.6,36.4,101.6,1,-1,-1,-1
280,7,370.1,405.2,37.1,98.2,1,-1,-1,-1
280,8,670.3,260.9,24.8,52.0,1,-1,-1,-1
280,12,262.3,263.2,24.7,51.8,1,-1,-1,-1
280,14,969.5,346.6,29.6,85.1,1,-1,-1,-1
280,15,697.2,259.9,27.1,51.9,1,-1,-1,-1
280,16,430.6,245.3,24.0,61.2,1,-1,-1,-1
280,17,889.9,291.6,35.5,40.4,1,-1,-1,-1
280,18,256.6,381.8,43.9,93.8,1,-1,-1,-1
280,21,610.5,435.0,36.6,103.1,1,-1,-1,-1
280,22,627.4,385.0,35.8,83.1,1,-1,-1,-1
280,24,847.8,206.3,28.1,64.9,1,-1,-1,-1
280,25,555.9,178.2,19.6,51.1,1,-1,-1,-1
280,29,711.5,185.8,22.8,35.2,1,-1,-1,-1
280,30,513.1,249.8,21.5,34.8,1,-1,-1,-1
280,41,330.7,632.4,55.3,114.8,1,-1,-1,-1
280,47,831.3,330.7,32.4,78.7,1,-1,-1,-1
280,53,279.2,138.6,15.3,31.5,1,-1,-1,-1
280,69,114.9,361.7,33.1,40.0,1,-1,-1,-1
280,72,343.5,108.5,19.1,36.0,1,-1,-1,-1
280,73,745.5,388.6,33.8,81.8,1,-1,-1,-1
280,90,88.7,262.4,34.6,66.6,1,-1,-1,-1
280,91,655.3,321.1,32.2,75.0,1,-1,-1,-1
280,96,148.1,342.0,70.7,49.6,1,-1,-1,-1
280,106,493.1,229.9,18.7,42.6,1,-1,-1,-1
280,110,754.1,202.7,24.0,57.0,1,-1,-1,-1
280,113,48.6,262.1,31.3,67.3,1,-1,-1,-1
280,114,1044.7,205.0,20.2,43.4,1,-1,-1,-1
280,120,352.5,611.4,46.9,28.6,1,-1,-1,-1
280,123,36.7,229.2,24.6,60.1,1,-1,-1,-1
280,127,214.8,455.2,60.0,67.0,1,-1,-1,-1
280,130,236.0,475.7,56.3,62.9,1,-1,-1,-1
280,134,212.9,118.9,14.7,25.1,1,-1,-1,-1
280,136,403.8,670.6,45.0,85.4,1,-1,-1,-1
280,138,524.5,250.6,18.5,34.7,1,-1,-1,-1
280,139,85.1,115.8,18.9,38.1,1,-1,-1,-1
280,143,313.0,554.8,38.7,68.7,1,-1,-1,-1
280,144,254.3,532.9,59.7,70.7,1,-1,-1,-1
280,145,77.4,151.0,22.0,47.3,1,-1,-1,-1
280,147,619.5,320.5,30.5,75.3,1,-1,-1,-1
280,151,369.5,169.8,15.1,32.7,1,-1,-1,-1
280,153,488.2,257.6,14.5,29.7,1,-1,-1,-1
280,155,1030.9,197.7,21.4,44.3,1,-1,-1,-1
280,156,99.1,310.0,57.1,49.0,1,-1,-1,-1
280,158,261.0,572.9,73.0,54.4,1,-1,-1,-1
280,159,2.6,169.8,23.6,28.8,1,-1,-1,-1
280,160,2.6,68.7,13.9,27.5,1,-1,-1,-1
281,2,170.3,408.0,52.9,63.8,1,-1,-1,-1
281,3,314.6,300.0,44.3,43.9,1,-1,-1,-1
281,5,893.8,453.4,45.4,103.7,1,-1,-1,-1
281,6,302.2,378.2,36.5,101.9,1,-1,-1,-1
281,7,370.3,404.1,37.2,99.5,1,-1,-1,-1
281,8,670.9,261.1,24.5,51.7,1,-1,-1,-1
281,12,262.6,262.9,24.5,51.5,1,-1,-1,-1
281,14,964.6,347.3,33.3,82.2,1,-1,-1,-1
281,15,697.7,260.0,27.3,52.0,1,-1,-1,-1
281,16,431.2,244.6,23.6,61.9,1,-1,-1,-1
281,17,890.7,292.7,35.5,38.9,1,-1,-1,-1
281,18,257.1,381.0,43.5,93.8,1,-1,-1,-1
281,21,608.0,437.2,36.6,103.0,1,-1,-1,-1
281,22,624.6,384.7,36.9,88.5,1,-1,-1,-1
281,24,849.0,207.4,27.9,64.0,1,-1,-1,-1
281,25,557.4,178.2,19.4,51.3,1,-1,-1,-1
281,29,712.0,185.5,22.0,35.3,1,-1,-1,-1
281,30,520.5,251.6,19.8,34.7,1,-1,-1,-1
281,41,329.9,632.3,54.6,114.7,1,-1,-1,-1
281,47,826.6,327.6,32.9,80.4,1,-1,-1,-1
281,53,282.3,139.8,14.3,30.2,1,-1,-1,-1
281,69,115.9,360.8,33.8,41.0,1,-1,-1,-1
281,72,346.5,108.8,19.3,36.0,1,-1,-1,-1
281,73,742.8,385.9,34.4,83.6,1,-1,-1,-1
281,90,90.2,262.1,33.6,66.3,1,-1,-1,-1
281,91,654.0,321.5,31.8,77.5,1,-1,-1,-1
281,96,148.1,340.6,72.1,50.0,1,-1,-1,-1
281,106,494.3,229.4,19.8,42.9,1,-1,-1,-1
281,110,753.6,202.1,25.0,59.0,1,-1,-1,-1
281,113,50.0,261.8,30.2,66.6,1,-1,-1,-1
281,114,1046.0,203.9,21.1,45.6,1,-1,-1,-1
281,120,350.4,610.4,45.1,29.5,1,-1,-1,-1
281,123,38.1,228.6,24.8,62.3,1,-1,-1,-1
281,130,240.6,477.9,54.8,61.3,1,-1,-1,-1
281,134,217.6,119.3,13.9,24.5,1,-1,-1,-1
281,136,401.8,658.5,48.5,93.6,1,-1,-1,-1
281,139,86.9,115.3,18.3,38.5,1,-1,-1,-1
281,143,312.8,554.4,38.3,68.0,1,-1,-1,-1
281,144,253.7,531.7,60.1,71.3,1,-1,-1,-1
281,145,80.8,150.7,22.1,47.2,1,-1,-1,-1
281,147,616.5,318.4,32.2,74.3,1,-1,-1,-1
281,151,372.2,170.2,15.8,34.5,1,-1,-1,-1
281,153,489.2,254.9,15.2,32.0,1,-1,-1,-1
281,155,1032.4,198.8,22.5,41.3,1,-1,-1,-1
281,156,100.0,309.2,57.1,50.5,1,-1,-1,-1
281,158,259.3,575.1,72.0,52.6,1,-1,-1,-1
281,159,4.5,168.2,24.9,30.0,1,-1,-1,-1
281,160,6.8,68.8,15.0,23.7,1,-1,-1,-1
282,2,170.9,407.8,52.5,62.9,1,-1,-1,-1
282,3,315.4,300.1,44.4,43.1,1,-1,-1,-1
282,5,894.4,454.4,45.3,99.0,1,-1,-1,-1
282,6,301.8,378.0,36.7,101.5,1,-1,-1,-1
282,7,370.5,402.3,37.1,98.7,1,-1,-1,-1
282,8,674.4,262.1,25.3,50.5,1,-1,-1,-1
282,12,262.1,262.5,24.3,51.8,1,-1,-1,-1
282,14,960.4,347.5,36.6,80.7,1,-1,-1,-1
282,15,698.5,259.7,26.4,52.2,1,-1,-1,-1
282,16,432.6,243.0,24.1,64.0,1,-1,-1,-1
282,17,894.5,294.9,34.6,39.1,1,-1,-1,-1
282,18,257.1,380.5,43.5,93.6,1,-1,-1,-1
282,21,606.5,438.7,37.1,103.8,1,-1,-1,-1
282,22,623.5,385.8,37.0,92.1,1,-1,-1,-1
282,24,851.0,208.0,27.3,62.8,1,-1,-1,-1
282,25,558.4,178.0,19.3,51.5,1,-1,-1,-1
282,29,712.2,185.4,21.9,35.3,1,-1,-1,-1
282,30,529.2,255.2,19.8,34.6,1,-1,-1,-1
282,41,343.7,610.1,49.5,113.6,1,-1,-1,-1
282,47,823.8,327.0,31.6,82.0,1,-1,-1,-1
282,53,285.3,140.9,13.2,28.7,1,-1,-1,-1
282,69,116.2,359.1,34.4,42.5,1,-1,-1,-1
282,72,348.7,108.5,19.7,36.4,1,-1,-1,-1
282,73,741.5,384.7,34.4,84.2,1,-1,-1,-1
282,90,91.7,261.8,32.8,66.4,1,-1,-1,-1
282,91,654.2,322.9,30.0,79.3,1,-1,-1,-1
282,96,149.0,339.6,72.6,50.4,1,-1,-1,-1
282,106,495.1,228.2,20.1,43.2,1,-1,-1,-1
282,110,755.5,202.3,24.9,58.3,1,-1,-1,-1
282,113,52.1,261.1,32.3,67.0,1,-1,-1,-1
282,114,1046.2,204.5,20.8,41.7,1,-1,-1,-1
282,120,347.2,609.6,44.8,30.0,1,-1,-1,-1
282,123,40.2,228.2,25.4,63.3,1,-1,-1,-1
282,127,216.0,456.0,57.6,62.2,1,-1,-1,-1
282,130,243.8,478.4,52.5,60.8,1,-1,-1,-1
282,134,221.4,118.8,13.4,25.4,1,-1,-1,-1
282,136,399.5,653.7,51.4,98.1,1,-1,-1,-1
282,139,88.5,115.8,18.6,38.5,1,-1,-1,-1
282,143,311.0,553.3,39.8,67.6,1,-1,-1,-1
282,144,260.8,533.9,58.8,65.1,1,-1,-1,-1
282,145,84.8,149.7,21.8,47.9,1,-1,-1,-1
282,147,614.4,319.1,33.5,74.7,1,-1,-1,-1
282,151,375.7,170.6,16.5,34.5,1,-1,-1,-1
282,153,490.3,254.7,14.7,31.4,1,-1,-1,-1
282,155,1028.3,200.5,23.3,45.0,1,-1,-1,-1
282,156,100.5,308.5,57.2,50.7,1,-1,-1,-1
282,158,256.9,574.4,72.5,51.2,1,-1,-1,-1
282,159,7.0,167.3,25.4,30.5,1,-1,-1,-1
282,160,10.0,68.0,14.4,21.3,1,-1,-1,-1
282,161,512.1,242.0,15.7,33.5,1,-1,-1,-1
282,162,1184.9,189.2,25.4,48.1,1,-1,-1,-1
283,2,171.7,407.3,52.4,62.7,1,-1,-1,-1
283,3,315.7,299.9,43.8,43.2,1,-1,-1,-1
283,5,889.2,448.4,44.6,99.7,1,-1,-1,-1
283,6,301.8,377.3,36.6,100.6,1,-1,-1,-1
283,7,370.3,401.1,37.4,99.8,1,-1,-1,-1
283,8,674.4,262.0,26.8,50.6,1,-1,-1,-1
283,12,262.1,261.7,24.1,52.2,1,-1,-1,-1
283,14,959.7,348.2,36.1,79.4,1,-1,-1,-1
283,15,698.9,259.5,25.9,52.4,1,-1,-1,-1
283,16,431.7,240.7,24.9,64.1,1,-1,-1,-1
283,17,892.2,292.7,34.8,39.3,1,-1,-1,-1
283,18,257.2,379.7,43.2,93.5,1,-1,-1,-1
283,21,605.0,440.2,38.0,103.8,1,-1,-1,-1
283,22,623.3,386.0,36.6,93.1,1,-1,-1,-1
283,24,853.2,207.2,27.0,62.4,1,-1,-1,-1
283,25,559.6,178.7,18.8,51.0,1,-1,-1,-1
283,29,713.2,185.5,22.9,35.2,1,-1,-1,-1
283,41,360.8,580.9,46.7,112.7,1,-1,-1,-1
283,47,822.2,326.6,31.1,83.7,1,-1,-1,-1
283,53,287.5,140.1,14.6,28.5,1,-1,-1,-1
283,69,117.3,358.0,34.1,43.4,1,-1,-1,-1
283,72,350.4,108.3,19.6,36.7,1,-1,-1,-1
283,73,741.0,384.1,34.3,84.2,1,-1,-1,-1
283,90,92.8,261.3,32.3,66.6,1,-1,-1,-1
283,91,653.9,322.9,29.3,78.8,1,-1,-1,-1
283,96,157.6,340.5,67.1,48.1,1,-1,-1,-1
283,106,496.3,227.4,19.3,41.7,1,-1,-1,-1
283,110,756.5,202.6,24.8,58.3,1,-1,-1,-1
283,113,52.8,260.8,33.4,67.3,1,-1,-1,-1
283,114,1046.9,205.3,20.3,39.0,1,-1,-1,-1
283,123,42.5,228.1,24.7,64.3,1,-1,-1,-1
283,127,216.3,456.0,57.2,60.5,1,-1,-1,-1
283,130,241.3,476.6,53.0,60.7,1,-1,-1,-1
283,134,225.1,118.8,13.3,26.0,1,-1,-1,-1
283,136,398.0,649.8,51.2,101.8,1,-1,-1,-1
283,139,88.9,113.8,17.5,36.6,1,-1,-1,-1
283,143,309.4,551.9,40.4,67.2,1,-1,-1,-1
283,144,270.0,534.4,58.3,62.3,1,-1,-1,-1
283,145,88.7,149.1,21.0,48.1,1,-1,-1,-1
283,147,615.5,322.8,31.9,76.4,1,-1,-1,-1
283,151,378.1,170.9,16.9,35.5,1,-1,-1,-1
283,153,490.0,246.8,17.4,39.6,1,-1,-1,-1
283,155,1023.2,204.7,23.9,45.3,1,-1,-1,-1
283,156,100.3,308.7,57.5,51.1,1,-1,-1,-1
283,158,253.0,552.4,92.8,66.6,1,-1,-1,-1
283,159,10.6,168.1,26.2,30.4,1,-1,-1,-1
283,160,14.2,68.9,13.7,20.0,1,-1,-1,-1
283,161,512.1,241.4,15.8,32.9,1,-1,-1,-1
283,162,1186.0,189.4,26.7,51.3,1,-1,-1,-1
283,163,519.1,249.1,21.2,36.2,1,-1,-1,-1
284,2,172.4,406.7,52.0,62.7,1,-1,-1,-1
284,3,316.9,299.4,43.0,43.7,1,-1,-1,-1
284,5,885.0,444.8,44.7,99.4,1,-1,-1,-1
284,6,302.3,377.1,36.3,100.4,1,-1,-1,-1
284,7,370.3,400.6,37.3,99.9,1,-1,-1,-1
284,8,673.4,261.9,28.1,50.8,1,-1,-1,-1
284,12,262.9,260.8,23.9,52.4,1,-1,-1,-1
284,14,959.1,349.9,35.6,77.8,1,-1,-1,-1
284,15,700.0,258.1,23.7,53.0,1,-1,-1,-1
284,16,434.3,241.1,24.2,64.8,1,-1,-1,-1
284,17,895.3,294.8,34.2,39.6,1,-1,-1,-1
284,18,257.2,379.1,42.8,93.8,1,-1,-1,-1
284,21,606.0,442.1,35.8,102.4,1,-1,-1,-1
284,22,623.4,386.4,36.6,91.2,1,-1,-1,-1
284,24,854.6,208.5,26.5,60.7,1,-1,-1,-1
284,25,560.4,176.2,20.2,53.9,1,-1,-1,-1
284,29,716.2,186.7,23.4,34.4,1,-1,-1,-1
284,47,821.2,326.3,30.8,82.8,1,-1,-1,-1
284,53,290.4,140.4,13.8,28.7,1,-1,-1,-1
284,69,118.1,358.0,32.8,39.8,1,-1,-1,-1
284,72,353.3,106.9,18.9,37.1,1,-1,-1,-1
284,73,741.1,383.6,34.0,83.3,1,-1,-1,-1
284,90,94.3,260.6,31.7,66.6,1,-1,-1,-1
284,91,652.5,323.5,29.9,76.3,1,-1,-1,-1
284,96,160.6,340.1,65.0,47.6,1,-1,-1,-1
284,106,497.5,227.3,18.4,39.6,1,-1,-1,-1
284,110,757.6,202.8,24.4,57.7,1,-1,-1,-1
284,113,55.5,259.7,31.8,67.1,1,-1,-1,-1
284,114,1050.2,206.3,20.0,38.4,1,-1,-1,-1
284,120,346.0,605.5,45.9,34.3,1,-1,-1,-1
284,123,44.3,227.2,24.3,63.1,1,-1,-1,-1
284,127,216.4,456.1,57.1,60.0,1,-1,-1,-1
284,130,240.7,475.8,53.2,58.9,1,-1,-1,-1
284,134,229.5,121.5,13.3,23.6,1,-1,-1,-1
284,136,397.5,646.3,49.8,104.1,1,-1,-1,-1
284,139,91.1,115.2,16.9,37.9,1,-1,-1,-1
284,145,93.3,148.5,20.7,47.1,1,-1,-1,-1
284,147,614.0,323.4,32.5,74.8,1,-1,-1,-1
284,151,380.5,171.0,16.1,34.9,1,-1,-1,-1
284,153,489.9,244.4,18.2,42.4,1,-1,-1,-1
284,156,96.4,325.7,48.7,47.1,1,-1,-1,-1
284,158,254.6,532.5,72.7,65.7,1,-1,-1,-1
284,159,13.8,167.4,26.4,30.2,1,-1,-1,-1
284,160,19.2,69.4,14.9,23.5,1,-1,-1,-1
284,161,511.4,241.8,18.8,36.2,1,-1,-1,-1
284,162,1185.4,189.0,27.4,51.8,1,-1,-1,-1
284,163,524.5,247.9,16.2,36.1,1,-1,-1,-1
284,164,323.8,631.3,55.6,116.5,1,-1,-1,-1
284,165,1035.4,199.2,25.0,42.6,1,-1,-1,-1
285,2,172.8,405.7,52.0,63.1,1,-1,-1,-1
285,3,318.5,298.3,43.3,44.5,1,-1,-1,-1
285,5,881.6,444.4,43.2,101.1,1,-1,-1,-1
285,6,302.8,376.5,36.1,100.0,1,-1,-1,-1
285,7,370.7,401.3,36.7,100.9,1,-1,-1,-1
285,8,674.7,261.1,27.4,51.4,1,-1,-1,-1
285,12,263.5,259.5,24.0,52.8,1,-1,-1,-1
285,14,957.5,351.0,36.0,77.8,1,-1,-1,-1
285,15,701.1,257.5,22.9,53.2,1,-1,-1,-1
285,16,435.6,241.5,24.3,65.0,1,-1,-1,-1
285,17,896.6,295.3,35.4,39.9,1,-1,-1,-1
285,18,257.2,377.7,42.3,94.6,1,-1,-1,-1
285,21,606.0,441.2,34.2,103.2,1,-1,-1,-1
285,22,627.7,387.8,35.1,88.1,1,-1,-1,-1
285,24,855.3,208.9,26.4,60.7,1,-1,-1,-1
285,25,562.3,177.0,19.4,52.8,1,-1,-1,-1
285,29,716.7,186.9,23.8,35.2,1,-1,-1,-1
285,47,817.5,326.3,32.0,82.3,1,-1,-1,-1
285,53,291.2,139.0,14.3,31.0,1,-1,-1,-1
285,69,119.1,359.1,32.2,37.0,1,-1,-1,-1
285,72,355.0,107.6,17.3,37.6,1,-1,-1,-1
285,73,741.6,383.2,34.5,83.7,1,-1,-1,-1
285,90,95.9,259.8,31.7,66.9,1,-1,-1,-1
285,91,651.2,326.0,30.5,72.9,1,-1,-1,-1
285,96,161.1,339.5,65.1,47.6,1,-1,-1,-1
285,106,499.0,227.9,18.2,39.5,1,-1,-1,-1
285,110,758.4,202.8,24.3,57.3,1,-1,-1,-1
285,113,57.2,257.7,31.8,68.6,1,-1,-1,-1
285,114,1052.3,207.2,19.7,38.4,1,-1,-1,-1
285,120,345.1,604.6,46.7,35.5,1,-1,-1,-1
285,123,46.4,226.1,24.1,61.8,1,-1,-1,-1
285,127,216.1,455.7,57.4,60.9,1,-1,-1,-1
285,130,240.5,475.1,53.5,58.5,1,-1,-1,-1
285,134,230.8,118.0,13.8,25.5,1,-1,-1,-1
285,136,397.4,645.0,47.3,105.0,1,-1,-1,-1
285,139,93.7,115.8,17.3,38.8,1,-1,-1,-1
285,143,255.5,547.4,83.0,72.8,1,-1,-1,-1
285,145,96.8,147.6,20.1,46.3,1,-1,-1,-1
285,147,612.9,326.4,32.6,75.6,1,-1,-1,-1
285,151,385.2,172.7,16.7,34.7,1,-1,-1,-1
285,153,490.1,243.2,18.9,45.2,1,-1,-1,-1
285,156,87.3,346.7,44.3,45.4,1,-1,-1,-1
285,158,247.1,503.1,67.7,68.9,1,-1,-1,-1
285,159,15.6,167.7,27.5,29.9,1,-1,-1,-1
285,160,22.5,68.2,15.1,24.1,1,-1,-1,-1
285,161,511.6,241.4,19.4,36.3,1,-1,-1,-1
285,162,1183.8,187.3,28.3,53.3,1,-1,-1,-1
285,163,524.0,248.4,18.3,36.6,1,-1,-1,-1
285,164,322.2,632.0,54.1,116.2,1,-1,-1,-1
285,165,1039.9,199.7,21.5,41.1,1,-1,-1,-1
285,166,131.2,307.9,35.6,40.7,1,-1,-1,-1
286,2,173.3,405.3,51.3,63.1,1,-1,-1,-1
286,3,319.9,297.5,45.0,45.1,1,-1,-1,-1
286,5,881.1,448.6,41.3,94.2,1,-1,-1,-1
286,6,303.0,376.0,36.0,100.2,1,-1,-1,-1
286,7,370.6,399.1,36.8,101.0,1,-1,-1,-1
286,8,676.3,260.3,25.7,52.7,1,-1,-1,-1
286,12,264.7,258.5,23.6,53.6,1,-1,-1,-1
286,14,956.4,348.8,36.0,78.2,1,-1,-1,-1
286,15,701.7,257.2,22.9,53.8,1,-1,-1,-1
286,16,436.6,241.4,24.5,65.3,1,-1,-1,-1
286,17,893.4,293.0,36.0,40.1,1,-1,-1,-1
286,18,257.7,376.5,42.1,95.2,1,-1,-1,-1
286,21,604.2,441.0,37.4,103.2,1,-1,-1,-1
286,22,626.7,387.8,35.2,86.9,1,-1,-1,-1
286,24,856.0,209.4,26.3,60.3,1,-1,-1,-1
286,25,563.9,178.3,19.0,51.5,1,-1,-1,-1
286,29,718.0,186.1,24.3,34.8,1,-1,-1,-1
286,47,815.4,326.8,33.4,80.9,1,-1,-1,-1
286,53,294.3,138.2,14.1,31.4,1,-1,-1,-1
286,69,120.2,358.1,31.4,36.6,1,-1,-1,-1
286,72,356.4,107.6,18.2,37.5,1,-1,-1,-1
286,73,742.1,382.4,35.5,83.7,1,-1,-1,-1
286,90,97.2,258.3,32.8,67.7,1,-1,-1,-1
286,91,649.5,326.5,31.8,72.9,1,-1,-1,-1
286,96,156.0,337.8,70.7,49.2,1,-1,-1,-1
286,106,499.9,228.9,18.6,42.0,1,-1,-1,-1
286,110,759.2,203.0,24.3,57.6,1,-1,-1,-1
286,113,58.8,259.0,31.4,67.0,1,-1,-1,-1
286,114,1053.4,207.6,19.6,40.0,1,-1,-1,-1
286,120,343.4,603.3,47.6,36.7,1,-1,-1,-1
286,123,48.1,225.3,24.4,61.2,1,-1,-1,-1
286,127,215.1,454.8,57.9,60.2,1,-1,-1,-1
286,130,237.4,474.3,56.0,59.3,1,-1,-1,-1
286,134,234.6,116.4,14.1,26.6,1,-1,-1,-1
286,136,396.9,643.9,44.8,103.8,1,-1,-1,-1
286,139,96.0,114.4,17.0,35.6,1,-1,-1,-1
286,143,241.1,545.0,99.7,75.5,1,-1,-1,-1
286,145,100.8,147.4,20.1,46.2,1,-1,-1,-1
286,147,611.8,329.0,31.4,76.9,1,-1,-1,-1
286,151,388.2,172.6,16.5,34.5,1,-1,-1,-1
286,153,490.7,243.9,18.2,44.9,1,-1,-1,-1
286,159,18.1,167.0,27.9,30.2,1,-1,-1,-1
286,160,27.6,68.6,15.3,24.4,1,-1,-1,-1
286,161,512.2,241.5,19.0,36.7,1,-1,-1,-1
286,163,524.3,249.0,18.3,36.3,1,-1,-1,-1
286,164,319.8,631.4,53.9,115.3,1,-1,-1,-1
286,165,1040.2,199.6,21.5,40.7,1,-1,-1,-1
286,166,132.1,307.6,34.5,47.1,1,-1,-1,-1
286,167,100.6,325.9,45.6,44.5,1,-1,-1,-1
287,2,173.5,404.6,50.8,63.4,1,-1,-1,-1
287,3,321.3,297.1,45.6,45.2,1,-1,-1,-1
287,5,873.7,443.2,44.1,97.2,1,-1,-1,-1
287,6,302.9,375.6,36.0,100.9,1,-1,-1,-1
287,7,370.0,398.4,37.1,100.7,1,-1,-1,-1
287,8,677.4,259.9,24.9,53.6,1,-1,-1,-1
287,12,267.5,259.6,22.7,52.2,1,-1,-1,-1
287,14,950.2,347.4,35.1,81.1,1,-1,-1,-1
287,15,702.0,257.2,23.4,54.0,1,-1,-1,-1
287,16,435.6,240.0,24.9,64.2,1,-1,-1,-1
287,17,893.9,293.1,36.0,39.9,1,-1,-1,-1
287,18,259.2,375.9,42.0,95.4,1,-1,-1,-1
287,21,602.5,441.2,39.5,104.4,1,-1,-1,-1
287,22,625.7,388.0,35.7,86.2,1,-1,-1,-1
287,24,857.3,209.6,25.9,60.5,1,-1,-1,-1
287,25,564.9,176.0,19.9,54.1,1,-1,-1,-1
287,29,719.8,185.6,24.1,33.5,1,-1,-1,-1
287,47,813.7,328.0,33.5,79.8,1,-1,-1,-1
287,53,297.6,138.4,15.2,31.4,1,-1,-1,-1
287,69,121.5,357.8,30.9,36.7,1,-1,-1,-1
287,72,359.3,107.5,18.8,37.5,1,-1,-1,-1
287,73,742.6,382.1,35.8,84.1,1,-1,-1,-1
287,90,99.4,258.1,33.8,67.6,1,-1,-1,-1
287,91,647.2,325.6,32.4,71.1,1,-1,-1,-1
287,96,155.7,336.7,72.1,50.2,1,-1,-1,-1
287,106,501.2,228.3,18.6,42.4,1,-1,-1,-1
287,110,762.4,202.2,24.0,57.3,1,-1,-1,-1
287,113,59.3,257.8,31.5,66.9,1,-1,-1,-1
287,114,1054.4,206.8,19.3,39.4,1,-1,-1,-1
287,120,341.5,602.3,47.6,37.7,1,-1,-1,-1
287,123,49.5,225.2,25.5,62.6,1,-1,-1,-1
287,127,214.5,453.1,58.4,60.1,1,-1,-1,-1
287,130,236.8,473.2,56.9,59.9,1,-1,-1,-1
287,134,239.8,116.1,14.5,27.3,1,-1,-1,-1
287,136,395.1,641.5,45.3,103.7,1,-1,-1,-1
287,139,97.2,115.4,17.1,37.1,1,-1,-1,-1
287,143,241.1,544.1,103.1,76.5,1,-1,-1,-1
287,145,104.8,146.2,20.1,44.2,1,-1,-1,-1
287,147,611.3,329.3,30.4,77.0,1,-1,-1,-1
287,151,390.9,171.4,16.2,34.2,1,-1,-1,-1
287,153,491.0,242.1,18.3,46.4,1,-1,-1,-1
287,159,19.2,165.6,26.6,29.4,1,-1,-1,-1
287,160,31.5,67.1,15.7,25.0,1,-1,-1,-1
287,161,513.1,241.0,19.8,37.6,1,-1,-1,-1
287,163,525.1,248.6,18.7,36.2,1,-1,-1,-1
287,164,319.1,630.2,53.2,114.3,1,-1,-1,-1
287,165,1039.6,199.2,20.4,39.9,1,-1,-1,-1
287,166,106.8,306.8,57.8,52.8,1,-1,-1,-1
287,167,100.9,323.2,46.0,45.5,1,-1,-1,-1
288,2,174.4,404.2,49.9,62.8,1,-1,-1,-1
288,3,320.8,297.4,46.3,44.9,1,-1,-1,-1
288,5,870.2,449.9,46.5,90.8,1,-1,-1,-1
288,6,303.2,374.9,36.1,101.5,1,-1,-1,-1
288,7,370.3,398.2,36.9,100.2,1,-1,-1,-1
288,8,678.3,259.1,24.3,54.5,1,-1,-1,-1
288,12,267.7,257.8,22.9,52.1,1,-1,-1,-1
288,14,949.8,348.6,30.8,79.6,1,-1,-1,-1
288,15,702.5,257.3,24.0,54.4,1,-1,-1,-1
288,16,438.0,241.4,24.0,63.4,1,-1,-1,-1
288,17,894.6,292.8,36.0,40.8,1,-1,-1,-1
288,18,259.7,375.5,42.4,95.4,1,-1,-1,-1
288,21,601.4,440.9,40.3,105.1,1,-1,-1,-1
288,22,625.2,388.6,35.8,86.6,1,-1,-1,-1
288,24,858.4,209.1,26.2,61.1,1,-1,-1,-1
288,25,567.4,177.0,20.2,53.1,1,-1,-1,-1
288,29,721.7,186.7,23.6,34.0,1,-1,-1,-1
288,47,811.0,328.5,32.6,80.1,1,-1,-1,-1
288,53,299.0,137.8,15.9,32.4,1,-1,-1,-1
288,69,122.9,357.3,30.5,37.0,1,-1,-1,-1
288,72,361.1,107.7,17.6,37.6,1,-1,-1,-1
288,73,743.0,381.3,35.8,83.9,1,-1,-1,-1
288,90,100.4,258.3,34.1,68.0,1,-1,-1,-1
288,91,645.6,326.8,33.8,74.2,1,-1,-1,-1
288,96,156.4,336.3,71.9,49.9,1,-1,-1,-1
288,106,501.7,228.1,18.9,41.6,1,-1,-1,-1
288,110,764.2,203.2,23.5,56.4,1,-1,-1,-1
288,113,61.5,256.9,29.9,67.7,1,-1,-1,-1
288,114,1056.1,206.5,19.8,39.1,1,-1,-1,-1
288,120,339.6,602.6,49.3,37.6,1,-1,-1,-1
288,123,52.1,225.1,24.9,61.6,1,-1,-1,-1
288,127,214.5,452.3,58.6,60.4,1,-1,-1,-1
288,130,237.7,472.2,57.3,60.1,1,-1,-1,-1
288,134,242.7,116.4,15.0,26.9,1,-1,-1,-1
288,136,392.6,638.6,46.9,105.6,1,-1,-1,-1
288,139,98.3,116.1,17.7,37.3,1,-1,-1,-1
288,143,244.0,543.0,101.4,77.0,1,-1,-1,-1
288,145,107.7,146.3,20.8,44.1,1,-1,-1,-1
288,147,610.5,329.5,30.0,77.4,1,-1,-1,-1
288,151,393.7,171.5,16.2,34.4,1,-1,-1,-1
288,153,493.4,247.1,16.7,42.5,1,-1,-1,-1
288,159,21.9,165.3,25.4,28.9,1,-1,-1,-1
288,160,36.0,65.5,16.0,25.5,1,-1,-1,-1
288,161,513.9,239.6,18.9,37.4,1,-1,-1,-1
288,163,525.8,248.3,19.2,36.4,1,-1,-1,-1
288,164,318.8,629.9,52.7,114.1,1,-1,-1,-1
288,165,1038.1,200.4,23.5,48.3,1,-1,-1,-1
288,166,102.7,305.7,65.2,53.8,1,-1,-1,-1
289,2,175.0,403.6,49.5,62.3,1,-1,-1,-1
289,3,320.9,297.2,46.6,44.9,1,-1,-1,-1
289,5,868.7,451.2,44.8,89.3,1,-1,-1,-1
289,6,303.2,374.8,36.1,101.6,1,-1,-1,-1
289,7,369.9,397.8,36.9,100.1,1,-1,-1,-1
289,8,679.2,259.0,24.1,54.5,1,-1,-1,-1
289,12,269.5,257.5,22.7,51.7,1,-1,-1,-1
289,14,949.1,347.8,28.9,79.9,1,-1,-1,-1
289,15,703.5,257.0,24.1,54.8,1,-1,-1,-1
289,16,439.3,241.8,23.5,63.1,1,-1,-1,-1
289,17,899.9,294.9,34.2,40.5,1,-1,-1,-1
289,18,259.3,375.3,43.2,95.5,1,-1,-1,-1
289,21,599.7,440.5,40.1,103.4,1,-1,-1,-1
289,22,624.7,390.1,35.8,84.8,1,-1,-1,-1
289,24,859.4,208.4,26.5,62.2,1,-1,-1,-1
289,25,567.6,175.4,20.5,54.7,1,-1,-1,-1
289,29,722.9,186.3,22.9,34.8,1,-1,-1,-1
289,47,809.9,328.9,31.2,80.0,1,-1,-1,-1
289,53,301.1,138.1,15.8,32.8,1,-1,-1,-1
289,69,124.0,356.7,31.5,37.0,1,-1,-1,-1
289,72,363.4,106.9,18.3,37.1,1,-1,-1,-1
289,73,742.6,380.4,35.9,83.6,1,-1,-1,-1
289,90,100.8,257.6,33.4,68.5,1,-1,-1,-1
289,91,644.3,326.8,34.7,78.3,1,-1,-1,-1
289,96,158.2,335.7,71.3,49.6,1,-1,-1,-1
289,106,502.3,228.5,19.1,40.9,1,-1,-1,-1
289,110,765.0,203.7,24.0,56.5,1,-1,-1,-1
289,113,63.6,257.5,32.5,68.2,1,-1,-1,-1
289,114,1058.1,205.8,21.7,45.1,1,-1,-1,-1
289,120,337.2,602.7,47.3,37.5,1,-1,-1,-1
289,123,54.4,225.2,24.3,61.8,1,-1,-1,-1
289,127,214.7,451.9,58.3,60.6,1,-1,-1,-1
289,130,237.5,471.6,56.9,60.6,1,-1,-1,-1
289,134,246.2,116.3,14.6,26.1,1,-1,-1,-1
289,136,390.0,636.4,48.0,106.9,1,-1,-1,-1
289,139,99.7,112.6,16.9,35.1,1,-1,-1,-1
289,143,245.2,543.9,101.1,77.7,1,-1,-1,-1
289,145,111.8,145.9,22.3,45.0,1,-1,-1,-1
289,147,609.8,330.0,30.0,76.9,1,-1,-1,-1
289,151,397.7,172.5,16.7,34.3,1,-1,-1,-1
289,153,494.5,249.9,15.9,39.3,1,-1,-1,-1
289,159,25.1,165.5,24.2,28.6,1,-1,-1,-1
289,160,41.4,66.1,15.9,23.0,1,-1,-1,-1
289,161,518.6,240.5,18.6,37.5,1,-1,-1,-1
289,163,530.1,248.3,17.6,36.2,1,-1,-1,-1
289,164,316.8,630.4,53.9,113.6,1,-1,-1,-1
289,165,1038.7,200.0,24.9,51.9,1,-1,-1,-1
289,166,103.4,305.4,67.1,54.0,1,-1,-1,-1
290,2,175.3,403.0,49.4,61.9,1,-1,-1,-1
290,3,321.7,296.6,46.4,45.0,1,-1,-1,-1
290,5,866.8,449.9,43.4,89.5,1,-1,-1,-1
290,6,303.4,374.5,35.7,101.0,1,-1,-1,-1
290,7,369.5,397.7,36.8,99.7,1,-1,-1,-1
290,8,680.1,259.4,23.9,54.0,1,-1,-1,-1
290,12,270.4,256.9,22.7,51.5,1,-1,-1,-1
290,14,947.2,348.2,27.5,81.6,1,-1,-1,-1
290,15,703.9,257.6,24.1,54.3,1,-1,-1,-1
290,16,440.2,241.9,23.5,62.8,1,-1,-1,-1
290,17,901.8,295.6,33.1,40.4,1,-1,-1,-1
290,18,258.9,374.7,43.6,95.5,1,-1,-1,-1
290,21,599.3,439.8,39.4,103.0,1,-1,-1,-1
290,22,623.9,389.3,36.2,84.2,1,-1,-1,-1
290,24,860.4,208.7,26.4,62.1,1,-1,-1,-1
290,25,570.1,177.6,20.2,52.9,1,-1,-1,-1
290,29,723.2,186.0,22.4,34.7,1,-1,-1,-1
290,47,809.1,327.9,30.1,80.5,1,-1,-1,-1
290,53,303.9,138.5,15.1,31.3,1,-1,-1,-1
290,69,124.9,356.4,31.8,36.6,1,-1,-1,-1
290,72,365.4,108.0,17.0,37.0,1,-1,-1,-1
290,73,742.1,380.5,36.0,83.5,1,-1,-1,-1
290,90,101.7,256.4,33.4,69.5,1,-1,-1,-1
290,91,643.0,326.2,35.3,79.6,1,-1,-1,-1
290,96,158.7,334.8,70.0,49.3,1,-1,-1,-1
290,106,504.0,229.1,19.3,42.1,1,-1,-1,-1
290,110,766.0,203.4,24.4,56.8,1,-1,-1,-1
290,113,65.4,257.7,32.7,67.5,1,-1,-1,-1
290,114,1058.8,203.9,22.0,47.8,1,-1,-1,-1
290,120,334.9,601.5,46.9,38.5,1,-1,-1,-1
290,123,55.7,224.7,23.9,60.4,1,-1,-1,-1
290,127,215.0,451.6,57.9,60.9,1,-1,-1,-1
290,130,237.7,470.7,55.3,60.7,1,-1,-1,-1
290,134,250.5,116.1,14.4,26.6,1,-1,-1,-1
290,136,388.1,634.5,47.7,106.8,1,-1,-1,-1
290,139,102.0,113.5,16.6,35.7,1,-1,-1,-1
290,143,243.9,527.4,75.3,71.3,1,-1,-1,-1
290,145,115.9,145.5,22.7,44.7,1,-1,-1,-1
290,147,608.6,330.8,31.4,76.2,1,-1,-1,-1
290,151,400.5,173.2,17.0,34.0,1,-1,-1,-1
290,153,493.9,242.4,18.3,43.6,1,-1,-1,-1
290,159,28.6,165.4,23.3,28.9,1,-1,-1,-1
290,160,44.2,65.9,16.1,21.8,1,-1,-1,-1
290,161,519.4,241.0,19.0,38.6,1,-1,-1,-1
290,163,531.8,248.0,17.0,36.0,1,-1,-1,-1
290,164,313.9,629.1,55.6,115.1,1,-1,-1,-1
290,165,1039.6,198.8,25.0,52.4,1,-1,-1,-1
290,166,105.4,304.5,65.7,50.7,1,-1,-1,-1
291,2,175.9,402.5,49.4,61.8,1,-1,-1,-1
291,3,322.3,296.4,46.3,45.3,1,-1,-1,-1
291,5,860.1,440.4,45.3,96.1,1,-1,-1,-1
291,6,303.4,374.5,35.5,99.8,1,-1,-1,-1
291,7,368.0,397.2,37.1,99.3,1,-1,-1,-1
291,8,680.4,259.3,24.0,53.8,1,-1,-1,-1
291,12,271.3,256.5,21.9,51.4,1,-1,-1,-1
291,14,945.5,347.5,26.6,81.7,1,-1,-1,-1
291,15,704.4,257.7,24.1,54.1,1,-1,-1,-1
291,16,441.5,241.0,24.1,64.4,1,-1,-1,-1
291,17,902.1,295.1,32.9,40.7,1,-1,-1,-1
291,18,258.7,374.6,44.0,95.4,1,-1,-1,-1
291,21,598.7,438.8,39.2,103.6,1,-1,-1,-1
291,22,623.2,389.9,36.7,84.0,1,-1,-1,-1
291,24,861.9,208.9,26.6,62.1,1,-1,-1,-1
291,25,570.9,174.2,21.2,55.5,1,-1,-1,-1
291,29,724.6,185.6,22.8,34.4,1,-1,-1,-1
291,47,809.8,328.7,27.2,80.7,1,-1,-1,-1
291,53,306.6,138.9,13.8,29.7,1,-1,-1,-1
291,69,125.3,355.2,32.1,36.8,1,-1,-1,-1
291,72,367.5,107.2,17.3,36.0,1,-1,-1,-1
291,73,741.2,380.2,36.5,83.3,1,-1,-1,-1
291,90,104.3,256.3,32.0,69.2,1,-1,-1,-1
291,91,641.7,326.7,35.7,79.3,1,-1,-1,-1
291,96,159.6,334.8,70.1,49.1,1,-1,-1,-1
291,106,504.8,229.1,19.6,43.2,1,-1,-1,-1
291,110,766.9,203.1,24.8,58.0,1,-1,-1,-1
291,113,66.5,257.9,31.7,66.6,1,-1,-1,-1
291,114,1059.0,202.6,23.2,50.7,1,-1,-1,-1
291,120,333.1,601.0,47.4,39.0,1,-1,-1,-1
291,123,57.8,223.4,23.5,57.6,1,-1,-1,-1
291,127,215.1,451.2,57.9,61.2,1,-1,-1,-1
291,130,237.7,470.7,55.6,59.9,1,-1,-1,-1
291,134,252.4,115.9,14.1,25.1,1,-1,-1,-1
291,136,387.3,631.2,46.3,106.3,1,-1,-1,-1
291,139,104.1,114.4,17.4,38.0,1,-1,-1,-1
291,143,231.2,503.0,63.4,68.5,1,-1,-1,-1
291,145,121.0,144.5,23.1,47.5,1,-1,-1,-1
291,147,607.7,331.9,32.3,77.5,1,-1,-1,-1
291,151,403.3,173.5,16.9,33.7,1,-1,-1,-1
291,153,494.9,240.2,20.3,46.1,1,-1,-1,-1
291,159,31.9,165.7,25.4,29.4,1,-1,-1,-1
291,160,49.2,62.1,17.4,23.3,1,-1,-1,-1
291,161,521.0,241.2,18.5,39.0,1,-1,-1,-1
291,163,532.1,247.3,17.1,36.5,1,-1,-1,-1
291,164,310.5,624.6,55.9,119.4,1,-1,-1,-1
291,165,1045.4,197.8,24.6,47.0,1,-1,-1,-1
291,166,109.2,304.4,61.8,48.2,1,-1,-1,-1
291,168,243.9,541.8,96.7,74.7,1,-1,-1,-1
292,2,181.3,404.1,50.6,59.0,1,-1,-1,-1
292,3,322.7,296.5,46.4,45.2,1,-1,-1,-1
292,5,860.1,441.5,41.6,92.6,1,-1,-1,-1
292,6,303.5,374.5,35.0,98.1,1,-1,-1,-1
292,7,366.9,396.5,37.7,99.2,1,-1,-1,-1
292,8,680.8,260.2,24.0,52.8,1,-1,-1,-1
292,12,272.0,255.5,21.7,51.4,1,-1,-1,-1
292,14,942.2,347.5,28.1,82.0,1,-1,-1,-1
292,15,705.6,259.4,25.2,52.7,1,-1,-1,-1
292,16,442.2,241.0,24.1,64.4,1,-1,-1,-1
292,17,899.6,293.3,32.6,39.6,1,-1,-1,-1
292,18,258.3,374.6,44.5,95.2,1,-1,-1,-1
292,21,597.5,438.7,38.8,103.7,1,-1,-1,-1
292,22,622.8,391.0,37.6,85.0,1,-1,-1,-1
292,24,863.8,211.4,25.2,58.9,1,-1,-1,-1
292,25,572.0,174.2,21.7,55.1,1,-1,-1,-1
292,29,726.9,185.3,22.6,34.8,1,-1,-1,-1
292,47,808.3,328.6,26.5,81.4,1,-1,-1,-1
292,53,309.7,138.8,14.9,30.2,1,-1,-1,-1
292,69,125.8,354.1,32.5,36.9,1,-1,-1,-1
292,72,368.8,107.4,16.5,36.6,1,-1,-1,-1
292,73,740.3,378.4,36.9,83.6,1,-1,-1,-1
292,90,106.0,256.5,31.1,67.6,1,-1,-1,-1
292,91,640.8,327.3,35.5,78.9,1,-1,-1,-1
292,96,161.2,333.4,70.6,50.0,1,-1,-1,-1
292,106,505.4,229.2,20.6,44.1,1,-1,-1,-1
292,110,768.0,203.2,24.8,58.2,1,-1,-1,-1
292,113,68.3,257.4,31.4,66.6,1,-1,-1,-1
292,114,1061.0,204.4,21.7,45.0,1,-1,-1,-1
292,120,331.7,600.3,47.4,39.5,1,-1,-1,-1
292,123,59.4,223.9,24.2,58.2,1,-1,-1,-1
292,127,216.7,450.3,55.2,61.3,1,-1,-1,-1
292,130,236.2,470.1,56.9,58.2,1,-1,-1,-1
292,134,255.0,115.6,13.7,24.7,1,-1,-1,-1
292,136,385.4,628.3,44.9,104.0,1,-1,-1,-1
292,139,106.1,112.8,17.5,36.9,1,-1,-1,-1
292,145,125.0,143.4,22.0,48.3,1,-1,-1,-1
292,147,607.0,333.3,32.7,77.3,1,-1,-1,-1
292,151,406.0,175.4,17.4,32.5,1,-1,-1,-1
292,153,495.1,240.1,21.1,47.3,1,-1,-1,-1
292,159,33.1,164.6,25.0,29.2,1,-1,-1,-1
292,160,53.0,63.6,17.0,23.4,1,-1,-1,-1
292,161,521.7,241.7,18.5,38.7,1,-1,-1,-1
292,163,531.8,247.1,17.6,36.9,1,-1,-1,-1
292,164,327.6,600.1,47.5,118.2,1,-1,-1,-1
292,165,1052.3,192.9,24.7,45.5,1,-1,-1,-1
292,166,111.3,304.7,58.7,48.1,1,-1,-1,-1
292,168,241.1,542.0,99.6,73.0,1,-1,-1,-1
292,169,1167.0,223.7,17.3,32.8,1,-1,-1,-1
293,2,182.3,404.6,50.6,59.4,1,-1,-1,-1
293,3,323.7,296.7,46.1,45.1,1,-1,-1,-1
293,5,854.2,436.2,41.0,93.9,1,-1,-1,-1
293,6,303.7,374.3,34.5,96.6,1,-1,-1,-1
293,7,372.4,399.0,34.1,96.3,1,-1,-1,-1
293,8,681.4,260.0,23.9,52.5,1,-1,-1,-1
293,12,272.9,255.1,21.7,50.9,1,-1,-1,-1
293,14,939.1,347.2,29.6,82.5,1,-1,-1,-1
293,15,707.2,258.9,27.3,52.9,1,-1,-1,-1
293,16,442.8,240.7,23.7,64.6,1,-1,-1,-1
293,17,899.4,293.1,32.3,39.0,1,-1,-1,-1
293,18,258.4,374.5,44.6,95.1,1,-1,-1,-1
293,21,597.1,437.5,39.8,104.7,1,-1,-1,-1
293,22,621.4,392.5,35.4,83.8,1,-1,-1,-1
293,24,865.5,212.8,25.3,57.4,1,-1,-1,-1
293,25,572.7,173.8,21.5,55.1,1,-1,-1,-1
293,29,728.4,186.7,22.6,35.1,1,-1,-1,-1
293,47,805.7,328.9,27.2,79.8,1,-1,-1,-1
293,53,311.7,138.2,15.1,30.9,1,-1,-1,-1
293,69,126.6,354.0,33.4,37.3,1,-1,-1,-1
293,72,370.5,107.5,16.3,37.0,1,-1,-1,-1
293,73,738.5,377.6,37.9,83.2,1,-1,-1,-1
293,90,107.2,256.0,31.9,67.6,1,-1,-1,-1
293,91,640.5,328.0,35.2,79.1,1,-1,-1,-1
293,96,161.9,332.8,71.7,50.6,1,-1,-1,-1
293,106,506.7,227.6,20.2,42.9,1,-1,-1,-1
293,110,768.6,203.4,24.9,58.4,1,-1,-1,-1
293,113,69.4,255.8,31.2,66.5,1,-1,-1,-1
293,114,1063.2,206.7,20.2,40.5,1,-1,-1,-1
293,123,60.9,224.1,25.2,60.2,1,-1,-1,-1
293,127,217.9,449.2,53.9,61.4,1,-1,-1,-1
293,130,233.3,465.7,58.2,63.8,1,-1,-1,-1
293,134,256.9,115.1,13.5,24.2,1,-1,-1,-1
293,136,383.4,624.7,45.8,104.3,1,-1,-1,-1
293,139,106.8,111.7,18.2,36.8,1,-1,-1,-1
293,145,128.5,142.1,20.4,46.7,1,-1,-1,-1
293,147,607.0,334.4,32.4,75.7,1,-1,-1,-1
293,151,410.5,174.3,16.8,32.4,1,-1,-1,-1
293,153,495.4,240.2,20.5,48.5,1,-1,-1,-1
293,157,1045.9,198.9,22.0,50.0,1,-1,-1,-1
293,159,36.2,165.1,26.8,29.6,1,-1,-1,-1
293,160,55.8,63.3,17.0,23.4,1,-1,-1,-1
293,161,522.1,241.3,18.9,38.3,1,-1,-1,-1
293,163,532.1,246.4,17.9,37.5,1,-1,-1,-1
293,164,347.2,566.8,43.6,118.8,1,-1,-1,-1
293,166,112.7,304.3,56.9,46.8,1,-1,-1,-1
293,168,240.6,541.2,99.8,72.3,1,-1,-1,-1
293,169,1168.8,223.1,18.0,32.8,1,-1,-1,-1
294,2,181.9,404.0,50.9,58.8,1,-1,-1,-1
294,3,325.3,296.5,45.2,44.9,1,-1,-1,-1
294,5,848.2,433.6,40.4,96.1,1,-1,-1,-1
294,6,304.6,374.0,33.9,96.5,1,-1,-1,-1
294,7,373.7,399.7,33.2,95.4,1,-1,-1,-1
294,8,681.9,259.9,24.1,52.5,1,-1,-1,-1
294,12,273.3,254.5,22.1,50.3,1,-1,-1,-1
294,14,936.9,346.7,30.7,82.6,1,-1,-1,-1
294,15,708.2,259.5,27.0,52.2,1,-1,-1,-1
294,16,441.8,239.3,25.0,63.7,1,-1,-1,-1
294,17,900.0,293.4,32.1,38.5,1,-1,-1,-1
294,18,262.3,377.6,41.0,89.9,1,-1,-1,-1
294,21,595.5,435.8,41.9,106.3,1,-1,-1,-1
294,22,618.5,391.6,36.0,82.9,1,-1,-1,-1
294,24,866.3,210.4,25.5,58.7,1,-1,-1,-1
294,25,572.9,174.3,21.4,55.2,1,-1,-1,-1
294,29,730.7,187.6,22.7,34.0,1,-1,-1,-1
294,47,800.3,329.2,30.6,79.3,1,-1,-1,-1
294,53,313.5,137.4,15.1,31.9,1,-1,-1,-1
294,69,128.4,353.8,33.7,38.9,1,-1,-1,-1
294,72,373.0,106.8,18.2,37.7,1,-1,-1,-1
294,73,737.1,379.0,40.5,81.5,1,-1,-1,-1
294,90,108.5,255.4,33.5,68.7,1,-1,-1,-1
294,91,641.6,331.1,33.2,77.1,1,-1,-1,-1
294,96,162.9,332.6,71.5,50.8,1,-1,-1,-1
294,106,508.6,226.9,19.3,41.5,1,-1,-1,-1
294,110,769.0,203.4,25.0,58.4,1,-1,-1,-1
294,113,71.1,255.2,30.1,66.3,1,-1,-1,-1
294,114,1065.1,207.9,18.7,37.9,1,-1,-1,-1
294,120,325.1,601.3,51.3,38.8,1,-1,-1,-1
294,123,61.9,223.2,25.2,60.2,1,-1,-1,-1
294,130,233.3,463.7,58.1,64.9,1,-1,-1,-1
294,136,381.2,623.5,47.0,103.4,1,-1,-1,-1
294,139,106.9,110.4,19.2,38.1,1,-1,-1,-1
294,145,131.8,142.0,20.1,46.4,1,-1,-1,-1
294,147,602.0,336.2,33.7,70.8,1,-1,-1,-1
294,151,413.2,173.3,15.8,32.6,1,-1,-1,-1
294,153,496.4,240.0,19.7,48.4,1,-1,-1,-1
294,157,1051.0,199.3,21.4,43.2,1,-1,-1,-1
294,159,36.7,164.3,26.9,29.0,1,-1,-1,-1
294,160,60.3,65.1,16.2,22.7,1,-1,-1,-1
294,161,522.1,240.5,19.3,38.4,1,-1,-1,-1
294,163,533.2,246.4,17.6,37.7,1,-1,-1,-1
294,166,112.9,304.1,57.3,44.3,1,-1,-1,-1
294,168,240.8,540.3,99.3,72.0,1,-1,-1,-1
294,169,1169.7,223.5,17.9,32.9,1,-1,-1,-1
294,170,305.4,621.6,55.5,121.3,1,-1,-1,-1
294,171,704.0,362.2,7.5,65.4,1,-1,-1,-1
295,2,181.7,401.4,51.4,58.1,1,-1,-1,-1
295,3,326.2,296.6,44.4,44.2,1,-1,-1,-1
295,5,845.0,432.2,41.4,96.4,1,-1,-1,-1
295,6,306.9,377.8,32.9,92.3,1,-1,-1,-1
295,7,369.6,396.4,35.0,98.1,1,-1,-1,-1
295,8,681.9,260.5,24.3,52.2,1,-1,-1,-1
295,12,273.4,254.1,22.3,49.6,1,-1,-1,-1
295,14,934.3,345.4,30.2,83.2,1,-1,-1,-1
295,15,708.9,259.8,26.2,51.9,1,-1,-1,-1
295,16,443.9,240.0,24.8,63.9,1,-1,-1,-1
295,17,900.8,293.9,33.1,38.4,1,-1,-1,-1
295,18,260.2,374.6,42.8,92.3,1,-1,-1,-1
295,21,594.9,433.8,42.7,107.5,1,-1,-1,-1
295,22,617.1,390.8,36.6,82.2,1,-1,-1,-1
295,24,867.1,209.9,25.6,59.4,1,-1,-1,-1
295,25,574.1,174.7,21.2,54.2,1,-1,-1,-1
295,29,731.7,186.4,23.6,34.2,1,-1,-1,-1
295,47,794.7,327.9,33.0,79.1,1,-1,-1,-1
295,53,316.1,138.2,14.2,30.4,1,-1,-1,-1
295,69,130.0,353.0,33.4,40.1,1,-1,-1,-1
295,72,374.3,107.0,19.9,36.9,1,-1,-1,-1
295,73,735.6,379.0,41.0,80.0,1,-1,-1,-1
295,90,110.3,255.1,34.7,67.2,1,-1,-1,-1
295,91,640.3,332.2,33.4,77.6,1,-1,-1,-1
295,96,169.2,334.7,64.7,49.1,1,-1,-1,-1
295,106,509.8,228.3,18.8,41.3,1,-1,-1,-1
295,110,770.1,203.2,24.4,57.7,1,-1,-1,-1
295,113,75.6,254.4,29.5,66.3,1,-1,-1,-1
295,114,1066.1,209.2,19.0,40.9,1,-1,-1,-1
295,120,326.9,600.7,46.6,39.3,1,-1,-1,-1
295,123,64.6,223.1,25.0,61.1,1,-1,-1,-1
295,130,234.3,462.9,57.2,62.5,1,-1,-1,-1
295,136,378.6,621.7,48.4,101.9,1,-1,-1,-1
295,139,107.8,109.8,19.2,36.9,1,-1,-1,-1
295,145,136.7,142.2,21.4,46.8,1,-1,-1,-1
295,147,596.9,339.4,36.3,70.0,1,-1,-1,-1
295,151,415.6,173.4,15.8,33.0,1,-1,-1,-1
295,153,496.8,239.9,19.5,49.1,1,-1,-1,-1
295,157,1048.6,203.0,22.0,46.7,1,-1,-1,-1
295,159,38.8,164.2,26.3,28.3,1,-1,-1,-1
295,160,64.1,66.1,15.6,22.4,1,-1,-1,-1
295,161,522.4,240.8,19.7,38.0,1,-1,-1,-1
295,163,534.9,246.7,17.0,37.2,1,-1,-1,-1
295,166,113.6,303.9,60.9,41.9,1,-1,-1,-1
295,168,241.0,523.6,72.4,68.8,1,-1,-1,-1
295,169,1170.2,223.3,19.4,37.1,1,-1,-1,-1
295,170,303.8,620.4,55.9,123.2,1,-1,-1,-1
295,171,704.0,361.8,7.6,65.7,1,-1,-1,-1
296,2,182.0,400.7,52.0,57.9,1,-1,-1,-1
296,3,327.2,296.2,44.2,43.7,1,-1,-1,-1
296,5,841.0,431.6,45.0,97.3,1,-1,-1,-1
296,6,305.5,375.4,31.9,94.0,1,-1,-1,-1
296,7,372.2,396.8,33.1,96.2,1,-1,-1,-1
296,8,685.8,262.7,24.2,50.2,1,-1,-1,-1
296,12,274.7,254.3,22.5,50.4,1,-1,-1,-1
296,14,931.5,344.6,29.5,82.3,1,-1,-1,-1
296,15,709.3,259.6,25.8,52.1,1,-1,-1,-1
296,16,443.9,239.2,25.4,63.4,1,-1,-1,-1
296,17,901.0,294.0,34.1,38.7,1,-1,-1,-1
296,18,262.8,377.2,40.5,89.4,1,-1,-1,-1
296,21,592.4,432.6,42.0,107.8,1,-1,-1,-1
296,22,617.9,394.1,34.2,82.5,1,-1,-1,-1
296,24,867.5,210.5,25.7,59.6,1,-1,-1,-1
296,25,576.0,175.1,21.3,53.8,1,-1,-1,-1
296,29,733.3,186.0,23.3,34.1,1,-1,-1,-1
296,47,792.3,327.6,34.7,78.3,1,-1,-1,-1
296,53,319.6,138.2,15.3,30.8,1,-1,-1,-1
296,69,129.6,351.2,32.7,38.1,1,-1,-1,-1
296,72,375.3,107.0,20.6,37.1,1,-1,-1,-1
296,73,734.6,378.8,39.1,79.7,1,-1,-1,-1
296,90,111.8,253.7,33.7,64.1,1,-1,-1,-1
296,91,639.7,331.1,33.6,76.8,1,-1,-1,-1
296,96,172.0,335.3,61.9,48.0,1,-1,-1,-1
296,106,510.7,228.7,18.6,42.4,1,-1,-1,-1
296,110,771.5,203.3,23.5,57.2,1,-1,-1,-1
296,113,76.6,254.5,29.3,66.6,1,-1,-1,-1
296,114,1066.9,209.7,19.4,41.5,1,-1,-1,-1
296,120,326.2,599.7,43.2,40.2,1,-1,-1,-1
296,123,65.4,223.3,25.1,62.0,1,-1,-1,-1
296,130,235.1,463.0,56.0,61.0,1,-1,-1,-1
296,136,376.5,618.7,49.1,102.1,1,-1,-1,-1
296,139,109.9,109.4,19.3,38.1,1,-1,-1,-1
296,145,140.5,141.0,20.8,46.7,1,-1,-1,-1
296,147,594.8,341.9,37.9,70.0,1,-1,-1,-1
296,151,417.2,173.9,15.6,32.7,1,-1,-1,-1
296,157,1048.7,203.3,23.3,50.0,1,-1,-1,-1
296,159,41.7,163.8,25.6,28.5,1,-1,-1,-1
296,160,66.3,66.2,15.2,22.2,1,-1,-1,-1
296,161,523.8,240.4,18.2,36.8,1,-1,-1,-1
296,163,533.8,247.1,19.1,36.6,1,-1,-1,-1
296,166,113.7,303.6,63.7,43.8,1,-1,-1,-1
296,168,231.0,500.6,59.6,66.8,1,-1,-1,-1
296,169,1172.2,222.4,19.2,35.0,1,-1,-1,-1
296,170,310.3,629.2,47.1,111.2,1,-1,-1,-1
296,171,704.0,361.2,7.7,64.9,1,-1,-1,-1
296,172,239.1,536.9,99.3,75.1,1,-1,-1,-1
297,2,179.0,398.1,51.7,60.7,1,-1,-1,-1
297,3,328.6,295.4,44.4,43.9,1,-1,-1,-1
297,5,836.7,432.3,43.2,96.7,1,-1,-1,-1
297,6,305.9,375.7,30.3,92.1,1,-1,-1,-1
297,7,373.0,397.8,32.0,94.6,1,-1,-1,-1
297,8,686.0,261.5,23.1,51.6,1,-1,-1,-1
297,12,275.5,253.7,22.5,50.5,1,-1,-1,-1
297,14,927.7,341.5,29.3,82.4,1,-1,-1,-1
297,15,709.6,259.1,27.0,52.9,1,-1,-1,-1
297,16,444.7,239.1,25.3,62.8,1,-1,-1,-1
297,17,901.0,293.4,34.4,39.0,1,-1,-1,-1
297,18,263.8,377.7,39.5,88.1,1,-1,-1,-1
297,21,590.4,430.9,41.3,109.7,1,-1,-1,-1
297,22,616.2,391.7,34.7,85.4,1,-1,-1,-1
297,24,868.5,210.7,25.9,60.1,1,-1,-1,-1
297,25,577.1,174.8,21.5,54.9,1,-1,-1,-1
297,29,733.7,185.9,23.1,34.5,1,-1,-1,-1
297,47,791.6,326.8,34.8,79.1,1,-1,-1,-1
297,53,321.5,137.5,15.9,31.5,1,-1,-1,-1
297,69,130.2,351.6,32.5,36.2,1,-1,-1,-1
297,72,376.9,106.5,20.0,36.7,1,-1,-1,-1
297,73,734.2,379.0,37.5,80.6,1,-1,-1,-1
297,90,113.8,253.6,32.1,63.4,1,-1,-1,-1
297,91,638.5,332.2,34.4,77.6,1,-1,-1,-1
297,96,172.6,334.9,61.9,47.0,1,-1,-1,-1
297,106,512.0,227.9,18.3,42.7,1,-1,-1,-1
297,110,774.2,203.1,22.9,55.8,1,-1,-1,-1
297,113,76.9,254.7,29.6,65.2,1,-1,-1,-1
297,114,1069.2,208.8,20.6,45.9,1,-1,-1,-1
297,120,319.9,600.7,48.1,39.4,1,-1,-1,-1
297,123,66.7,222.9,25.6,63.6,1,-1,-1,-1
297,130,240.3,467.4,52.5,58.3,1,-1,-1,-1
297,136,375.4,615.4,47.9,105.2,1,-1,-1,-1
297,139,113.0,109.3,19.3,38.7,1,-1,-1,-1
297,145,143.4,140.5,21.0,46.4,1,-1,-1,-1
297,147,591.3,343.9,41.1,69.6,1,-1,-1,-1
297,151,420.7,177.0,15.7,32.8,1,-1,-1,-1
297,153,501.5,253.8,17.1,34.2,1,-1,-1,-1
297,157,1051.0,203.4,22.7,52.1,1,-1,-1,-1
297,159,44.7,163.4,25.2,28.9,1,-1,-1,-1
297,160,71.2,66.0,15.0,22.7,1,-1,-1,-1
297,161,526.1,240.4,16.4,35.9,1,-1,-1,-1
297,163,534.4,247.5,19.5,36.1,1,-1,-1,-1
297,166,113.2,302.6,65.0,44.9,1,-1,-1,-1
297,169,1174.2,222.9,19.0,34.4,1,-1,-1,-1
297,170,302.9,622.0,50.8,119.0,1,-1,-1,-1
297,171,704.0,361.1,7.8,64.1,1,-1,-1,-1
297,172,237.1,536.8,101.9,74.3,1,-1,-1,-1
298,2,178.7,396.9,51.3,62.1,1,-1,-1,-1
298,3,330.1,295.2,44.4,43.9,1,-1,-1,-1
298,5,833.5,431.1,43.0,97.7,1,-1,-1,-1
298,6,305.1,373.3,30.7,95.4,1,-1,-1,-1
298,7,372.9,397.4,32.4,95.6,1,-1,-1,-1
298,8,686.3,260.9,25.0,51.2,1,-1,-1,-1
298,12,276.0,252.6,22.9,50.8,1,-1,-1,-1
298,14,924.2,340.8,29.8,83.0,1,-1,-1,-1
298,15,710.9,257.8,24.6,53.3,1,-1,-1,-1
298,16,445.3,239.2,25.5,62.8,1,-1,-1,-1
298,17,902.0,294.6,33.1,39.2,1,-1,-1,-1
298,18,263.9,377.5,39.5,87.7,1,-1,-1,-1
298,21,589.2,428.5,41.2,111.8,1,-1,-1,-1
298,22,617.7,391.9,33.7,81.0,1,-1,-1,-1
298,24,868.9,209.8,26.3,61.1,1,-1,-1,-1
298,25,577.6,174.3,22.0,55.9,1,-1,-1,-1
298,29,734.0,186.2,23.4,35.3,1,-1,-1,-1
298,47,789.7,326.6,32.2,79.5,1,-1,-1,-1
298,53,323.7,136.5,15.3,32.6,1,-1,-1,-1
298,69,131.1,350.9,32.5,36.3,1,-1,-1,-1
298,72,378.2,107.0,19.0,35.9,1,-1,-1,-1
298,73,734.1,377.7,35.9,81.9,1,-1,-1,-1
298,90,115.2,253.9,31.5,63.8,1,-1,-1,-1
298,91,637.2,331.6,34.6,76.4,1,-1,-1,-1
298,96,167.0,332.9,67.0,48.5,1,-1,-1,-1
298,106,512.7,226.9,18.2,41.4,1,-1,-1,-1
298,110,773.3,203.6,23.6,57.0,1,-1,-1,-1
298,113,77.1,253.1,30.1,66.3,1,-1,-1,-1
298,114,1070.4,208.2,21.9,47.5,1,-1,-1,-1
298,120,319.6,600.3,45.3,39.7,1,-1,-1,-1
298,123,68.3,221.5,26.9,62.0,1,-1,-1,-1
298,127,217.6,447.5,55.4,60.1,1,-1,-1,-1
298,130,241.3,467.4,51.0,58.8,1,-1,-1,-1
298,136,375.9,613.5,45.9,106.6,1,-1,-1,-1
298,139,116.0,111.0,19.1,38.6,1,-1,-1,-1
298,145,147.7,141.2,21.5,46.4,1,-1,-1,-1
298,147,585.5,345.8,41.6,69.7,1,-1,-1,-1
298,151,422.6,177.6,15.5,32.7,1,-1,-1,-1
298,153,502.6,254.0,16.0,32.4,1,-1,-1,-1
298,157,1052.5,201.7,22.8,53.5,1,-1,-1,-1
298,159,47.0,163.1,25.1,28.4,1,-1,-1,-1
298,160,74.1,65.5,15.2,22.8,1,-1,-1,-1
298,161,527.5,240.3,16.0,35.7,1,-1,-1,-1
298,163,535.8,247.6,18.6,35.9,1,-1,-1,-1
298,166,114.1,302.0,64.3,46.8,1,-1,-1,-1
298,169,1175.6,223.0,18.6,33.4,1,-1,-1,-1
298,170,299.6,619.1,53.5,119.2,1,-1,-1,-1
298,171,704.0,362.2,8.0,63.0,1,-1,-1,-1
298,172,236.8,536.2,102.0,74.1,1,-1,-1,-1
299,2,182.7,399.1,51.0,60.3,1,-1,-1,-1
299,3,331.1,294.9,45.8,43.8,1,-1,-1,-1
299,5,830.0,427.9,42.7,96.1,1,-1,-1,-1
299,6,307.0,374.4,32.7,92.4,1,-1,-1,-1
299,7,368.1,393.7,36.2,98.5,1,-1,-1,-1
299,8,687.0,260.3,24.0,52.6,1,-1,-1,-1
299,12,275.9,252.5,23.0,50.2,1,-1,-1,-1
299,14,924.6,342.4,28.1,82.2,1,-1,-1,-1
299,15,711.9,257.4,23.2,53.5,1,-1,-1,-1
299,16,448.1,241.1,24.5,61.3,1,-1,-1,-1
299,17,903.3,295.4,32.9,38.9,1,-1,-1,-1
299,18,264.0,376.9,39.5,87.7,1,-1,-1,-1
299,21,588.2,427.9,42.2,114.7,1,-1,-1,-1
299,22,616.8,389.8,35.0,83.1,1,-1,-1,-1
299,24,869.7,208.9,26.5,61.8,1,-1,-1,-1
299,25,578.9,173.1,22.4,55.8,1,-1,-1,-1
299,29,735.4,185.4,23.6,34.9,1,-1,-1,-1
299,47,788.2,326.6,30.4,78.3,1,-1,-1,-1
299,53,325.5,135.7,14.9,34.0,1,-1,-1,-1
299,69,132.7,350.3,31.8,35.9,1,-1,-1,-1
299,72,380.6,107.1,18.5,35.6,1,-1,-1,-1
299,73,733.4,377.2,35.1,81.9,1,-1,-1,-1
299,90,116.8,253.8,31.1,63.1,1,-1,-1,-1
299,91,637.6,332.8,34.5,76.4,1,-1,-1,-1
299,96,171.3,333.5,64.5,47.6,1,-1,-1,-1
299,106,514.5,227.7,18.0,38.6,1,-1,-1,-1
299,110,777.2,203.1,22.5,55.8,1,-1,-1,-1
299,113,79.1,253.7,31.0,66.6,1,-1,-1,-1
299,114,1070.8,208.1,22.2,47.4,1,-1,-1,-1
299,120,318.9,599.7,42.4,40.2,1,-1,-1,-1
299,123,70.8,221.6,27.7,61.8,1,-1,-1,-1
299,127,217.4,446.8,55.3,60.4,1,-1,-1,-1
299,130,242.2,466.5,50.3,57.4,1,-1,-1,-1
299,136,375.6,612.0,45.3,106.4,1,-1,-1,-1
299,139,118.7,109.4,19.0,39.3,1,-1,-1,-1
299,145,151.6,140.2,20.8,46.5,1,-1,-1,-1
299,147,582.9,347.9,39.8,69.0,1,-1,-1,-1
299,151,424.5,176.8,15.2,33.3,1,-1,-1,-1
299,153,508.8,253.9,12.5,30.6,1,-1,-1,-1
299,157,1055.2,202.1,22.1,49.6,1,-1,-1,-1
299,159,49.8,163.5,25.2,28.1,1,-1,-1,-1
299,160,76.3,65.6,15.3,23.0,1,-1,-1,-1
299,161,527.6,239.3,16.2,36.0,1,-1,-1,-1
299,163,536.2,247.5,19.3,35.9,1,-1,-1,-1
299,166,120.0,301.2,59.7,46.6,1,-1,-1,-1
299,169,1177.1,223.7,17.6,31.7,1,-1,-1,-1
299,170,298.0,619.1,54.4,117.6,1,-1,-1,-1
299,171,704.1,362.2,8.5,61.6,1,-1,-1,-1
299,172,236.2,535.7,101.3,73.7,1,-1,-1,-1
300,2,183.7,399.2,51.1,59.2,1,-1,-1,-1
300,3,331.4,294.9,46.9,43.8,1,-1,-1,-1
300,5,829.4,429.8,39.4,92.7,1,-1,-1,-1
300,6,306.5,374.6,32.5,91.5,1,-1,-1,-1
300,7,366.9,391.7,37.7,100.1,1,-1,-1,-1
300,8,687.9,260.3,23.5,53.0,1,-1,-1,-1
300,12,276.7,252.0,22.8,49.8,1,-1,-1,-1
300,14,919.9,340.5,30.4,82.9,1,-1,-1,-1
300,15,712.6,257.1,22.8,53.7,1,-1,-1,-1
300,16,449.6,241.6,24.2,60.9,1,-1,-1,-1
300,17,903.9,295.7,33.0,38.8,1,-1,-1,-1
300,18,264.1,376.1,39.4,87.8,1,-1,-1,-1
300,21,586.4,427.3,41.1,112.3,1,-1,-1,-1
300,22,615.4,388.9,36.6,84.7,1,-1,-1,-1
300,24,870.6,208.8,26.6,61.7,1,-1,-1,-1
300,25,580.0,172.8,23.4,54.6,1,-1,-1,-1
300,29,736.7,185.4,23.0,33.3,1,-1,-1,-1
300,47,789.7,326.2,28.7,76.9,1,-1,-1,-1
300,53,328.8,135.6,13.5,32.5,1,-1,-1,-1
300,69,133.6,350.1,31.5,35.7,1,-1,-1,-1
300,72,383.8,106.8,19.4,36.4,1,-1,-1,-1
300,73,728.3,376.5,35.8,81.7,1,-1,-1,-1
300,90,117.4,253.4,32.1,61.9,1,-1,-1,-1
300,91,635.9,332.3,35.1,75.8,1,-1,-1,-1
300,96,170.0,331.9,65.6,47.3,1,-1,-1,-1
300,106,515.5,228.6,18.7,39.8,1,-1,-1,-1
300,110,776.2,203.8,24.0,56.2,1,-1,-1,-1
300,113,80.4,252.9,31.0,65.9,1,-1,-1,-1
300,114,1070.7,207.2,22.7,48.0,1,-1,-1,-1
300,120,318.5,599.3,40.1,40.6,1,-1,-1,-1
300,123,72.7,221.0,26.6,58.7,1,-1,-1,-1
300,127,217.1,446.0,55.2,60.7,1,-1,-1,-1
300,130,240.5,465.8,50.6,57.2,1,-1,-1,-1
300,134,274.4,116.1,13.7,22.6,1,-1,-1,-1
300,136,375.1,607.4,44.6,104.7,1,-1,-1,-1
300,139,120.1,109.1,18.6,39.0,1,-1,-1,-1
300,145,155.7,139.5,20.7,45.9,1,-1,-1,-1
300,147,583.5,350.0,37.6,67.1,1,-1,-1,-1
300,151,426.2,174.7,15.4,35.0,1,-1,-1,-1
300,153,507.3,254.2,13.4,31.0,1,-1,-1,-1
300,157,1056.8,200.6,21.1,48.1,1,-1,-1,-1
300,159,52.1,162.9,24.9,28.6,1,-1,-1,-1
300,160,78.4,65.0,15.7,23.4,1,-1,-1,-1
300,161,526.0,239.8,18.8,36.7,1,-1,-1,-1
300,163,536.3,247.3,20.2,36.5,1,-1,-1,-1
300,166,122.2,300.7,57.4,46.2,1,-1,-1,-1
300,169,1179.8,225.7,17.9,30.6,1,-1,-1,-1
300,170,297.4,618.3,53.8,116.3,1,-1,-1,-1
300,171,704.0,363.1,8.6,59.4,1,-1,-1,-1
300,172,235.9,534.9,100.3,73.7,1,-1,-1,-1
301,2,183.5,398.8,51.2,59.3,1,-1,-1,-1
301,3,331.6,294.3,47.3,44.2,1,-1,-1,-1
301,5,827.8,431.2,37.3,88.7,1,-1,-1,-1
301,6,304.7,371.3,32.0,96.6,1,-1,-1,-1
301,7,366.8,391.3,38.4,101.0,1,-1,-1,-1
301,8,688.5,260.1,23.7,53.1,1,-1,-1,-1
301,12,277.0,251.4,23.4,50.1,1,-1,-1,-1
301,14,916.3,339.9,32.0,83.3,1,-1,-1,-1
301,15,712.9,257.3,23.0,53.5,1,-1,-1,-1
301,16,450.4,241.0,24.3,61.1,1,-1,-1,-1
301,17,904.5,295.7,33.1,39.2,1,-1,-1,-1
301,18,264.4,375.7,39.4,88.0,1,-1,-1,-1
301,21,585.9,424.2,43.8,108.7,1,-1,-1,-1
301,22,617.3,392.0,35.2,82.8,1,-1,-1,-1
301,24,871.0,209.4,26.9,61.2,1,-1,-1,-1
301,25,580.6,173.7,23.5,52.9,1,-1,-1,-1
301,29,740.3,186.7,20.4,33.4,1,-1,-1,-1
301,47,784.3,324.9,29.8,78.1,1,-1,-1,-1
301,53,331.8,135.5,15.0,32.6,1,-1,-1,-1
301,69,136.1,350.4,31.6,38.1,1,-1,-1,-1
301,72,385.3,106.7,20.3,36.7,1,-1,-1,-1
301,73,727.4,376.5,38.3,80.2,1,-1,-1,-1
301,90,119.4,253.7,32.8,61.9,1,-1,-1,-1
301,91,635.1,332.7,35.1,76.2,1,-1,-1,-1
301,96,170.3,330.2,66.2,48.1,1,-1,-1,-1
301,106,516.1,228.4,19.1,41.4,1,-1,-1,-1
301,110,776.1,204.0,24.8,56.7,1,-1,-1,-1
301,113,82.3,251.5,30.5,67.4,1,-1,-1,-1
301,114,1072.6,208.5,20.8,43.7,1,-1,-1,-1
301,120,317.9,597.6,39.2,42.2,1,-1,-1,-1
301,123,74.7,220.9,25.2,57.1,1,-1,-1,-1
301,127,216.0,445.2,55.5,60.8,1,-1,-1,-1
301,130,238.2,464.6,50.1,56.6,1,-1,-1,-1
301,134,275.7,115.9,13.7,22.5,1,-1,-1,-1
301,136,374.1,607.2,43.3,101.7,1,-1,-1,-1
301,139,123.4,109.4,18.6,39.6,1,-1,-1,-1
301,145,159.1,138.7,22.2,45.8,1,-1,-1,-1
301,147,584.7,352.2,36.7,65.1,1,-1,-1,-1
301,151,428.2,174.1,16.3,36.1,1,-1,-1,-1
301,153,510.7,254.3,11.3,30.5,1,-1,-1,-1
301,157,1057.9,203.2,20.8,49.7,1,-1,-1,-1
301,159,54.9,162.2,24.4,28.9,1,-1,-1,-1
301,160,82.7,65.7,15.4,23.3,1,-1,-1,-1
301,161,526.2,238.7,19.1,37.6,1,-1,-1,-1
301,163,537.6,246.8,20.5,36.3,1,-1,-1,-1
301,166,122.8,301.0,57.2,46.5,1,-1,-1,-1
301,169,1182.6,228.0,17.7,29.6,1,-1,-1,-1
301,170,297.0,618.7,53.0,114.8,1,-1,-1,-1
301,171,703.9,363.6,8.5,58.8,1,-1,-1,-1
301,172,235.4,534.1,99.2,74.4,1,-1,-1,-1
301,173,0.1,72.3,8.8,21.9,1,-1,-1,-1
302,2,183.5,398.4,50.7,59.0,1,-1,-1,-1
302,3,332.0,293.8,47.4,44.3,1,-1,-1,-1
302,5,821.6,422.9,38.3,91.2,1,-1,-1,-1
302,6,304.3,369.1,32.0,99.6,1,-1,-1,-1
302,7,366.2,391.3,39.1,100.9,1,-1,-1,-1
302,8,688.9,259.7,24.0,53.4,1,-1,-1,-1
302,12,277.7,251.4,23.4,49.9,1,-1,-1,-1
302,14,914.5,341.5,31.9,81.5,1,-1,-1,-1
302,15,713.0,257.5,23.4,53.4,1,-1,-1,-1
302,16,451.4,239.7,24.3,62.1,1,-1,-1,-1
302,17,905.3,295.0,32.8,39.6,1,-1,-1,-1
302,18,264.5,375.4,39.0,87.8,1,-1,-1,-1
302,21,584.3,421.2,44.0,108.4,1,-1,-1,-1
302,22,614.3,390.9,36.5,80.8,1,-1,-1,-1
302,24,872.0,210.7,26.8,60.0,1,-1,-1,-1
302,25,580.9,174.0,23.3,52.4,1,-1,-1,-1
302,29,740.9,186.6,22.3,34.2,1,-1,-1,-1
302,47,786.4,326.4,27.1,79.6,1,-1,-1,-1
302,53,333.6,135.8,16.0,33.2,1,-1,-1,-1
302,69,136.9,350.0,31.9,38.6,1,-1,-1,-1
302,72,386.9,105.9,19.7,36.3,1,-1,-1,-1
302,73,725.5,376.3,37.4,80.1,1,-1,-1,-1
302,90,120.9,253.3,33.7,61.6,1,-1,-1,-1
302,91,634.6,333.5,35.2,78.2,1,-1,-1,-1
302,96,171.0,329.5,66.5,48.9,1,-1,-1,-1
302,106,516.4,227.9,19.7,43.6,1,-1,-1,-1
302,110,776.4,203.7,25.5,57.4,1,-1,-1,-1
302,113,85.8,253.1,30.6,65.7,1,-1,-1,-1
302,114,1074.2,210.2,19.4,40.1,1,-1,-1,-1
302,120,314.3,595.0,43.4,44.7,1,-1,-1,-1
302,123,76.8,221.5,25.4,64.2,1,-1,-1,-1
302,127,215.5,444.4,55.1,60.4,1,-1,-1,-1
302,136,372.0,603.4,44.2,101.9,1,-1,-1,-1
302,139,127.0,110.6,18.1,38.9,1,-1,-1,-1
302,145,163.5,138.8,21.8,45.9,1,-1,-1,-1
302,147,585.3,354.2,36.8,62.5,1,-1,-1,-1
302,151,431.1,174.8,17.0,36.0,1,-1,-1,-1
302,153,508.7,253.1,13.3,31.9,1,-1,-1,-1
302,157,1059.2,203.6,20.9,52.3,1,-1,-1,-1
302,159,57.1,161.7,24.9,29.0,1,-1,-1,-1
302,160,85.5,65.6,15.8,23.0,1,-1,-1,-1
302,161,529.6,239.1,19.1,38.2,1,-1,-1,-1
302,163,541.4,246.8,18.8,35.7,1,-1,-1,-1
302,166,122.0,300.8,58.3,46.9,1,-1,-1,-1
302,170,295.7,617.6,53.5,116.4,1,-1,-1,-1
302,171,703.9,363.6,8.4,58.6,1,-1,-1,-1
302,172,234.3,532.6,99.2,75.4,1,-1,-1,-1
302,173,0.9,72.3,12.8,22.5,1,-1,-1,-1
303,2,183.9,397.9,50.8,59.1,1,-1,-1,-1
303,3,332.5,293.6,47.6,44.3,1,-1,-1,-1
303,5,819.5,426.5,41.1,87.6,1,-1,-1,-1
303,6,304.3,367.7,32.0,101.2,1,-1,-1,-1
303,7,365.8,391.2,39.2,100.1,1,-1,-1,-1
303,8,689.1,259.7,24.4,53.6,1,-1,-1,-1
303,12,278.7,250.8,23.0,49.3,1,-1,-1,-1
303,14,909.2,342.0,35.8,80.6,1,-1,-1,-1
303,15,713.2,257.5,23.9,53.5,1,-1,-1,-1
303,16,451.9,239.2,24.7,62.0,1,-1,-1,-1
303,17,905.7,295.4,32.9,39.9,1,-1,-1,-1
303,18,264.8,374.8,38.9,87.7,1,-1,-1,-1
303,21,586.8,426.9,41.9,100.3,1,-1,-1,-1
303,22,614.1,390.2,36.7,79.6,1,-1,-1,-1
303,24,873.8,210.9,27.2,60.2,1,-1,-1,-1
303,25,586.8,176.1,21.1,50.9,1,-1,-1,-1
303,29,743.4,186.9,20.4,33.7,1,-1,-1,-1
303,47,778.1,325.6,30.6,80.5,1,-1,-1,-1
303,53,335.7,135.6,15.7,32.8,1,-1,-1,-1
303,69,137.8,349.8,32.2,37.7,1,-1,-1,-1
303,72,388.5,105.8,19.0,36.2,1,-1,-1,-1
303,73,724.5,375.6,36.5,79.9,1,-1,-1,-1
303,90,121.7,252.8,33.4,63.6,1,-1,-1,-1
303,91,634.3,333.9,34.9,78.6,1,-1,-1,-1
303,96,172.2,329.2,66.4,48.8,1,-1,-1,-1
303,106,518.2,226.5,19.7,42.4,1,-1,-1,-1
303,110,777.6,203.3,25.3,57.7,1,-1,-1,-1
303,113,88.6,254.2,27.9,63.4,1,-1,-1,-1
303,114,1076.7,210.6,18.1,38.1,1,-1,-1,-1
303,120,312.6,595.0,45.2,45.1,1,-1,-1,-1
303,123,78.6,220.4,26.7,64.5,1,-1,-1,-1
303,127,215.3,443.9,55.0,59.7,1,-1,-1,-1
303,136,369.8,600.9,43.4,101.7,1,-1,-1,-1
303,139,130.5,111.0,17.1,37.5,1,-1,-1,-1
303,145,167.3,138.0,21.3,45.7,1,-1,-1,-1
303,147,585.5,355.9,37.3,59.8,1,-1,-1,-1
303,151,433.4,176.5,16.7,35.2,1,-1,-1,-1
303,153,508.2,242.3,16.0,41.5,1,-1,-1,-1
303,157,1059.4,204.4,20.9,52.0,1,-1,-1,-1
303,159,59.0,160.4,25.6,29.2,1,-1,-1,-1
303,160,87.4,65.3,16.1,23.0,1,-1,-1,-1
303,161,531.4,240.5,19.2,37.4,1,-1,-1,-1
303,163,543.0,246.9,17.7,35.6,1,-1,-1,-1
303,166,122.2,300.7,58.6,47.5,1,-1,-1,-1
303,170,290.8,617.5,56.5,117.4,1,-1,-1,-1
303,171,703.9,363.7,8.2,58.8,1,-1,-1,-1
303,172,233.2,531.6,98.8,75.4,1,-1,-1,-1
303,173,1.4,71.9,14.9,23.2,1,-1,-1,-1
304,2,184.1,397.2,50.9,59.3,1,-1,-1,-1
304,3,333.1,293.4,47.4,43.8,1,-1,-1,-1
304,5,815.9,421.8,42.1,91.5,1,-1,-1,-1
304,6,304.3,367.2,32.1,101.5,1,-1,-1,-1
304,7,365.1,391.2,39.4,99.7,1,-1,-1,-1
304,8,689.3,259.4,24.5,53.8,1,-1,-1,-1
304,12,279.4,250.2,23.2,49.8,1,-1,-1,-1
304,14,905.7,342.8,36.2,80.1,1,-1,-1,-1
304,15,713.5,257.5,24.4,53.5,1,-1,-1,-1
304,16,452.4,239.0,24.8,61.9,1,-1,-1,-1
304,17,906.8,295.3,32.2,40.4,1,-1,-1,-1
304,18,264.9,374.4,39.0,87.7,1,-1,-1,-1
304,21,585.1,422.8,44.2,101.3,1,-1,-1,-1
304,22,613.4,390.1,37.4,79.4,1,-1,-1,-1
304,24,875.0,210.6,27.3,60.4,1,-1,-1,-1
304,25,586.5,174.4,21.2,49.8,1,-1,-1,-1
304,29,744.0,186.4,21.8,34.2,1,-1,-1,-1
304,47,776.5,326.6,33.0,78.6,1,-1,-1,-1
304,53,338.4,135.5,14.6,31.3,1,-1,-1,-1
304,69,138.0,349.0,31.8,36.6,1,-1,-1,-1
304,72,389.9,106.6,18.6,35.6,1,-1,-1,-1
304,73,723.4,373.8,37.7,82.1,1,-1,-1,-1
304,90,123.3,252.0,32.4,64.7,1,-1,-1,-1
304,91,634.0,334.4,35.6,78.1,1,-1,-1,-1
304,96,173.5,328.8,65.7,48.6,1,-1,-1,-1
304,106,519.3,225.6,19.2,41.4,1,-1,-1,-1
304,110,778.7,203.5,25.7,58.9,1,-1,-1,-1
304,113,88.0,250.5,26.4,65.4,1,-1,-1,-1
304,114,1077.2,211.5,18.5,37.8,1,-1,-1,-1
304,120,311.3,595.0,46.8,46.1,1,-1,-1,-1
304,123,79.5,219.3,26.6,65.4,1,-1,-1,-1
304,127,215.1,443.3,54.9,59.3,1,-1,-1,-1
304,136,367.6,599.7,42.0,100.0,1,-1,-1,-1
304,139,132.0,109.0,17.6,36.8,1,-1,-1,-1
304,145,170.9,138.0,21.0,45.0,1,-1,-1,-1
304,147,585.9,356.5,37.6,55.9,1,-1,-1,-1
304,151,434.8,177.8,16.8,34.6,1,-1,-1,-1
304,153,508.4,238.8,16.9,45.9,1,-1,-1,-1
304,157,1060.3,204.6,22.5,52.9,1,-1,-1,-1
304,159,60.6,161.0,25.9,28.6,1,-1,-1,-1
304,160,90.4,61.4,16.1,24.8,1,-1,-1,-1
304,161,531.3,240.5,19.7,37.3,1,-1,-1,-1
304,163,543.4,246.7,17.1,35.8,1,-1,-1,-1
304,166,123.6,299.8,58.8,48.2,1,-1,-1,-1
304,170,288.6,614.5,55.9,119.6,1,-1,-1,-1
304,171,703.9,363.9,8.1,58.2,1,-1,-1,-1
304,172,232.5,531.0,98.5,75.5,1,-1,-1,-1
304,173,2.7,71.8,14.5,22.7,1,-1,-1,-1
305,2,182.1,394.0,52.1,60.2,1,-1,-1,-1
305,3,335.5,291.5,44.8,43.5,1,-1,-1,-1
305,5,808.3,419.8,43.7,91.5,1,-1,-1,-1
305,6,304.3,367.1,31.9,101.1,1,-1,-1,-1
305,7,365.2,389.2,39.1,99.0,1,-1,-1,-1
305,8,690.2,259.3,24.3,53.3,1,-1,-1,-1
305,12,284.0,249.5,22.1,49.7,1,-1,-1,-1
305,14,905.3,342.8,35.2,79.7,1,-1,-1,-1
305,15,713.9,257.1,24.8,54.5,1,-1,-1,-1
305,16,453.0,239.3,25.8,63.3,1,-1,-1,-1
305,17,906.9,294.8,32.2,41.2,1,-1,-1,-1
305,18,264.9,373.9,38.5,87.4,1,-1,-1,-1
305,21,584.4,420.5,44.8,101.4,1,-1,-1,-1
305,22,613.2,391.6,35.7,77.1,1,-1,-1,-1
305,24,876.5,210.5,26.9,60.2,1,-1,-1,-1
305,25,589.7,177.4,20.7,54.2,1,-1,-1,-1
305,29,745.2,186.0,22.1,34.8,1,-1,-1,-1
305,47,772.2,326.5,33.9,78.3,1,-1,-1,-1
305,53,341.3,135.7,13.8,30.3,1,-1,-1,-1
305,69,139.3,348.8,31.5,35.7,1,-1,-1,-1
305,72,392.2,106.5,18.0,35.6,1,-1,-1,-1
305,73,721.4,372.5,37.7,81.5,1,-1,-1,-1
305,90,125.1,251.6,31.2,64.9,1,-1,-1,-1
305,91,633.4,335.4,36.2,81.6,1,-1,-1,-1
305,96,173.2,328.4,67.2,48.3,1,-1,-1,-1
305,106,519.4,226.7,19.2,40.9,1,-1,-1,-1
305,110,780.4,203.7,24.9,59.2,1,-1,-1,-1
305,113,90.6,251.0,24.2,60.7,1,-1,-1,-1
305,114,1078.2,212.1,18.9,38.1,1,-1,-1,-1
305,123,83.3,217.4,24.3,58.9,1,-1,-1,-1
305,130,233.3,458.5,55.7,60.2,1,-1,-1,-1
305,136,365.2,599.8,41.4,96.6,1,-1,-1,-1
305,139,134.8,108.0,18.1,36.3,1,-1,-1,-1
305,145,174.9,138.6,21.4,44.4,1,-1,-1,-1
305,147,587.8,358.3,43.1,55.2,1,-1,-1,-1
305,151,436.8,176.8,16.3,34.5,1,-1,-1,-1
305,153,510.9,245.5,15.9,42.3,1,-1,-1,-1
305,157,1062.8,203.6,22.5,53.3,1,-1,-1,-1
305,159,62.5,160.9,26.4,28.8,1,-1,-1,-1
305,160,95.9,63.5,16.1,23.7,1,-1,-1,-1
305,161,530.5,239.7,19.7,37.4,1,-1,-1,-1
305,163,543.4,246.1,17.3,36.3,1,-1,-1,-1
305,166,125.8,298.5,60.2,48.5,1,-1,-1,-1
305,170,286.6,612.9,55.9,119.1,1,-1,-1,-1
305,171,704.0,363.9,8.1,58.8,1,-1,-1,-1
305,172,236.5,517.3,72.3,67.3,1,-1,-1,-1
305,173,5.2,71.4,16.1,22.0,1,-1,-1,-1
305,174,0.0,118.1,13.3,32.9,1,-1,-1,-1
306,2,181.8,393.0,52.6,60.7,1,-1,-1,-1
306,3,336.6,290.6,43.5,43.3,1,-1,-1,-1
306,5,803.0,419.4,45.5,93.5,1,-1,-1,-1
306,6,304.3,367.1,31.9,100.2,1,-1,-1,-1
306,7,364.5,388.7,39.2,98.7,1,-1,-1,-1
306,8,690.8,259.4,24.0,53.1,1,-1,-1,-1
306,12,285.5,249.0,22.2,49.6,1,-1,-1,-1
306,14,904.6,341.8,35.1,79.8,1,-1,-1,-1
306,15,714.7,256.6,24.7,55.7,1,-1,-1,-1
306,16,453.5,238.2,27.2,65.2,1,-1,-1,-1
306,17,907.1,294.6,32.5,41.4,1,-1,-1,-1
306,18,265.0,373.6,38.7,87.5,1,-1,-1,-1
306,21,584.8,419.5,43.8,101.4,1,-1,-1,-1
306,22,611.6,391.5,35.9,76.1,1,-1,-1,-1
306,24,876.8,210.3,27.0,60.3,1,-1,-1,-1
306,25,591.7,177.6,20.3,55.6,1,-1,-1,-1
306,29,745.9,186.0,23.0,34.8,1,-1,-1,-1
306,47,771.1,327.3,35.5,77.3,1,-1,-1,-1
306,53,342.6,135.1,15.4,31.5,1,-1,-1,-1
306,69,140.5,349.0,31.7,35.0,1,-1,-1,-1
306,72,393.9,106.6,17.5,35.8,1,-1,-1,-1
306,73,719.0,371.9,37.5,81.2,1,-1,-1,-1
306,90,125.9,250.9,31.1,65.2,1,-1,-1,-1
306,91,632.8,335.3,36.3,83.7,1,-1,-1,-1
306,96,172.9,327.7,69.4,48.2,1,-1,-1,-1
306,106,520.9,227.4,18.4,37.9,1,-1,-1,-1
306,110,781.4,204.6,24.2,59.1,1,-1,-1,-1
306,113,89.0,248.9,26.8,65.2,1,-1,-1,-1
306,114,1080.3,212.0,18.3,37.8,1,-1,-1,-1
306,123,86.5,211.6,23.3,56.3,1,-1,-1,-1
306,130,233.3,456.5,55.5,61.9,1,-1,-1,-1
306,136,362.1,599.2,42.8,96.1,1,-1,-1,-1
306,139,137.3,107.6,18.5,36.6,1,-1,-1,-1
306,145,177.7,138.9,20.8,43.2,1,-1,-1,-1
306,147,585.5,357.5,45.3,59.2,1,-1,-1,-1
306,151,438.9,175.6,16.6,34.7,1,-1,-1,-1
306,153,512.2,249.0,15.6,38.7,1,-1,-1,-1
306,157,1061.6,203.5,24.7,56.1,1,-1,-1,-1
306,159,65.5,160.9,26.0,28.1,1,-1,-1,-1
306,160,99.0,64.6,15.9,23.3,1,-1,-1,-1
306,161,531.7,238.8,19.2,38.4,1,-1,-1,-1
306,163,544.4,246.5,16.9,35.8,1,-1,-1,-1
306,166,126.7,297.8,60.9,48.7,1,-1,-1,-1
306,170,285.6,611.5,54.9,117.5,1,-1,-1,-1
306,171,704.1,364.0,8.2,58.8,1,-1,-1,-1
306,172,239.8,515.3,60.9,64.0,1,-1,-1,-1
306,173,6.9,71.1,16.9,22.5,1,-1,-1,-1
306,174,-0.0,116.3,14.4,35.3,1,-1,-1,-1
306,175,285.0,534.9,46.7,68.6,1,-1,-1,-1
307,2,181.9,392.6,52.7,60.4,1,-1,-1,-1
307,3,337.1,290.2,43.0,43.1,1,-1,-1,-1
307,5,797.0,418.8,46.4,93.5,1,-1,-1,-1
307,6,304.5,366.6,31.9,99.5,1,-1,-1,-1
307,7,364.6,388.5,38.7,98.6,1,-1,-1,-1
307,8,691.2,258.9,23.8,53.3,1,-1,-1,-1
307,12,287.4,247.8,21.2,49.0,1,-1,-1,-1
307,14,899.2,340.6,34.9,81.6,1,-1,-1,-1
307,15,715.3,256.0,24.3,56.2,1,-1,-1,-1
307,16,453.5,236.7,27.9,66.0,1,-1,-1,-1
307,17,907.3,294.3,33.5,42.2,1,-1,-1,-1
307,18,264.9,372.3,39.2,88.3,1,-1,-1,-1
307,21,585.6,417.6,43.4,103.9,1,-1,-1,-1
307,22,610.2,391.7,36.7,75.3,1,-1,-1,-1
307,24,876.4,210.5,27.7,60.0,1,-1,-1,-1
307,25,592.9,176.0,20.1,55.7,1,-1,-1,-1
307,29,745.8,185.8,23.5,35.1,1,-1,-1,-1
307,47,769.3,327.1,33.0,77.4,1,-1,-1,-1
307,53,344.1,134.6,16.3,32.8,1,-1,-1,-1
307,69,140.8,347.8,32.1,35.4,1,-1,-1,-1
307,72,396.8,106.8,16.6,35.6,1,-1,-1,-1
307,73,717.4,371.2,36.9,80.7,1,-1,-1,-1
307,90,126.9,250.4,30.5,65.9,1,-1,-1,-1
307,91,634.3,337.1,31.8,83.3,1,-1,-1,-1
307,96,180.4,329.0,65.6,46.9,1,-1,-1,-1
307,106,522.7,228.0,17.7,37.8,1,-1,-1,-1
307,110,781.5,205.1,23.9,58.3,1,-1,-1,-1
307,113,90.5,249.2,29.4,66.6,1,-1,-1,-1
307,114,1081.8,209.0,19.7,42.6,1,-1,-1,-1
307,130,233.5,454.8,55.8,63.9,1,-1,-1,-1
307,136,358.5,596.9,45.0,97.0,1,-1,-1,-1
307,139,140.6,106.8,18.2,36.8,1,-1,-1,-1
307,145,182.7,136.7,19.9,42.8,1,-1,-1,-1
307,147,587.0,356.5,47.2,57.4,1,-1,-1,-1
307,151,441.8,174.4,17.1,36.6,1,-1,-1,-1
307,153,512.5,250.4,15.2,35.9,1,-1,-1,-1
307,157,1065.1,203.4,23.4,52.9,1,-1,-1,-1
307,159,68.3,160.9,25.5,27.2,1,-1,-1,-1
307,160,103.4,65.0,15.3,23.3,1,-1,-1,-1
307,161,533.5,238.5,18.4,38.5,1,-1,-1,-1
307,163,544.7,246.3,17.8,36.0,1,-1,-1,-1
307,166,125.6,297.3,62.6,49.1,1,-1,-1,-1
307,170,285.2,609.8,54.5,117.9,1,-1,-1,-1
307,171,704.0,364.1,8.2,58.0,1,-1,-1,-1
307,172,241.8,516.1,57.8,63.3,1,-1,-1,-1
307,173,8.6,70.8,17.0,22.0,1,-1,-1,-1
307,174,-0.0,115.9,15.9,34.9,1,-1,-1,-1
307,175,285.3,534.5,46.0,68.1,1,-1,-1,-1
308,2,182.2,392.3,52.5,60.2,1,-1,-1,-1
308,3,337.6,289.7,42.6,42.8,1,-1,-1,-1
308,5,794.4,418.2,46.2,93.5,1,-1,-1,-1
308,6,304.4,366.6,32.2,99.1,1,-1,-1,-1
308,7,364.4,388.1,38.4,98.7,1,-1,-1,-1
308,8,691.2,258.6,24.0,53.4,1,-1,-1,-1
308,12,288.7,247.4,21.4,47.9,1,-1,-1,-1
308,14,896.9,339.9,33.5,82.2,1,-1,-1,-1
308,15,716.5,258.7,25.0,53.3,1,-1,-1,-1
308,16,455.3,236.1,26.5,65.8,1,-1,-1,-1
308,17,907.9,295.0,33.9,41.5,1,-1,-1,-1
308,18,264.9,371.3,39.3,88.8,1,-1,-1,-1
308,21,587.6,418.3,40.5,102.5,1,-1,-1,-1
308,22,608.4,391.4,37.1,75.4,1,-1,-1,-1
308,24,877.6,211.0,27.2,58.9,1,-1,-1,-1
308,25,593.8,172.1,20.6,52.1,1,-1,-1,-1
308,29,746.8,186.2,23.5,34.8,1,-1,-1,-1
308,47,768.0,327.3,31.0,77.3,1,-1,-1,-1
308,53,345.8,134.7,15.9,32.9,1,-1,-1,-1
308,69,141.4,347.1,32.4,35.8,1,-1,-1,-1
308,72,399.6,105.7,17.7,35.9,1,-1,-1,-1
308,73,715.9,370.3,36.7,81.8,1,-1,-1,-1
308,90,129.0,249.8,29.7,64.3,1,-1,-1,-1
308,91,635.2,337.2,29.2,81.7,1,-1,-1,-1
308,96,182.6,329.0,64.7,45.9,1,-1,-1,-1
308,106,523.5,227.9,17.9,38.9,1,-1,-1,-1
308,110,783.2,203.5,23.9,58.8,1,-1,-1,-1
308,113,96.3,250.9,28.7,65.0,1,-1,-1,-1
308,114,1081.9,207.4,20.3,45.5,1,-1,-1,-1
308,130,233.7,453.8,55.8,64.7,1,-1,-1,-1
308,136,354.8,594.0,46.3,98.3,1,-1,-1,-1
308,139,142.6,107.5,18.4,37.0,1,-1,-1,-1
308,145,187.2,137.3,21.0,42.9,1,-1,-1,-1
308,147,589.5,357.6,45.9,54.5,1,-1,-1,-1
308,151,443.7,173.9,16.9,37.1,1,-1,-1,-1
308,153,511.8,240.2,17.1,43.0,1,-1,-1,-1
308,157,1067.2,205.1,22.3,50.3,1,-1,-1,-1
308,159,71.0,160.1,24.7,27.4,1,-1,-1,-1
308,160,108.3,65.2,15.0,23.0,1,-1,-1,-1
308,161,534.7,238.4,18.2,38.2,1,-1,-1,-1
308,163,544.5,245.8,19.0,36.8,1,-1,-1,-1
308,166,125.3,296.4,64.0,49.3,1,-1,-1,-1
308,167,89.5,217.7,23.6,58.1,1,-1,-1,-1
308,170,289.5,619.5,47.4,110.6,1,-1,-1,-1
308,171,704.0,364.0,8.4,57.6,1,-1,-1,-1
308,172,241.8,516.5,58.2,63.5,1,-1,-1,-1
308,173,12.1,70.9,16.2,21.8,1,-1,-1,-1
308,174,-0.1,115.6,16.9,34.9,1,-1,-1,-1
308,175,269.6,535.7,59.6,65.9,1,-1,-1,-1
309,2,182.3,392.0,52.2,60.0,1,-1,-1,-1
309,3,338.6,289.7,41.9,42.9,1,-1,-1,-1
309,5,792.3,415.8,42.3,90.6,1,-1,-1,-1
309,6,304.8,366.4,31.9,98.9,1,-1,-1,-1
309,7,363.8,389.6,39.0,98.4,1,-1,-1,-1
309,8,692.2,258.9,23.7,53.1,1,-1,-1,-1
309,12,291.0,247.4,21.3,47.6,1,-1,-1,-1
309,14,897.3,340.8,31.3,80.3,1,-1,-1,-1
309,15,718.0,259.2,25.7,51.9,1,-1,-1,-1
309,16,456.8,235.7,25.6,64.7,1,-1,-1,-1
309,17,909.1,294.8,33.7,41.3,1,-1,-1,-1
309,18,265.0,370.7,39.4,88.8,1,-1,-1,-1
309,21,587.9,418.4,40.8,103.5,1,-1,-1,-1
309,22,604.4,390.9,36.8,77.3,1,-1,-1,-1
309,24,879.8,211.9,26.7,58.9,1,-1,-1,-1
309,25,594.3,172.8,21.0,51.1,1,-1,-1,-1
309,29,747.6,187.4,24.2,35.1,1,-1,-1,-1
309,47,766.6,326.2,30.3,78.5,1,-1,-1,-1
309,53,346.9,134.0,15.9,33.0,1,-1,-1,-1
309,69,143.5,346.1,32.2,37.7,1,-1,-1,-1
309,72,401.2,105.7,17.9,35.6,1,-1,-1,-1
309,73,715.2,370.0,36.5,81.7,1,-1,-1,-1
309,90,130.1,249.1,29.5,63.4,1,-1,-1,-1
309,91,635.3,338.1,28.0,78.9,1,-1,-1,-1
309,96,182.7,329.7,64.3,45.1,1,-1,-1,-1
309,106,524.0,226.8,18.5,38.7,1,-1,-1,-1
309,110,784.4,203.3,23.9,58.3,1,-1,-1,-1
309,113,95.4,244.7,29.6,68.8,1,-1,-1,-1
309,114,1083.2,210.4,19.9,42.6,1,-1,-1,-1
309,130,233.3,453.3,55.9,64.7,1,-1,-1,-1
309,136,352.8,595.9,46.0,94.9,1,-1,-1,-1
309,139,145.0,107.3,18.5,37.4,1,-1,-1,-1
309,145,190.6,136.4,21.1,44.5,1,-1,-1,-1
309,147,584.1,358.0,47.2,58.2,1,-1,-1,-1
309,151,444.7,173.9,16.5,38.4,1,-1,-1,-1
309,153,513.1,246.7,16.4,38.3,1,-1,-1,-1
309,157,1068.8,204.5,21.7,51.4,1,-1,-1,-1
309,159,73.1,159.7,24.8,27.7,1,-1,-1,-1
309,160,111.0,64.0,15.3,23.8,1,-1,-1,-1
309,161,535.1,238.5,19.5,38.3,1,-1,-1,-1
309,163,546.0,245.4,18.8,37.0,1,-1,-1,-1
309,166,125.9,295.9,64.8,49.0,1,-1,-1,-1
309,167,95.2,216.9,21.7,54.3,1,-1,-1,-1
309,170,282.7,612.5,52.4,115.7,1,-1,-1,-1
309,171,704.1,365.2,8.6,57.6,1,-1,-1,-1
309,172,240.5,515.6,59.7,64.3,1,-1,-1,-1
309,173,15.1,71.0,16.8,21.4,1,-1,-1,-1
309,174,-0.2,115.6,17.2,34.1,1,-1,-1,-1
309,175,283.0,534.9,47.8,64.0,1,-1,-1,-1
310,2,182.6,390.7,51.6,60.4,1,-1,-1,-1
310,3,339.6,290.3,42.5,42.9,1,-1,-1,-1
310,5,790.2,418.6,41.4,84.4,1,-1,-1,-1
310,6,304.9,366.4,31.8,98.6,1,-1,-1,-1
310,7,362.9,389.5,39.9,97.9,1,-1,-1,-1
310,8,692.6,258.6,23.6,53.0,1,-1,-1,-1
310,12,292.2,247.4,21.5,47.4,1,-1,-1,-1
310,14,896.5,341.1,29.9,79.6,1,-1,-1,-1
310,15,718.9,259.4,26.2,51.6,1,-1,-1,-1
310,16,457.7,235.5,25.4,64.3,1,-1,-1,-1
310,17,909.4,295.6,34.4,40.2,1,-1,-1,-1
310,18,265.3,370.2,38.9,88.4,1,-1,-1,-1
310,21,588.8,419.5,40.1,104.0,1,-1,-1,-1
310,22,601.3,390.1,38.6,80.6,1,-1,-1,-1
310,24,880.9,211.9,26.7,58.9,1,-1,-1,-1
310,25,595.0,173.6,20.8,51.9,1,-1,-1,-1
310,29,750.2,187.7,24.3,34.8,1,-1,-1,-1
310,47,765.2,325.4,30.1,79.5,1,-1,-1,-1
310,53,348.6,133.8,16.0,33.3,1,-1,-1,-1
310,69,144.6,344.8,32.2,39.1,1,-1,-1,-1
310,72,403.3,106.0,17.8,35.9,1,-1,-1,-1
310,73,714.8,369.5,36.2,81.6,1,-1,-1,-1
310,90,131.4,248.9,31.0,64.0,1,-1,-1,-1
310,91,635.1,338.5,27.5,78.5,1,-1,-1,-1
310,96,182.5,329.9,63.8,44.1,1,-1,-1,-1
310,106,524.4,227.0,19.1,38.8,1,-1,-1,-1
310,110,785.5,203.1,24.4,58.1,1,-1,-1,-1
310,113,95.9,243.0,28.8,70.2,1,-1,-1,-1
310,114,1084.8,211.9,19.0,40.2,1,-1,-1,-1
310,130,232.8,453.1,55.5,63.5,1,-1,-1,-1
310,136,353.3,599.8,43.5,88.4,1,-1,-1,-1
310,139,147.9,108.3,18.5,38.1,1,-1,-1,-1
310,145,193.0,134.8,20.6,44.0,1,-1,-1,-1
310,147,584.7,357.9,49.9,59.5,1,-1,-1,-1
310,151,447.9,176.8,15.7,37.8,1,-1,-1,-1
310,153,513.1,240.1,17.4,42.7,1,-1,-1,-1
310,157,1069.6,204.9,21.1,50.8,1,-1,-1,-1
310,159,75.9,159.7,24.5,27.9,1,-1,-1,-1
310,160,114.6,62.4,14.6,23.9,1,-1,-1,-1
310,161,535.7,239.0,19.5,38.7,1,-1,-1,-1
310,163,547.1,245.8,18.4,36.9,1,-1,-1,-1
310,166,126.6,295.8,64.8,48.7,1,-1,-1,-1
310,170,278.8,609.0,53.7,117.7,1,-1,-1,-1
310,171,704.0,364.7,8.8,58.0,1,-1,-1,-1
310,172,239.3,514.1,60.8,64.8,1,-1,-1,-1
310,173,18.3,71.2,16.8,21.3,1,-1,-1,-1
310,174,0.8,115.1,19.2,34.1,1,-1,-1,-1
310,175,288.6,534.4,41.0,62.3,1,-1,-1,-1
311,2,182.6,388.6,51.4,61.2,1,-1,-1,-1
311,3,340.3,290.2,43.2,42.5,1,-1,-1,-1
311,5,784.1,413.5,39.2,88.7,1,-1,-1,-1
311,6,304.9,365.8,31.3,98.1,1,-1,-1,-1
311,7,362.4,389.3,40.3,97.1,1,-1,-1,-1
311,8,696.4,261.1,22.9,50.6,1,-1,-1,-1
311,12,293.3,246.9,22.0,47.8,1,-1,-1,-1
311,14,894.9,341.4,28.7,80.1,1,-1,-1,-1
311,15,718.4,258.9,27.5,51.8,1,-1,-1,-1
311,16,459.0,236.0,25.2,63.1,1,-1,-1,-1
311,17,909.4,294.9,34.9,40.5,1,-1,-1,-1
311,18,265.5,369.4,38.6,87.7,1,-1,-1,-1
311,22,600.5,387.5,38.3,80.1,1,-1,-1,-1
311,24,882.3,211.7,26.1,58.6,1,-1,-1,-1
311,25,597.8,175.5,20.2,51.3,1,-1,-1,-1
311,29,751.1,188.0,24.5,34.1,1,-1,-1,-1
311,47,763.4,324.8,30.9,79.6,1,-1,-1,-1
311,53,350.5,134.4,14.3,31.7,1,-1,-1,-1
311,69,145.4,344.4,31.9,38.8,1,-1,-1,-1
311,72,406.2,106.1,17.4,35.8,1,-1,-1,-1
311,73,714.3,369.1,36.0,82.1,1,-1,-1,-1
311,90,132.6,248.8,31.8,64.8,1,-1,-1,-1
311,91,633.8,338.7,28.1,78.5,1,-1,-1,-1
311,96,178.9,325.6,68.4,47.4,1,-1,-1,-1
311,106,524.9,226.7,19.5,40.6,1,-1,-1,-1
311,110,785.9,203.1,25.5,59.1,1,-1,-1,-1
311,113,96.5,243.3,28.3,70.2,1,-1,-1,-1
311,114,1086.5,212.1,18.5,38.5,1,-1,-1,-1
311,130,233.1,452.9,54.9,62.0,1,-1,-1,-1
311,136,350.7,598.5,43.7,87.2,1,-1,-1,-1
311,139,150.4,108.5,18.7,38.4,1,-1,-1,-1
311,145,196.9,134.5,21.9,44.4,1,-1,-1,-1
311,147,583.9,358.0,44.7,59.4,1,-1,-1,-1
311,151,449.3,177.3,15.7,37.1,1,-1,-1,-1
311,153,514.6,247.9,16.4,37.6,1,-1,-1,-1
311,157,1073.4,203.3,21.5,43.1,1,-1,-1,-1
311,159,77.6,159.6,24.0,27.8,1,-1,-1,-1
311,160,119.3,63.9,14.9,22.8,1,-1,-1,-1
311,161,537.0,238.4,19.1,37.9,1,-1,-1,-1
311,163,546.8,245.8,18.9,36.7,1,-1,-1,-1
311,166,127.7,295.5,63.9,48.0,1,-1,-1,-1
311,170,276.4,608.0,54.2,117.2,1,-1,-1,-1
311,171,703.9,363.5,8.8,56.6,1,-1,-1,-1
311,172,237.4,512.1,62.4,64.1,1,-1,-1,-1
311,173,19.4,70.0,17.0,23.3,1,-1,-1,-1
311,174,2.1,115.7,19.9,33.6,1,-1,-1,-1
311,175,289.5,533.7,38.5,62.7,1,-1,-1,-1
311,176,297.2,116.1,12.9,19.2,1,-1,-1,-1
312,2,184.0,389.6,50.8,59.9,1,-1,-1,-1
312,3,341.8,289.8,43.3,42.9,1,-1,-1,-1
312,5,780.5,411.8,39.1,90.6,1,-1,-1,-1
312,6,305.1,365.2,30.9,97.4,1,-1,-1,-1
312,7,363.0,387.3,39.6,97.2,1,-1,-1,-1
312,8,698.0,262.0,23.0,50.3,1,-1,-1,-1
312,12,295.5,246.7,21.5,47.8,1,-1,-1,-1
312,14,891.9,340.4,28.8,81.0,1,-1,-1,-1
312,15,718.1,258.1,27.5,52.3,1,-1,-1,-1
312,16,459.8,235.7,25.2,62.3,1,-1,-1,-1
312,17,910.0,295.0,35.0,39.8,1,-1,-1,-1
312,18,265.7,368.9,39.1,87.9,1,-1,-1,-1
312,21,590.8,420.1,41.7,100.7,1,-1,-1,-1
312,22,600.0,383.4,38.5,80.8,1,-1,-1,-1
312,24,883.9,213.3,25.7,57.7,1,-1,-1,-1
312,25,600.0,176.7,19.7,52.7,1,-1,-1,-1
312,29,752.5,187.5,24.2,33.6,1,-1,-1,-1
312,47,761.5,326.8,32.0,77.9,1,-1,-1,-1
312,53,352.4,133.9,15.7,32.0,1,-1,-1,-1
312,69,146.9,343.2,31.5,38.9,1,-1,-1,-1
312,72,408.3,105.5,17.9,36.0,1,-1,-1,-1
312,73,715.6,370.6,34.5,81.6,1,-1,-1,-1
312,90,134.2,248.1,31.6,63.5,1,-1,-1,-1
312,91,632.4,338.5,28.8,78.6,1,-1,-1,-1
312,96,177.8,323.3,69.9,49.1,1,-1,-1,-1
312,106,526.4,226.2,18.8,42.3,1,-1,-1,-1
312,110,788.0,203.2,24.8,58.9,1,-1,-1,-1
312,113,98.6,245.0,26.9,68.5,1,-1,-1,-1
312,114,1088.6,212.6,18.3,37.8,1,-1,-1,-1
312,130,233.2,452.4,54.5,61.1,1,-1,-1,-1
312,136,345.7,590.4,45.0,92.8,1,-1,-1,-1
312,139,152.9,107.7,18.5,38.9,1,-1,-1,-1
312,145,199.4,133.3,21.2,44.2,1,-1,-1,-1
312,147,584.3,355.6,42.4,58.9,1,-1,-1,-1
312,151,452.6,178.8,16.1,36.0,1,-1,-1,-1
312,153,516.0,251.2,15.6,33.9,1,-1,-1,-1
312,157,1073.6,205.0,18.6,38.6,1,-1,-1,-1
312,159,80.0,159.2,24.6,27.3,1,-1,-1,-1
312,160,122.7,63.3,15.1,22.4,1,-1,-1,-1
312,161,537.9,237.9,18.8,37.6,1,-1,-1,-1
312,163,549.6,245.7,17.7,36.6,1,-1,-1,-1
312,166,129.7,295.3,62.5,47.3,1,-1,-1,-1
312,170,275.7,606.6,54.5,116.8,1,-1,-1,-1
312,171,703.9,362.9,8.6,56.0,1,-1,-1,-1
312,172,236.9,512.2,62.5,63.1,1,-1,-1,-1
312,173,22.1,69.0,16.2,22.7,1,-1,-1,-1
312,174,3.7,115.9,19.2,32.9,1,-1,-1,-1
312,175,287.6,532.7,39.0,68.0,1,-1,-1,-1
312,176,299.6,116.0,14.6,19.4,1,-1,-1,-1
312,177,91.2,217.0,28.3,65.5,1,-1,-1,-1
313,2,184.8,388.1,50.3,59.5,1,-1,-1,-1
313,3,343.0,289.5,44.8,42.9,1,-1,-1,-1
313,5,779.2,410.6,39.6,90.0,1,-1,-1,-1
313,6,305.4,364.3,30.6,96.8,1,-1,-1,-1
313,7,364.4,386.8,38.0,96.8,1,-1,-1,-1
313,8,697.4,261.0,24.3,50.4,1,-1,-1,-1
313,12,297.0,245.8,22.3,48.6,1,-1,-1,-1
313,14,885.4,338.9,32.4,82.6,1,-1,-1,-1
313,15,719.3,257.6,27.3,52.6,1,-1,-1,-1
313,16,460.8,235.7,25.0,62.0,1,-1,-1,-1
313,17,910.6,295.5,33.8,38.8,1,-1,-1,-1
313,18,265.9,368.5,38.7,87.3,1,-1,-1,-1
313,21,591.6,418.5,41.0,101.2,1,-1,-1,-1
313,24,884.9,213.6,25.7,56.7,1,-1,-1,-1
313,25,598.8,173.8,20.5,55.3,1,-1,-1,-1
313,29,754.8,187.5,24.0,33.5,1,-1,-1,-1
313,47,757.2,326.6,34.7,77.3,1,-1,-1,-1
313,53,353.7,133.7,16.3,32.5,1,-1,-1,-1
313,69,147.6,341.4,31.4,39.6,1,-1,-1,-1
313,72,410.0,105.0,18.9,36.7,1,-1,-1,-1
313,73,715.5,369.9,33.5,79.5,1,-1,-1,-1
313,90,135.8,247.8,30.8,62.5,1,-1,-1,-1
313,91,631.3,338.1,28.9,77.7,1,-1,-1,-1
313,96,178.6,322.0,70.6,50.1,1,-1,-1,-1
313,106,528.2,227.1,18.1,43.8,1,-1,-1,-1
313,110,788.2,203.2,25.7,59.6,1,-1,-1,-1
313,113,99.5,245.8,26.1,66.1,1,-1,-1,-1
313,114,1090.3,213.1,18.4,37.9,1,-1,-1,-1
313,127,217.8,436.9,53.7,59.6,1,-1,-1,-1
313,136,342.8,587.2,44.3,95.6,1,-1,-1,-1
313,139,155.2,107.0,18.7,39.0,1,-1,-1,-1
313,145,204.2,134.5,20.6,44.0,1,-1,-1,-1
313,147,582.8,352.6,41.9,61.6,1,-1,-1,-1
313,151,454.9,179.3,15.8,34.4,1,-1,-1,-1
313,153,517.0,251.2,15.6,32.5,1,-1,-1,-1
313,157,1074.1,206.7,20.2,46.5,1,-1,-1,-1
313,159,82.2,158.4,25.5,27.8,1,-1,-1,-1
313,160,128.7,64.7,15.1,22.2,1,-1,-1,-1
313,161,538.1,237.6,19.6,37.2,1,-1,-1,-1
313,163,550.6,245.4,18.0,36.8,1,-1,-1,-1
313,166,133.9,294.7,57.7,44.0,1,-1,-1,-1
313,170,274.7,606.6,54.7,116.9,1,-1,-1,-1
313,171,704.0,364.0,8.6,54.9,1,-1,-1,-1
313,172,236.6,511.7,62.4,63.1,1,-1,-1,-1
313,173,25.4,68.5,15.4,23.4,1,-1,-1,-1
313,174,7.4,116.1,19.3,32.6,1,-1,-1,-1
313,175,287.3,530.4,38.3,68.5,1,-1,-1,-1
313,176,301.2,116.1,14.1,19.7,1,-1,-1,-1
313,177,98.9,216.7,19.8,47.1,1,-1,-1,-1
314,2,185.7,387.4,49.5,59.5,1,-1,-1,-1
314,3,343.6,289.7,45.7,42.1,1,-1,-1,-1
314,5,778.1,414.2,40.4,87.5,1,-1,-1,-1
314,6,307.3,367.3,31.0,92.4,1,-1,-1,-1
314,7,365.1,386.7,37.3,96.5,1,-1,-1,-1
314,8,696.9,259.4,25.5,51.5,1,-1,-1,-1
314,12,299.2,245.6,21.9,48.9,1,-1,-1,-1
314,14,883.5,340.4,34.2,81.3,1,-1,-1,-1
314,15,721.1,258.0,24.1,53.0,1,-1,-1,-1
314,16,461.7,235.5,24.5,61.7,1,-1,-1,-1
314,17,911.9,295.4,34.6,39.6,1,-1,-1,-1
314,18,266.2,367.6,39.3,87.4,1,-1,-1,-1
314,21,594.9,416.9,39.5,103.2,1,-1,-1,-1
314,24,885.7,213.9,27.0,56.6,1,-1,-1,-1
314,25,602.2,173.5,20.3,54.4,1,-1,-1,-1
314,29,756.5,187.4,23.6,33.4,1,-1,-1,-1
314,47,755.7,326.4,35.6,76.7,1,-1,-1,-1
314,53,355.5,132.9,16.0,32.2,1,-1,-1,-1
314,69,148.0,341.3,31.8,38.1,1,-1,-1,-1
314,72,412.4,105.2,18.2,36.2,1,-1,-1,-1
314,73,714.9,369.2,33.6,78.1,1,-1,-1,-1
314,90,137.1,247.6,30.1,63.2,1,-1,-1,-1
314,91,629.2,338.1,30.4,76.9,1,-1,-1,-1
314,96,180.4,321.5,68.2,49.2,1,-1,-1,-1
314,106,529.0,226.4,19.3,44.9,1,-1,-1,-1
314,110,788.8,203.1,25.2,58.0,1,-1,-1,-1
314,113,102.5,245.4,28.8,66.4,1,-1,-1,-1
314,114,1092.1,212.8,18.3,38.2,1,-1,-1,-1
314,127,217.5,435.9,52.7,59.3,1,-1,-1,-1
314,136,342.0,585.0,42.9,97.8,1,-1,-1,-1
314,139,157.3,104.8,18.6,38.1,1,-1,-1,-1
314,145,208.0,134.2,21.3,44.7,1,-1,-1,-1
314,147,583.4,350.6,39.9,63.8,1,-1,-1,-1
314,151,456.7,179.0,15.6,33.9,1,-1,-1,-1
314,153,517.2,239.9,17.4,41.7,1,-1,-1,-1
314,157,1073.9,207.1,21.8,50.0,1,-1,-1,-1
314,159,85.9,158.9,25.5,27.6,1,-1,-1,-1
314,160,132.7,65.0,15.2,22.5,1,-1,-1,-1
314,161,541.6,238.1,18.8,37.6,1,-1,-1,-1
314,163,553.5,244.3,17.4,36.1,1,-1,-1,-1
314,166,135.0,293.7,59.1,42.7,1,-1,-1,-1
314,170,274.2,606.3,53.9,116.1,1,-1,-1,-1
314,171,704.1,364.4,9.0,53.9,1,-1,-1,-1
314,172,236.5,510.7,62.0,62.2,1,-1,-1,-1
314,173,28.9,68.6,15.9,23.5,1,-1,-1,-1
314,174,9.5,112.9,20.6,33.5,1,-1,-1,-1
314,175,287.5,528.7,38.3,69.3,1,-1,-1,-1
314,176,303.5,109.4,13.1,24.8,1,-1,-1,-1
314,177,107.1,206.4,12.3,30.3,1,-1,-1,-1
314,179,0.1,365.7,19.5,46.2,1,-1,-1,-1
315,2,186.8,386.9,48.9,59.3,1,-1,-1,-1
315,3,344.2,289.2,46.2,41.9,1,-1,-1,-1
315,5,773.3,409.9,40.3,90.8,1,-1,-1,-1
315,6,307.5,366.5,32.1,90.8,1,-1,-1,-1
315,7,365.7,386.5,36.9,96.4,1,-1,-1,-1
315,8,696.7,258.6,26.2,52.1,1,-1,-1,-1
315,12,299.1,244.5,22.1,47.6,1,-1,-1,-1
315,14,881.5,339.5,34.7,81.1,1,-1,-1,-1
315,15,723.2,258.5,21.8,52.8,1,-1,-1,-1
315,16,463.4,234.7,24.3,63.1,1,-1,-1,-1
315,17,913.0,296.0,34.2,39.7,1,-1,-1,-1
315,18,266.6,367.5,39.8,87.3,1,-1,-1,-1
315,21,597.1,415.2,38.5,103.6,1,-1,-1,-1
315,24,888.3,211.6,26.4,58.8,1,-1,-1,-1
315,25,603.0,172.9,20.5,52.7,1,-1,-1,-1
315,29,757.0,186.9,23.7,33.7,1,-1,-1,-1
315,47,755.5,326.1,35.0,76.7,1,-1,-1,-1
315,53,357.4,133.1,15.6,33.1,1,-1,-1,-1
315,69,149.5,341.2,32.2,37.0,1,-1,-1,-1
315,72,414.6,103.7,18.7,37.1,1,-1,-1,-1
315,73,711.8,366.8,36.0,79.7,1,-1,-1,-1
315,90,139.9,247.2,29.0,64.0,1,-1,-1,-1
315,91,627.5,338.0,32.2,76.4,1,-1,-1,-1
315,96,181.5,321.1,67.0,49.3,1,-1,-1,-1
315,106,530.4,224.3,19.1,42.1,1,-1,-1,-1
315,110,793.1,203.1,23.2,55.5,1,-1,-1,-1
315,113,104.7,243.5,29.6,67.7,1,-1,-1,-1
315,114,1093.6,212.5,18.6,38.3,1,-1,-1,-1
315,127,218.3,435.2,51.4,57.5,1,-1,-1,-1
315,136,342.1,585.7,40.7,95.9,1,-1,-1,-1
315,139,161.2,112.5,19.2,33.0,1,-1,-1,-1
315,145,211.2,132.7,20.8,44.3,1,-1,-1,-1
315,147,582.4,346.7,37.0,67.1,1,-1,-1,-1
315,151,458.2,178.5,15.8,35.1,1,-1,-1,-1
315,153,519.2,245.4,16.2,37.8,1,-1,-1,-1
315,157,1077.3,205.3,19.7,46.8,1,-1,-1,-1
315,159,87.2,157.6,25.4,27.4,1,-1,-1,-1
315,160,139.3,65.8,14.8,22.8,1,-1,-1,-1
315,161,542.3,238.3,18.8,37.0,1,-1,-1,-1
315,163,553.9,244.9,16.9,35.9,1,-1,-1,-1
315,166,136.6,292.6,60.8,42.2,1,-1,-1,-1
315,170,273.9,606.3,53.1,115.4,1,-1,-1,-1
315,171,704.5,365.1,9.1,53.0,1,-1,-1,-1
315,172,236.6,509.2,61.6,62.6,1,-1,-1,-1
315,173,31.7,66.5,15.7,23.8,1,-1,-1,-1
315,174,13.3,114.6,20.0,32.0,1,-1,-1,-1
315,175,287.2,527.1,37.8,68.0,1,-1,-1,-1
315,176,306.3,107.0,13.0,27.3,1,-1,-1,-1
315,179,0.3,365.1,20.1,45.4,1,-1,-1,-1
316,2,188.3,386.1,48.4,59.0,1,-1,-1,-1
316,3,346.6,289.5,45.9,41.7,1,-1,-1,-1
316,5,769.8,407.9,39.4,92.6,1,-1,-1,-1
316,6,307.4,365.8,32.0,89.8,1,-1,-1,-1
316,7,366.4,386.0,36.7,96.3,1,-1,-1,-1
316,8,699.0,258.3,25.6,52.1,1,-1,-1,-1
316,12,302.8,244.4,22.4,48.1,1,-1,-1,-1
316,14,882.0,339.2,34.0,81.4,1,-1,-1,-1
316,15,724.8,256.9,21.7,53.0,1,-1,-1,-1
316,16,464.5,234.1,24.0,64.1,1,-1,-1,-1
316,17,913.7,296.2,34.2,39.7,1,-1,-1,-1
316,18,267.3,366.8,40.3,87.1,1,-1,-1,-1
316,21,598.7,414.1,40.0,104.4,1,-1,-1,-1
316,24,889.5,210.8,25.8,58.5,1,-1,-1,-1
316,25,604.7,172.9,20.9,53.9,1,-1,-1,-1
316,29,758.1,185.8,23.9,33.5,1,-1,-1,-1
316,47,755.2,325.2,34.3,77.3,1,-1,-1,-1
316,53,360.1,133.6,14.1,32.1,1,-1,-1,-1
316,69,151.1,339.6,32.7,36.3,1,-1,-1,-1
316,72,417.7,104.7,17.6,35.9,1,-1,-1,-1
316,73,713.2,366.4,34.8,78.4,1,-1,-1,-1
316,90,141.8,245.4,28.2,64.6,1,-1,-1,-1
316,91,626.6,338.6,32.9,75.5,1,-1,-1,-1
316,96,190.6,323.5,63.6,48.1,1,-1,-1,-1
316,106,532.8,224.1,17.8,39.9,1,-1,-1,-1
316,110,795.0,202.6,23.1,55.6,1,-1,-1,-1
316,113,106.8,243.7,28.1,67.0,1,-1,-1,-1
316,114,1095.1,212.6,18.6,38.1,1,-1,-1,-1
316,127,219.1,434.2,52.1,55.5,1,-1,-1,-1
316,130,238.9,451.6,51.1,58.4,1,-1,-1,-1
316,136,342.1,581.7,41.4,66.4,1,-1,-1,-1
316,139,163.7,106.5,18.6,34.8,1,-1,-1,-1
316,145,213.4,131.9,21.6,44.2,1,-1,-1,-1
316,147,580.5,340.5,35.4,71.3,1,-1,-1,-1
316,151,460.7,178.6,16.4,35.1,1,-1,-1,-1
316,153,520.8,249.2,15.6,34.1,1,-1,-1,-1
316,157,1082.4,204.8,20.5,44.6,1,-1,-1,-1
316,159,90.4,157.5,24.5,27.0,1,-1,-1,-1
316,160,143.1,64.0,14.8,22.2,1,-1,-1,-1
316,161,543.4,236.9,18.8,36.4,1,-1,-1,-1
316,163,556.1,244.3,16.2,35.1,1,-1,-1,-1
316,166,137.3,293.0,62.7,43.0,1,-1,-1,-1
316,170,271.7,606.3,53.3,113.8,1,-1,-1,-1
316,172,236.2,507.0,61.4,62.6,1,-1,-1,-1
316,173,34.9,65.5,16.1,25.9,1,-1,-1,-1
316,174,17.0,112.4,20.3,32.7,1,-1,-1,-1
316,175,287.1,526.9,37.6,68.2,1,-1,-1,-1
316,176,309.2,106.1,12.7,28.4,1,-1,-1,-1
316,179,0.3,363.6,20.8,46.5,1,-1,-1,-1
317,2,189.8,385.1,48.3,58.8,1,-1,-1,-1
317,3,348.2,288.5,44.4,41.4,1,-1,-1,-1
317,5,768.7,408.7,38.4,90.0,1,-1,-1,-1
317,6,308.1,364.6,31.9,89.3,1,-1,-1,-1
317,7,366.2,385.1,37.1,96.1,1,-1,-1,-1
317,8,699.8,257.0,24.9,54.3,1,-1,-1,-1
317,12,301.9,242.9,23.4,49.2,1,-1,-1,-1
317,14,878.3,338.6,37.1,81.8,1,-1,-1,-1
317,15,725.7,255.8,22.1,53.5,1,-1,-1,-1
317,16,465.8,233.7,23.5,64.8,1,-1,-1,-1
317,17,914.7,296.3,34.2,39.9,1,-1,-1,-1
317,18,268.1,367.1,40.6,86.1,1,-1,-1,-1
317,21,599.2,413.4,41.8,106.2,1,-1,-1,-1
317,24,890.3,211.0,25.6,58.6,1,-1,-1,-1
317,25,605.8,172.4,20.9,52.7,1,-1,-1,-1
317,29,759.6,185.5,23.5,33.4,1,-1,-1,-1
317,47,755.5,324.8,33.6,77.6,1,-1,-1,-1
317,53,362.8,133.7,13.7,30.7,1,-1,-1,-1
317,69,152.6,338.8,32.3,35.5,1,-1,-1,-1
317,72,420.2,105.0,17.4,35.6,1,-1,-1,-1
317,73,709.7,364.3,37.5,80.3,1,-1,-1,-1
317,90,143.4,243.8,30.8,63.7,1,-1,-1,-1
317,91,625.9,339.0,33.2,75.0,1,-1,-1,-1
317,96,193.5,323.7,61.2,46.7,1,-1,-1,-1
317,106,534.1,225.0,18.1,42.0,1,-1,-1,-1
317,110,793.9,203.4,23.7,57.7,1,-1,-1,-1
317,113,108.9,242.4,27.1,67.3,1,-1,-1,-1
317,114,1097.9,212.4,18.7,38.7,1,-1,-1,-1
317,127,219.7,433.4,52.9,54.9,1,-1,-1,-1
317,130,239.8,450.3,50.7,57.5,1,-1,-1,-1
317,136,340.9,583.9,41.6,54.0,1,-1,-1,-1
317,139,166.5,104.0,18.1,35.5,1,-1,-1,-1
317,145,218.4,131.4,20.5,44.3,1,-1,-1,-1
317,147,579.1,334.9,35.5,75.2,1,-1,-1,-1
317,151,464.4,179.3,16.8,35.2,1,-1,-1,-1
317,153,522.6,251.1,15.5,31.3,1,-1,-1,-1
317,157,1084.9,204.8,21.1,44.3,1,-1,-1,-1
317,159,94.3,157.8,25.3,27.3,1,-1,-1,-1
317,160,147.8,63.2,14.6,22.9,1,-1,-1,-1
317,161,546.4,237.5,18.2,38.0,1,-1,-1,-1
317,163,557.3,243.9,16.0,34.8,1,-1,-1,-1
317,166,139.5,292.1,61.8,44.1,1,-1,-1,-1
317,170,269.6,600.7,55.6,116.4,1,-1,-1,-1
317,172,236.2,505.4,59.6,62.6,1,-1,-1,-1
317,173,39.2,66.0,16.3,25.6,1,-1,-1,-1
317,174,20.3,111.0,20.2,33.1,1,-1,-1,-1
317,175,289.5,524.8,35.2,67.2,1,-1,-1,-1
317,176,312.9,111.5,13.3,24.4,1,-1,-1,-1
317,179,0.2,362.7,22.1,46.1,1,-1,-1,-1
318,2,190.6,384.0,49.8,59.5,1,-1,-1,-1
318,3,339.4,285.9,35.9,35.9,1,-1,-1,-1
318,5,766.7,408.3,36.2,88.1,1,-1,-1,-1
318,6,308.5,364.1,31.5,88.9,1,-1,-1,-1
318,7,365.1,383.5,37.6,96.0,1,-1,-1,-1
318,8,701.2,255.7,24.0,55.1,1,-1,-1,-1
318,12,306.0,243.4,22.2,48.7,1,-1,-1,-1
318,14,876.7,337.9,37.3,81.7,1,-1,-1,-1
318,15,726.2,254.5,23.5,54.7,1,-1,-1,-1
318,16,467.5,231.8,23.0,65.0,1,-1,-1,-1
318,17,916.6,296.1,33.8,40.2,1,-1,-1,-1
318,18,269.0,366.3,40.7,85.5,1,-1,-1,-1
318,21,598.9,416.5,41.4,103.5,1,-1,-1,-1
318,24,891.2,211.7,25.6,57.9,1,-1,-1,-1
318,25,606.7,172.9,21.1,53.4,1,-1,-1,-1
318,29,763.2,186.9,23.2,32.6,1,-1,-1,-1
318,47,755.6,323.4,33.2,77.4,1,-1,-1,-1
318,53,365.7,133.6,13.0,30.1,1,-1,-1,-1
318,69,154.1,337.4,32.3,36.1,1,-1,-1,-1
318,72,423.0,104.9,17.0,35.3,1,-1,-1,-1
318,73,706.7,362.6,39.9,80.5,1,-1,-1,-1
318,90,145.4,243.2,31.3,62.7,1,-1,-1,-1
318,91,625.3,339.7,33.9,74.4,1,-1,-1,-1
318,96,193.8,323.1,60.9,44.9,1,-1,-1,-1
318,106,534.5,225.2,19.1,43.8,1,-1,-1,-1
318,110,797.8,202.5,23.2,56.8,1,-1,-1,-1
318,113,111.7,243.1,25.8,65.0,1,-1,-1,-1
318,114,1099.7,212.6,19.1,39.0,1,-1,-1,-1
318,127,221.1,432.7,53.3,53.8,1,-1,-1,-1
318,130,236.5,447.7,53.3,61.3,1,-1,-1,-1
318,136,340.2,585.0,41.4,51.9,1,-1,-1,-1
318,139,170.3,103.7,18.7,37.3,1,-1,-1,-1
318,145,224.9,131.8,20.0,44.3,1,-1,-1,-1
318,147,574.7,332.3,38.3,75.5,1,-1,-1,-1
318,151,466.8,178.4,16.7,35.7,1,-1,-1,-1
318,153,523.7,250.2,15.3,30.9,1,-1,-1,-1
318,157,1083.7,205.8,22.1,48.8,1,-1,-1,-1
318,159,97.4,157.4,25.8,28.1,1,-1,-1,-1
318,160,153.4,63.3,15.3,25.5,1,-1,-1,-1
318,161,545.9,236.4,19.2,37.9,1,-1,-1,-1
318,163,557.5,243.8,16.9,35.2,1,-1,-1,-1
318,166,141.7,291.7,60.6,45.2,1,-1,-1,-1
318,170,268.3,598.7,56.8,115.9,1,-1,-1,-1
318,172,235.6,503.7,58.6,62.6,1,-1,-1,-1
318,173,43.0,65.7,15.5,24.3,1,-1,-1,-1
318,174,23.6,110.3,20.5,33.6,1,-1,-1,-1
318,175,291.9,522.4,33.8,66.7,1,-1,-1,-1
318,176,315.2,114.6,14.2,20.5,1,-1,-1,-1
318,179,0.4,360.9,25.1,52.0,1,-1,-1,-1
318,182,225.3,519.0,96.8,69.3,1,-1,-1,-1
319,2,193.7,386.4,49.7,57.5,1,-1,-1,-1
319,3,324.1,280.5,31.4,33.0,1,-1,-1,-1
319,5,761.9,400.7,37.7,90.8,1,-1,-1,-1
319,6,309.2,363.4,29.9,87.6,1,-1,-1,-1
319,7,365.7,382.4,37.7,97.6,1,-1,-1,-1
319,8,701.9,255.7,23.7,54.9,1,-1,-1,-1
319,12,308.8,243.5,21.5,48.9,1,-1,-1,-1
319,14,874.5,338.3,34.3,79.7,1,-1,-1,-1
319,15,726.4,254.9,24.2,54.8,1,-1,-1,-1
319,16,468.6,231.7,23.3,63.8,1,-1,-1,-1
319,17,921.6,297.7,33.9,39.9,1,-1,-1,-1
319,18,268.4,362.6,37.9,87.1,1,-1,-1,-1
319,21,597.6,418.0,42.0,100.2,1,-1,-1,-1
319,22,615.3,333.2,29.1,63.0,1,-1,-1,-1
319,24,892.5,211.1,25.7,58.2,1,-1,-1,-1
319,25,608.5,172.0,21.3,53.2,1,-1,-1,-1
319,29,767.1,187.8,21.9,31.6,1,-1,-1,-1
319,47,755.9,322.4,31.1,76.8,1,-1,-1,-1
319,53,368.2,132.4,14.3,31.0,1,-1,-1,-1
319,69,155.8,336.5,31.7,36.6,1,-1,-1,-1
319,72,425.1,104.6,17.0,35.5,1,-1,-1,-1
319,73,705.8,362.9,42.4,78.3,1,-1,-1,-1
319,90,146.7,243.8,31.1,65.0,1,-1,-1,-1
319,96,193.6,322.4,61.4,44.0,1,-1,-1,-1
319,106,534.4,224.1,20.4,44.6,1,-1,-1,-1
319,110,798.4,203.1,23.9,57.7,1,-1,-1,-1
319,113,113.7,242.0,27.2,65.8,1,-1,-1,-1
319,114,1101.9,212.7,18.6,39.0,1,-1,-1,-1
319,130,236.1,445.1,54.3,63.9,1,-1,-1,-1
319,136,335.8,582.8,43.5,81.9,1,-1,-1,-1
319,139,173.5,102.8,18.3,37.6,1,-1,-1,-1
319,145,229.3,130.2,19.5,45.8,1,-1,-1,-1
319,147,570.3,333.1,38.4,76.5,1,-1,-1,-1
319,151,468.1,177.7,16.8,36.0,1,-1,-1,-1
319,153,524.5,238.7,17.1,40.4,1,-1,-1,-1
319,157,1087.5,204.6,22.4,46.4,1,-1,-1,-1
319,159,99.6,155.0,24.6,28.3,1,-1,-1,-1
319,160,157.4,63.1,14.9,25.6,1,-1,-1,-1
319,161,547.1,236.0,19.1,37.7,1,-1,-1,-1
319,163,559.2,243.6,17.1,35.2,1,-1,-1,-1
319,166,143.8,291.6,59.1,45.7,1,-1,-1,-1
319,170,265.7,597.6,57.3,115.6,1,-1,-1,-1
319,173,46.7,64.9,15.7,25.1,1,-1,-1,-1
319,174,27.2,114.1,19.6,31.0,1,-1,-1,-1
319,176,318.3,118.4,14.6,19.1,1,-1,-1,-1
319,179,0.5,358.5,29.6,53.8,1,-1,-1,-1
319,181,108.2,212.3,25.7,63.0,1,-1,-1,-1
319,182,224.4,517.7,97.9,70.1,1,-1,-1,-1
320,2,191.0,383.8,51.8,57.3,1,-1,-1,-1
320,5,760.5,403.0,35.7,86.1,1,-1,-1,-1
320,6,308.9,360.7,29.2,93.6,1,-1,-1,-1
320,7,365.3,381.0,38.6,99.1,1,-1,-1,-1
320,8,703.1,256.0,23.3,54.5,1,-1,-1,-1
320,12,310.6,243.0,21.5,48.5,1,-1,-1,-1
320,14,874.1,337.7,31.7,78.0,1,-1,-1,-1
320,15,726.7,255.3,24.6,54.7,1,-1,-1,-1
320,16,469.3,232.1,24.0,63.4,1,-1,-1,-1
320,17,918.9,295.9,34.2,40.6,1,-1,-1,-1
320,18,269.2,360.9,36.3,87.8,1,-1,-1,-1
320,21,600.4,418.0,42.0,100.5,1,-1,-1,-1
320,22,609.3,333.0,29.4,65.8,1,-1,-1,-1
320,24,895.3,212.0,24.9,57.4,1,-1,-1,-1
320,25,610.0,171.6,21.9,53.5,1,-1,-1,-1
320,29,767.8,188.3,22.3,32.9,1,-1,-1,-1
320,47,755.3,321.7,29.9,76.6,1,-1,-1,-1
320,53,370.1,131.7,14.9,31.9,1,-1,-1,-1
320,69,157.5,337.3,31.3,35.9,1,-1,-1,-1
320,72,427.6,104.8,16.6,35.2,1,-1,-1,-1
320,73,707.3,362.7,41.2,77.0,1,-1,-1,-1
320,90,148.5,243.2,30.7,66.5,1,-1,-1,-1
320,96,194.8,321.8,60.4,44.1,1,-1,-1,-1
320,106,536.3,222.7,19.9,43.9,1,-1,-1,-1
320,110,799.7,202.6,24.7,58.9,1,-1,-1,-1
320,113,115.8,239.3,28.4,67.8,1,-1,-1,-1
320,114,1103.9,213.2,18.5,39.2,1,-1,-1,-1
320,130,236.3,443.2,54.7,64.4,1,-1,-1,-1
320,136,334.6,575.7,44.1,96.9,1,-1,-1,-1
320,139,176.0,103.2,18.4,36.6,1,-1,-1,-1
320,145,232.5,129.8,19.0,46.0,1,-1,-1,-1
320,147,567.8,336.4,37.0,75.8,1,-1,-1,-1
320,151,471.3,179.1,15.9,35.6,1,-1,-1,-1
320,153,526.6,244.4,16.5,37.0,1,-1,-1,-1
320,157,1090.1,204.8,21.7,44.7,1,-1,-1,-1
320,159,102.5,155.0,23.6,27.6,1,-1,-1,-1
320,160,163.0,63.8,15.1,25.4,1,-1,-1,-1
320,161,547.8,235.1,19.1,37.7,1,-1,-1,-1
320,163,562.0,243.5,17.1,35.0,1,-1,-1,-1
320,166,146.6,290.1,58.2,46.2,1,-1,-1,-1
320,170,264.5,596.2,55.5,116.0,1,-1,-1,-1
320,173,51.1,65.4,15.9,24.7,1,-1,-1,-1
320,174,30.1,112.4,19.1,32.4,1,-1,-1,-1
320,179,0.1,356.1,32.2,50.9,1,-1,-1,-1
320,181,110.8,207.7,25.9,62.0,1,-1,-1,-1
320,182,223.5,516.5,99.0,70.5,1,-1,-1,-1
320,184,352.5,285.9,43.0,42.9,1,-1,-1,-1
321,2,191.9,380.5,52.3,59.5,1,-1,-1,-1
321,5,757.5,402.8,34.6,86.2,1,-1,-1,-1
321,6,310.8,361.5,28.6,90.8,1,-1,-1,-1
321,7,364.8,379.8,39.3,99.7,1,-1,-1,-1
321,8,703.7,256.5,23.7,53.2,1,-1,-1,-1
321,12,312.7,242.6,21.3,47.6,1,-1,-1,-1
321,14,868.2,335.1,32.5,81.3,1,-1,-1,-1
321,15,729.5,255.5,25.8,54.1,1,-1,-1,-1
321,16,470.0,232.0,23.6,62.5,1,-1,-1,-1
321,17,919.0,294.6,33.6,40.7,1,-1,-1,-1
321,18,270.1,359.6,35.4,88.4,1,-1,-1,-1
321,21,602.9,418.1,40.4,100.8,1,-1,-1,-1
321,22,609.4,334.1,27.6,65.9,1,-1,-1,-1
321,24,896.3,211.6,25.2,57.9,1,-1,-1,-1
321,25,614.3,172.1,20.4,49.5,1,-1,-1,-1
321,29,768.3,187.7,22.9,33.7,1,-1,-1,-1
321,47,754.2,322.2,27.9,77.0,1,-1,-1,-1
321,53,373.3,132.4,14.7,30.9,1,-1,-1,-1
321,69,158.8,337.5,31.1,34.9,1,-1,-1,-1
321,72,429.6,104.5,16.5,35.4,1,-1,-1,-1
321,73,704.0,363.1,41.7,76.0,1,-1,-1,-1
321,90,149.8,242.2,30.8,64.8,1,-1,-1,-1
321,96,191.6,318.7,64.1,46.4,1,-1,-1,-1
321,106,538.6,222.5,21.1,44.9,1,-1,-1,-1
321,110,801.0,202.6,24.3,58.1,1,-1,-1,-1
321,113,118.4,240.9,28.0,65.8,1,-1,-1,-1
321,114,1104.8,212.5,19.2,39.6,1,-1,-1,-1
321,130,236.9,441.9,54.5,63.3,1,-1,-1,-1
321,136,333.9,569.5,43.1,103.9,1,-1,-1,-1
321,139,179.5,102.5,18.6,36.6,1,-1,-1,-1
321,145,236.0,130.2,20.1,45.7,1,-1,-1,-1
321,147,571.7,340.7,36.9,76.0,1,-1,-1,-1
321,151,473.5,179.6,16.3,36.0,1,-1,-1,-1
321,153,528.2,237.7,17.8,41.2,1,-1,-1,-1
321,157,1090.0,205.7,21.9,47.1,1,-1,-1,-1
321,159,104.7,154.7,24.4,27.6,1,-1,-1,-1
321,160,165.9,63.4,15.1,25.9,1,-1,-1,-1
321,163,561.8,242.9,18.1,34.9,1,-1,-1,-1
321,166,146.9,288.4,59.9,47.6,1,-1,-1,-1
321,170,263.9,596.2,53.8,115.3,1,-1,-1,-1
321,173,54.6,65.5,15.7,23.9,1,-1,-1,-1
321,174,32.1,111.4,19.0,33.0,1,-1,-1,-1
321,179,-0.3,355.5,33.6,48.6,1,-1,-1,-1
321,182,224.4,515.5,98.3,70.7,1,-1,-1,-1
321,184,353.1,285.7,43.3,42.5,1,-1,-1,-1
322,2,191.9,379.9,51.6,59.6,1,-1,-1,-1
322,5,755.0,401.5,35.0,83.9,1,-1,-1,-1
322,6,309.5,358.0,29.2,95.7,1,-1,-1,-1
322,7,364.4,379.2,39.7,99.9,1,-1,-1,-1
322,8,705.8,259.1,24.5,51.5,1,-1,-1,-1
322,12,314.6,242.4,21.5,47.2,1,-1,-1,-1
322,14,863.4,333.2,34.4,84.3,1,-1,-1,-1
322,15,730.3,256.1,26.0,53.1,1,-1,-1,-1
322,16,470.3,231.7,23.5,62.2,1,-1,-1,-1
322,17,920.0,294.4,33.1,40.1,1,-1,-1,-1
322,18,270.6,358.3,35.6,89.2,1,-1,-1,-1
322,21,604.9,418.0,37.7,101.3,1,-1,-1,-1
322,22,602.6,335.2,32.1,71.4,1,-1,-1,-1
322,24,896.8,211.1,26.1,58.6,1,-1,-1,-1
322,25,613.5,171.9,21.4,53.1,1,-1,-1,-1
322,29,770.7,186.8,20.8,33.2,1,-1,-1,-1
322,47,753.9,322.1,26.6,77.7,1,-1,-1,-1
322,53,375.7,132.4,15.6,29.6,1,-1,-1,-1
322,69,159.6,337.1,31.2,34.4,1,-1,-1,-1
322,72,432.1,103.6,17.3,35.5,1,-1,-1,-1
322,73,702.7,363.9,41.1,74.6,1,-1,-1,-1
322,90,152.2,241.5,30.4,62.0,1,-1,-1,-1
322,96,192.3,317.2,65.0,47.2,1,-1,-1,-1
322,106,540.0,222.3,21.1,45.0,1,-1,-1,-1
322,110,801.8,203.3,24.0,57.1,1,-1,-1,-1
322,113,120.6,240.6,26.4,64.6,1,-1,-1,-1
322,114,1107.4,212.7,18.8,39.3,1,-1,-1,-1
322,130,236.6,441.6,53.7,60.6,1,-1,-1,-1
322,136,333.7,566.4,41.9,105.4,1,-1,-1,-1
322,139,183.2,102.4,18.6,36.3,1,-1,-1,-1
322,145,241.2,131.0,20.4,44.6,1,-1,-1,-1
322,147,572.9,341.4,36.4,75.8,1,-1,-1,-1
322,151,475.5,179.9,16.0,35.6,1,-1,-1,-1
322,153,528.4,235.4,18.0,44.3,1,-1,-1,-1
322,157,1093.8,205.6,21.2,45.2,1,-1,-1,-1
322,159,107.3,154.4,24.4,27.3,1,-1,-1,-1
322,160,168.9,63.8,14.5,24.8,1,-1,-1,-1
322,163,563.7,242.8,17.2,34.8,1,-1,-1,-1
322,166,147.3,287.8,61.0,48.6,1,-1,-1,-1
322,170,263.3,596.1,52.6,115.2,1,-1,-1,-1
322,173,58.0,64.6,15.6,24.5,1,-1,-1,-1
322,174,34.1,111.2,18.7,33.3,1,-1,-1,-1
322,179,-0.5,355.4,33.8,47.9,1,-1,-1,-1
322,181,112.6,211.1,28.0,62.0,1,-1,-1,-1
322,182,276.7,519.7,52.4,66.5,1,-1,-1,-1
322,184,354.2,285.7,44.3,42.2,1,-1,-1,-1
322,185,1.8,119.4,19.6,38.5,1,-1,-1,-1
323,2,192.0,379.5,51.4,59.6,1,-1,-1,-1
323,5,747.3,400.2,40.5,84.9,1,-1,-1,-1
323,6,309.2,355.9,29.4,98.2,1,-1,-1,-1
323,7,364.6,378.8,39.3,99.5,1,-1,-1,-1
323,8,705.1,257.1,23.7,52.1,1,-1,-1,-1
323,12,314.9,242.6,21.4,47.7,1,-1,-1,-1
323,14,859.9,332.4,35.7,84.4,1,-1,-1,-1
323,15,729.9,255.0,25.5,54.0,1,-1,-1,-1
323,16,470.6,231.3,23.9,62.4,1,-1,-1,-1
323,17,921.1,294.5,32.7,39.5,1,-1,-1,-1
323,18,270.5,357.0,36.6,90.1,1,-1,-1,-1
323,21,609.6,421.1,33.1,96.8,1,-1,-1,-1
323,22,597.8,335.2,33.3,76.6,1,-1,-1,-1
323,24,897.1,210.7,26.7,58.3,1,-1,-1,-1
323,25,614.4,171.3,21.7,54.4,1,-1,-1,-1
323,29,773.5,187.2,18.1,31.4,1,-1,-1,-1
323,47,752.6,321.8,26.9,78.3,1,-1,-1,-1
323,53,378.0,131.5,16.1,28.5,1,-1,-1,-1
323,69,160.4,336.7,31.4,33.9,1,-1,-1,-1
323,72,433.8,103.9,16.8,35.5,1,-1,-1,-1
323,73,701.8,364.1,38.1,74.1,1,-1,-1,-1
323,90,153.3,241.6,29.8,60.1,1,-1,-1,-1
323,96,192.2,317.1,65.9,46.3,1,-1,-1,-1
323,106,541.2,221.8,20.2,44.3,1,-1,-1,-1
323,110,802.6,204.1,23.8,56.8,1,-1,-1,-1
323,113,121.8,241.1,25.3,63.4,1,-1,-1,-1
323,114,1108.8,212.6,19.2,39.6,1,-1,-1,-1
323,130,236.9,441.4,53.8,59.1,1,-1,-1,-1
323,136,332.1,565.8,41.6,102.5,1,-1,-1,-1
323,139,185.4,101.9,18.2,36.4,1,-1,-1,-1
323,145,243.1,129.6,19.7,45.9,1,-1,-1,-1
323,147,569.3,341.2,34.8,70.6,1,-1,-1,-1
323,151,477.7,179.9,15.4,35.1,1,-1,-1,-1
323,153,528.8,234.4,19.1,45.2,1,-1,-1,-1
323,157,1092.8,206.6,21.0,49.1,1,-1,-1,-1
323,159,108.7,153.9,25.2,27.5,1,-1,-1,-1
323,160,173.4,65.1,14.0,23.8,1,-1,-1,-1
323,161,551.6,235.2,19.7,38.4,1,-1,-1,-1
323,163,565.8,242.1,16.7,35.3,1,-1,-1,-1
323,166,148.0,287.0,61.5,47.4,1,-1,-1,-1
323,170,262.7,595.0,51.8,115.2,1,-1,-1,-1
323,172,235.6,500.6,58.1,61.4,1,-1,-1,-1
323,173,61.9,64.9,15.4,24.1,1,-1,-1,-1
323,174,34.9,108.7,18.6,33.9,1,-1,-1,-1
323,178,360.5,116.4,12.3,23.1,1,-1,-1,-1
323,179,-0.4,354.8,33.8,49.1,1,-1,-1,-1
323,181,114.1,210.2,28.9,60.7,1,-1,-1,-1
323,182,326.9,524.1,29.9,64.7,1,-1,-1,-1
323,184,354.7,285.4,45.4,42.2,1,-1,-1,-1
323,185,3.3,119.3,19.3,39.6,1,-1,-1,-1
323,186,614.8,382.2,25.2,63.2,1,-1,-1,-1
324,2,192.9,379.0,52.4,59.5,1,-1,-1,-1
324,5,742.1,399.7,44.9,84.5,1,-1,-1,-1
324,6,308.9,354.6,29.7,99.2,1,-1,-1,-1
324,7,364.8,378.3,38.8,98.0,1,-1,-1,-1
324,8,706.5,256.4,24.9,51.3,1,-1,-1,-1
324,12,316.7,241.9,20.8,47.0,1,-1,-1,-1
324,14,859.7,334.8,35.3,81.5,1,-1,-1,-1
324,15,731.5,255.7,25.1,52.6,1,-1,-1,-1
324,16,468.1,229.7,25.7,62.0,1,-1,-1,-1
324,17,922.0,294.7,32.5,38.8,1,-1,-1,-1
324,18,270.1,356.4,37.2,90.3,1,-1,-1,-1
324,21,610.2,418.2,37.6,99.4,1,-1,-1,-1
324,22,594.4,333.3,33.1,77.0,1,-1,-1,-1
324,24,900.9,211.4,24.1,54.1,1,-1,-1,-1
324,25,614.7,171.0,21.9,54.9,1,-1,-1,-1
324,29,774.8,188.5,17.6,30.7,1,-1,-1,-1
324,47,750.0,321.7,28.5,76.5,1,-1,-1,-1
324,53,380.3,131.8,15.7,28.9,1,-1,-1,-1
324,69,160.7,335.8,31.8,33.7,1,-1,-1,-1
324,72,434.7,103.7,16.6,35.8,1,-1,-1,-1
324,73,701.9,363.7,35.6,74.0,1,-1,-1,-1
324,90,154.0,241.7,31.6,60.0,1,-1,-1,-1
324,96,192.8,316.5,65.7,45.8,1,-1,-1,-1
324,106,542.6,221.8,19.0,43.5,1,-1,-1,-1
324,110,804.5,204.7,23.5,56.1,1,-1,-1,-1
324,113,122.1,241.7,24.9,62.3,1,-1,-1,-1
324,114,1109.5,213.4,19.1,39.2,1,-1,-1,-1
324,130,237.1,441.4,53.9,58.9,1,-1,-1,-1
324,136,331.1,565.4,41.8,100.2,1,-1,-1,-1
324,139,187.0,101.3,18.4,35.5,1,-1,-1,-1
324,145,246.4,128.4,19.4,45.5,1,-1,-1,-1
324,147,569.4,340.8,33.7,67.4,1,-1,-1,-1
324,151,478.8,180.1,15.5,35.0,1,-1,-1,-1
324,153,529.7,234.2,19.0,45.4,1,-1,-1,-1
324,157,1093.2,205.1,22.7,52.0,1,-1,-1,-1
324,159,110.5,153.4,25.8,28.1,1,-1,-1,-1
324,160,176.8,62.8,14.7,23.3,1,-1,-1,-1
324,161,553.0,233.8,19.9,40.7,1,-1,-1,-1
324,163,566.5,241.7,16.6,35.6,1,-1,-1,-1
324,166,147.8,286.9,62.1,47.3,1,-1,-1,-1
324,170,260.5,588.5,52.1,121.2,1,-1,-1,-1
324,172,235.6,498.4,57.8,62.4,1,-1,-1,-1
324,173,64.6,65.0,15.0,23.6,1,-1,-1,-1
324,174,36.4,109.3,17.8,34.9,1,-1,-1,-1
324,178,362.1,116.9,12.1,22.5,1,-1,-1,-1
324,179,-0.3,353.7,33.5,49.2,1,-1,-1,-1
324,181,120.6,209.4,25.3,57.6,1,-1,-1,-1
324,184,354.8,284.9,45.9,42.2,1,-1,-1,-1
324,185,5.8,117.1,18.0,33.2,1,-1,-1,-1
324,186,616.2,382.0,23.7,62.8,1,-1,-1,-1
324,188,285.8,517.3,35.1,67.2,1,-1,-1,-1
325,2,193.8,379.5,51.0,58.4,1,-1,-1,-1
325,5,741.0,399.3,44.2,84.8,1,-1,-1,-1
325,6,308.3,354.2,30.1,98.7,1,-1,-1,-1
325,7,364.7,377.9,38.5,96.8,1,-1,-1,-1
325,8,706.8,255.9,26.3,51.7,1,-1,-1,-1
325,12,318.3,241.3,20.6,46.8,1,-1,-1,-1
325,14,856.0,336.0,35.5,79.3,1,-1,-1,-1
325,15,731.7,255.3,24.0,53.8,1,-1,-1,-1
325,16,467.7,229.3,26.4,61.8,1,-1,-1,-1
325,17,922.4,294.7,32.4,38.7,1,-1,-1,-1
325,18,269.9,355.3,37.7,90.1,1,-1,-1,-1
325,21,615.3,425.9,37.7,91.8,1,-1,-1,-1
325,22,596.3,330.4,29.5,68.1,1,-1,-1,-1
325,24,901.3,212.1,24.9,56.0,1,-1,-1,-1
325,25,615.1,169.6,22.0,55.9,1,-1,-1,-1
325,29,775.8,186.0,19.3,30.5,1,-1,-1,-1
325,47,748.3,322.2,28.4,74.7,1,-1,-1,-1
325,53,383.7,131.4,15.8,29.2,1,-1,-1,-1
325,69,162.2,334.9,31.9,34.7,1,-1,-1,-1
325,72,436.4,101.9,18.1,36.5,1,-1,-1,-1
325,73,701.2,363.0,35.2,74.1,1,-1,-1,-1
325,90,155.1,241.4,32.3,60.6,1,-1,-1,-1
325,96,193.6,315.7,65.3,45.9,1,-1,-1,-1
325,106,543.9,221.8,18.1,42.6,1,-1,-1,-1
325,110,806.0,205.5,22.8,55.3,1,-1,-1,-1
325,113,121.5,241.0,25.4,62.4,1,-1,-1,-1
325,114,1111.6,212.6,18.8,39.3,1,-1,-1,-1
325,130,237.8,442.2,53.9,58.1,1,-1,-1,-1
325,136,333.1,565.2,40.4,79.9,1,-1,-1,-1
325,139,190.0,100.6,18.7,36.0,1,-1,-1,-1
325,145,251.2,128.7,18.1,43.9,1,-1,-1,-1
325,147,569.8,341.4,32.6,65.3,1,-1,-1,-1
325,151,479.5,178.2,16.1,35.3,1,-1,-1,-1
325,153,530.3,241.8,17.1,39.7,1,-1,-1,-1
325,157,1097.4,203.4,22.0,47.2,1,-1,-1,-1
325,159,113.4,153.1,25.2,28.1,1,-1,-1,-1
325,160,178.5,60.9,14.8,24.4,1,-1,-1,-1
325,161,554.7,232.9,20.1,41.8,1,-1,-1,-1
325,163,567.0,242.1,16.2,35.2,1,-1,-1,-1
325,166,147.5,285.4,65.0,48.5,1,-1,-1,-1
325,170,257.8,586.2,53.3,122.9,1,-1,-1,-1
325,172,235.1,497.0,57.7,62.7,1,-1,-1,-1
325,173,67.8,64.8,14.7,23.8,1,-1,-1,-1
325,174,38.7,110.0,17.7,34.9,1,-1,-1,-1
325,179,-0.0,352.3,33.6,48.1,1,-1,-1,-1
325,181,123.7,209.2,22.8,56.3,1,-1,-1,-1
325,184,355.8,284.0,44.7,42.0,1,-1,-1,-1
325,185,7.4,117.1,17.6,30.1,1,-1,-1,-1
325,186,616.9,384.7,22.9,66.3,1,-1,-1,-1
325,188,286.7,517.1,33.5,65.0,1,-1,-1,-1
326,2,193.9,379.1,51.1,57.9,1,-1,-1,-1
326,5,736.7,398.1,45.4,85.0,1,-1,-1,-1
326,6,307.8,353.9,30.6,97.7,1,-1,-1,-1
326,7,364.7,378.1,38.2,96.1,1,-1,-1,-1
326,8,707.1,255.8,26.4,51.5,1,-1,-1,-1
326,12,319.2,240.6,20.9,47.4,1,-1,-1,-1
326,14,852.0,336.1,35.2,78.5,1,-1,-1,-1
326,15,732.0,255.1,23.4,54.4,1,-1,-1,-1
326,16,470.5,230.6,25.6,62.3,1,-1,-1,-1
326,17,922.7,294.6,32.7,38.8,1,-1,-1,-1
326,18,270.0,354.7,38.1,90.2,1,-1,-1,-1
326,21,616.3,427.1,40.4,89.6,1,-1,-1,-1
326,22,596.4,332.8,27.5,76.9,1,-1,-1,-1
326,24,901.2,211.6,25.7,56.7,1,-1,-1,-1
326,25,616.4,170.8,21.9,55.2,1,-1,-1,-1
326,29,777.0,185.6,20.6,31.4,1,-1,-1,-1
326,47,747.0,323.2,27.8,73.2,1,-1,-1,-1
326,53,388.5,130.7,15.5,28.7,1,-1,-1,-1
326,69,161.8,333.4,32.7,35.7,1,-1,-1,-1
326,72,438.7,102.2,18.8,37.6,1,-1,-1,-1
326,73,699.0,362.1,36.6,74.5,1,-1,-1,-1
326,90,156.5,240.8,31.8,60.7,1,-1,-1,-1
326,96,194.1,315.3,64.9,46.0,1,-1,-1,-1
326,106,545.1,221.5,17.6,42.1,1,-1,-1,-1
326,110,807.2,204.4,22.7,56.2,1,-1,-1,-1
326,113,122.8,238.4,27.0,65.2,1,-1,-1,-1
326,114,1112.9,213.3,18.6,39.3,1,-1,-1,-1
326,127,219.3,424.7,53.9,57.2,1,-1,-1,-1
326,136,331.4,570.1,40.3,68.9,1,-1,-1,-1
326,139,192.1,99.6,19.0,37.1,1,-1,-1,-1
326,145,255.2,129.0,17.8,43.1,1,-1,-1,-1
326,147,562.5,338.8,33.4,65.6,1,-1,-1,-1
326,151,482.0,178.9,15.1,34.8,1,-1,-1,-1
326,153,531.1,245.6,15.5,34.6,1,-1,-1,-1
326,157,1099.3,204.8,21.9,44.8,1,-1,-1,-1
326,159,115.3,152.7,25.4,28.3,1,-1,-1,-1
326,160,181.7,63.3,14.4,24.4,1,-1,-1,-1
326,163,566.5,241.3,17.0,35.7,1,-1,-1,-1
326,166,147.8,284.7,65.4,47.7,1,-1,-1,-1
326,170,255.8,586.2,53.1,121.6,1,-1,-1,-1
326,172,234.4,496.2,58.7,62.0,1,-1,-1,-1
326,173,69.9,64.3,15.0,24.4,1,-1,-1,-1
326,174,41.1,110.7,17.3,34.1,1,-1,-1,-1
326,178,365.8,116.3,13.4,23.5,1,-1,-1,-1
326,179,0.0,351.6,33.7,47.9,1,-1,-1,-1
326,181,127.0,208.8,20.9,54.7,1,-1,-1,-1
326,184,356.5,283.6,44.1,41.1,1,-1,-1,-1
326,185,8.1,117.1,18.2,29.2,1,-1,-1,-1
326,186,613.7,381.0,30.5,71.9,1,-1,-1,-1
326,188,286.9,515.5,32.7,65.7,1,-1,-1,-1
326,190,796.2,206.5,18.6,34.0,1,-1,-1,-1
327,2,193.7,377.8,51.0,57.0,1,-1,-1,-1
327,5,732.3,396.8,46.2,85.8,1,-1,-1,-1
327,6,309.9,355.4,28.8,92.2,1,-1,-1,-1
327,7,365.2,376.3,37.1,96.3,1,-1,-1,-1
327,8,708.0,255.8,25.9,51.6,1,-1,-1,-1
327,12,319.1,240.1,21.8,47.4,1,-1,-1,-1
327,14,849.8,337.5,36.0,76.5,1,-1,-1,-1
327,15,732.3,254.8,23.2,54.6,1,-1,-1,-1
327,16,468.5,229.4,26.4,61.9,1,-1,-1,-1
327,17,922.4,294.1,33.4,39.2,1,-1,-1,-1
327,18,270.7,353.7,37.6,89.7,1,-1,-1,-1
327,21,616.2,426.4,42.7,90.0,1,-1,-1,-1
327,22,596.2,332.3,26.4,81.2,1,-1,-1,-1
327,24,902.8,213.2,23.9,55.3,1,-1,-1,-1
327,25,620.0,171.7,20.1,48.3,1,-1,-1,-1
327,29,778.5,185.4,20.5,29.3,1,-1,-1,-1
327,47,745.7,323.5,27.4,75.9,1,-1,-1,-1
327,53,391.2,130.1,15.7,29.8,1,-1,-1,-1
327,69,161.8,332.4,33.7,35.9,1,-1,-1,-1
327,72,440.5,101.8,18.9,37.1,1,-1,-1,-1
327,73,695.1,362.1,36.9,73.7,1,-1,-1,-1
327,90,157.1,239.5,31.2,60.2,1,-1,-1,-1
327,96,194.5,314.9,64.1,46.0,1,-1,-1,-1
327,106,546.0,221.5,17.6,42.7,1,-1,-1,-1
327,110,807.9,202.9,22.8,56.7,1,-1,-1,-1
327,113,127.3,238.3,26.9,66.3,1,-1,-1,-1
327,114,1113.9,212.9,19.1,40.2,1,-1,-1,-1
327,127,218.7,423.7,53.8,56.9,1,-1,-1,-1
327,136,329.7,572.4,40.6,65.4,1,-1,-1,-1
327,139,194.5,99.5,18.6,37.0,1,-1,-1,-1
327,145,258.6,128.0,18.2,43.4,1,-1,-1,-1
327,147,558.8,337.4,35.6,67.8,1,-1,-1,-1
327,151,484.0,179.3,14.4,34.0,1,-1,-1,-1
327,153,531.0,250.3,14.5,31.5,1,-1,-1,-1
327,157,1100.1,205.7,22.1,44.2,1,-1,-1,-1
327,159,117.1,152.4,25.4,28.4,1,-1,-1,-1
327,160,185.8,64.1,14.8,24.5,1,-1,-1,-1
327,163,565.9,240.6,17.2,35.8,1,-1,-1,-1
327,166,149.0,284.2,64.7,47.0,1,-1,-1,-1
327,170,253.8,585.8,52.9,120.8,1,-1,-1,-1
327,172,233.2,495.9,59.5,61.3,1,-1,-1,-1
327,173,73.4,65.0,15.2,24.5,1,-1,-1,-1
327,174,42.3,110.9,17.5,33.8,1,-1,-1,-1
327,178,368.9,115.8,12.7,22.7,1,-1,-1,-1
327,179,0.1,351.2,34.4,48.3,1,-1,-1,-1
327,184,357.1,283.1,44.0,40.4,1,-1,-1,-1
327,185,8.7,116.8,19.3,30.8,1,-1,-1,-1
327,186,611.9,381.3,31.8,71.7,1,-1,-1,-1
327,188,287.7,514.6,31.7,64.9,1,-1,-1,-1
327,190,796.3,206.8,18.6,33.5,1,-1,-1,-1
328,2,194.4,376.7,50.4,56.6,1,-1,-1,-1
328,5,724.4,396.4,48.0,83.6,1,-1,-1,-1
328,6,310.8,356.2,28.3,89.2,1,-1,-1,-1
328,7,365.2,375.7,36.6,96.0,1,-1,-1,-1
328,8,708.3,255.7,25.8,51.5,1,-1,-1,-1
328,12,321.4,239.1,21.9,47.9,1,-1,-1,-1
328,14,841.8,337.5,38.0,78.8,1,-1,-1,-1
328,15,732.3,254.9,23.3,54.3,1,-1,-1,-1
328,16,467.7,228.8,26.8,61.7,1,-1,-1,-1
328,17,922.6,294.1,34.1,39.0,1,-1,-1,-1
328,18,270.6,353.3,37.1,88.8,1,-1,-1,-1
328,21,614.8,418.6,43.2,97.4,1,-1,-1,-1
328,22,592.1,330.2,32.9,81.1,1,-1,-1,-1
328,24,901.9,211.6,25.7,57.5,1,-1,-1,-1
328,25,620.5,171.5,19.8,44.5,1,-1,-1,-1
328,29,780.1,186.3,18.8,29.7,1,-1,-1,-1
328,47,740.1,323.2,30.3,77.8,1,-1,-1,-1
328,53,394.2,129.3,15.6,30.9,1,-1,-1,-1
328,69,164.2,331.3,32.4,37.5,1,-1,-1,-1
328,72,440.5,101.3,18.8,37.1,1,-1,-1,-1
328,73,693.9,362.0,34.6,73.4,1,-1,-1,-1
328,90,158.1,238.3,30.5,61.6,1,-1,-1,-1
328,96,194.6,313.8,63.7,46.4,1,-1,-1,-1
328,106,546.3,221.4,18.8,44.8,1,-1,-1,-1
328,110,809.7,202.1,22.4,56.8,1,-1,-1,-1
328,113,133.2,238.2,27.2,67.3,1,-1,-1,-1
328,114,1114.6,213.1,19.3,40.1,1,-1,-1,-1
328,127,218.0,423.1,53.7,56.9,1,-1,-1,-1
328,136,325.6,565.8,40.8,86.8,1,-1,-1,-1
328,139,195.8,99.2,18.5,37.1,1,-1,-1,-1
328,145,261.2,128.3,18.4,44.0,1,-1,-1,-1
328,147,557.8,334.3,34.5,70.7,1,-1,-1,-1
328,151,483.4,176.8,16.3,34.9,1,-1,-1,-1
328,157,1098.9,205.0,22.5,48.3,1,-1,-1,-1
328,159,120.0,152.0,24.7,28.2,1,-1,-1,-1
328,160,188.0,61.2,15.1,24.4,1,-1,-1,-1
328,166,151.2,284.0,62.8,45.1,1,-1,-1,-1
328,170,252.9,585.1,52.5,116.8,1,-1,-1,-1
328,172,232.4,495.6,59.1,60.2,1,-1,-1,-1
328,173,75.0,64.6,15.8,25.0,1,-1,-1,-1
328,174,43.8,109.9,16.7,31.6,1,-1,-1,-1
328,178,369.8,115.9,13.0,22.6,1,-1,-1,-1
328,179,0.3,350.0,35.3,48.8,1,-1,-1,-1
328,181,122.6,210.5,27.9,75.5,1,-1,-1,-1
328,184,358.5,283.2,43.0,39.4,1,-1,-1,-1
328,185,11.0,116.3,19.4,31.5,1,-1,-1,-1
328,186,609.2,379.8,34.1,73.5,1,-1,-1,-1
328,188,286.1,513.6,31.5,64.1,1,-1,-1,-1
328,190,797.1,206.8,17.6,30.0,1,-1,-1,-1
328,191,746.4,250.9,20.8,51.0,1,-1,-1,-1
329,2,195.1,375.3,50.4,57.9,1,-1,-1,-1
329,5,712.0,390.6,45.9,84.1,1,-1,-1,-1
329,6,310.6,356.1,28.6,88.1,1,-1,-1,-1
329,7,364.9,375.4,35.9,95.9,1,-1,-1,-1
329,8,708.1,255.2,26.7,51.8,1,-1,-1,-1
329,12,323.7,238.9,22.2,48.4,1,-1,-1,-1
329,14,845.7,340.0,38.0,75.6,1,-1,-1,-1
329,15,732.6,255.1,23.0,53.6,1,-1,-1,-1
329,16,467.9,228.3,26.5,62.0,1,-1,-1,-1
329,17,922.5,293.0,35.1,39.9,1,-1,-1,-1
329,18,272.8,355.8,37.3,86.3,1,-1,-1,-1
329,21,617.3,421.8,43.5,95.7,1,-1,-1,-1
329,22,590.8,328.1,35.6,77.5,1,-1,-1,-1
329,24,902.6,211.9,25.7,57.1,1,-1,-1,-1
329,25,619.6,172.7,20.5,49.8,1,-1,-1,-1
329,29,780.3,185.9,19.5,28.7,1,-1,-1,-1
329,47,737.8,322.8,31.1,77.7,1,-1,-1,-1
329,53,397.3,128.2,14.6,31.6,1,-1,-1,-1
329,69,165.3,330.7,31.6,37.3,1,-1,-1,-1
329,72,441.6,100.7,18.6,37.1,1,-1,-1,-1
329,73,691.3,360.4,35.2,75.9,1,-1,-1,-1
329,90,159.0,237.4,29.8,61.5,1,-1,-1,-1
329,96,202.7,314.0,60.9,46.9,1,-1,-1,-1
329,106,546.7,220.7,19.2,44.8,1,-1,-1,-1
329,110,810.9,202.0,22.2,57.6,1,-1,-1,-1
329,114,1115.1,212.7,19.9,40.7,1,-1,-1,-1
329,127,217.2,422.9,53.5,56.8,1,-1,-1,-1
329,130,234.3,437.2,51.7,59.5,1,-1,-1,-1
329,136,322.5,559.4,41.2,96.5,1,-1,-1,-1
329,139,196.7,99.0,18.9,36.8,1,-1,-1,-1
329,145,263.9,127.8,18.9,43.8,1,-1,-1,-1
329,147,557.0,330.9,32.8,73.9,1,-1,-1,-1
329,151,486.5,178.8,15.3,34.1,1,-1,-1,-1
329,153,533.7,246.7,15.4,30.6,1,-1,-1,-1
329,157,1100.2,204.6,21.5,51.3,1,-1,-1,-1
329,159,121.4,151.6,24.7,28.3,1,-1,-1,-1
329,160,189.4,61.2,15.5,25.4,1,-1,-1,-1
329,166,152.5,283.5,60.8,43.8,1,-1,-1,-1
329,170,252.6,585.2,51.7,114.0,1,-1,-1,-1
329,172,231.5,494.8,57.8,59.6,1,-1,-1,-1
329,173,76.7,63.5,16.0,26.4,1,-1,-1,-1
329,174,46.0,110.5,16.6,30.9,1,-1,-1,-1
329,178,371.2,115.8,13.0,22.3,1,-1,-1,-1
329,179,0.5,348.4,36.7,49.1,1,-1,-1,-1
329,181,126.7,232.9,28.1,70.4,1,-1,-1,-1
329,184,359.3,282.6,42.7,39.5,1,-1,-1,-1
329,185,14.6,115.7,19.0,30.4,1,-1,-1,-1
329,188,282.5,513.7,35.0,63.1,1,-1,-1,-1
329,190,797.3,207.2,17.6,29.4,1,-1,-1,-1
329,191,746.5,250.9,20.4,51.2,1,-1,-1,-1
330,2,194.5,374.3,50.9,58.9,1,-1,-1,-1
330,5,704.6,387.6,44.8,85.9,1,-1,-1,-1
330,6,310.3,355.8,29.4,88.4,1,-1,-1,-1
330,7,364.0,374.9,35.1,95.7,1,-1,-1,-1
330,8,708.5,255.3,26.4,51.4,1,-1,-1,-1
330,12,324.9,238.3,22.4,47.9,1,-1,-1,-1
330,14,851.1,342.0,38.5,74.2,1,-1,-1,-1
330,15,734.2,254.9,22.8,52.6,1,-1,-1,-1
330,16,468.1,228.0,26.2,62.2,1,-1,-1,-1
330,17,922.3,292.6,35.2,40.2,1,-1,-1,-1
330,18,270.1,354.0,37.0,86.5,1,-1,-1,-1
330,21,616.2,415.5,45.2,101.7,1,-1,-1,-1
330,22,590.6,328.5,34.8,74.6,1,-1,-1,-1
330,24,904.0,211.6,25.4,57.0,1,-1,-1,-1
330,25,620.1,172.6,20.9,52.7,1,-1,-1,-1
330,29,780.4,186.1,20.0,30.1,1,-1,-1,-1
330,47,737.8,325.2,30.2,75.6,1,-1,-1,-1
330,53,400.1,126.4,15.0,31.7,1,-1,-1,-1
330,69,166.1,330.0,30.6,36.8,1,-1,-1,-1
330,72,442.6,100.5,18.6,36.7,1,-1,-1,-1
330,73,689.7,359.6,37.0,76.7,1,-1,-1,-1
330,90,159.9,237.2,29.5,62.6,1,-1,-1,-1
330,96,204.5,314.0,59.6,46.6,1,-1,-1,-1
330,106,547.9,219.5,18.4,41.0,1,-1,-1,-1
330,110,811.0,201.8,22.6,57.7,1,-1,-1,-1
330,114,1116.5,213.4,19.7,39.3,1,-1,-1,-1
330,130,226.1,435.4,52.5,60.9,1,-1,-1,-1
330,136,322.5,560.3,40.8,84.0,1,-1,-1,-1
330,139,198.7,98.9,18.9,36.7,1,-1,-1,-1
330,145,266.2,127.2,19.0,44.2,1,-1,-1,-1
330,147,556.6,330.6,31.6,73.7,1,-1,-1,-1
330,151,488.5,179.3,14.6,34.2,1,-1,-1,-1
330,153,533.4,244.6,15.8,31.8,1,-1,-1,-1
330,157,1103.7,204.4,21.6,47.4,1,-1,-1,-1
330,159,123.6,151.8,24.3,27.6,1,-1,-1,-1
330,160,192.0,61.7,15.3,26.6,1,-1,-1,-1
330,166,153.7,283.1,59.6,42.1,1,-1,-1,-1
330,170,251.8,585.6,51.1,113.6,1,-1,-1,-1
330,172,225.0,505.9,81.9,65.5,1,-1,-1,-1
330,173,79.7,62.8,15.9,26.8,1,-1,-1,-1
330,174,46.9,110.1,16.6,30.8,1,-1,-1,-1
330,179,0.6,347.0,38.5,49.4,1,-1,-1,-1
330,181,128.3,237.4,27.6,66.3,1,-1,-1,-1
330,184,359.9,281.1,42.5,40.6,1,-1,-1,-1
330,185,15.9,116.6,19.1,31.5,1,-1,-1,-1
330,186,605.3,381.9,36.6,83.4,1,-1,-1,-1
330,188,279.0,514.1,36.4,62.3,1,-1,-1,-1
330,190,796.7,210.9,21.2,45.0,1,-1,-1,-1
330,191,747.2,250.2,20.2,52.2,1,-1,-1,-1
331,2,194.4,373.6,51.2,58.9,1,-1,-1,-1
331,5,703.5,387.7,42.4,84.6,1,-1,-1,-1
331,6,309.9,355.1,29.7,88.6,1,-1,-1,-1
331,7,363.2,374.4,34.7,95.3,1,-1,-1,-1
331,8,709.9,255.6,25.3,50.8,1,-1,-1,-1
331,12,325.8,238.0,23.7,48.9,1,-1,-1,-1
331,15,735.6,254.4,22.4,52.5,1,-1,-1,-1
331,16,470.6,228.2,25.1,60.8,1,-1,-1,-1
331,17,922.7,292.3,35.5,40.8,1,-1,-1,-1
331,18,272.4,355.8,37.1,83.8,1,-1,-1,-1
331,21,616.8,413.7,46.1,104.2,1,-1,-1,-1
331,22,593.5,333.2,29.8,69.3,1,-1,-1,-1
331,24,905.4,212.3,24.9,54.8,1,-1,-1,-1
331,25,621.8,170.5,19.0,49.3,1,-1,-1,-1
331,29,780.9,186.1,21.0,32.6,1,-1,-1,-1
331,47,734.4,326.6,31.4,73.4,1,-1,-1,-1
331,53,402.6,126.5,15.3,31.4,1,-1,-1,-1
331,69,166.0,328.9,30.3,36.0,1,-1,-1,-1
331,72,444.5,101.0,18.6,36.1,1,-1,-1,-1
331,73,685.8,359.3,38.6,74.5,1,-1,-1,-1
331,90,161.4,237.0,28.9,63.1,1,-1,-1,-1
331,96,204.5,313.6,60.3,46.1,1,-1,-1,-1
331,106,549.1,220.7,18.8,40.1,1,-1,-1,-1
331,110,810.9,201.9,23.2,57.3,1,-1,-1,-1
331,114,1118.5,213.7,19.9,39.8,1,-1,-1,-1
331,136,319.2,563.2,41.7,76.8,1,-1,-1,-1
331,139,201.0,99.0,19.0,36.3,1,-1,-1,-1
331,145,268.6,126.1,19.0,43.3,1,-1,-1,-1
331,147,551.5,329.7,32.3,74.2,1,-1,-1,-1
331,151,489.0,177.9,15.6,34.5,1,-1,-1,-1
331,153,533.7,240.4,16.8,35.5,1,-1,-1,-1
331,157,1105.2,204.6,20.7,45.6,1,-1,-1,-1
331,159,125.2,151.1,24.5,27.1,1,-1,-1,-1
331,160,196.2,61.0,15.6,25.8,1,-1,-1,-1
331,166,158.3,282.2,57.9,40.4,1,-1,-1,-1
331,170,249.7,586.1,51.6,113.4,1,-1,-1,-1
331,172,219.8,506.1,91.0,68.3,1,-1,-1,-1
331,173,83.3,63.0,16.1,26.4,1,-1,-1,-1
331,174,47.8,106.9,18.3,31.6,1,-1,-1,-1
331,179,0.6,345.8,40.8,48.9,1,-1,-1,-1
331,181,130.6,236.7,26.6,63.8,1,-1,-1,-1
331,184,360.5,279.5,42.1,41.4,1,-1,-1,-1
331,185,17.1,115.3,19.4,32.2,1,-1,-1,-1
331,186,605.5,379.7,36.3,88.6,1,-1,-1,-1
331,190,797.5,221.0,22.4,50.1,1,-1,-1,-1
331,191,748.2,249.5,19.8,53.0,1,-1,-1,-1
331,192,829.1,337.0,33.0,82.5,1,-1,-1,-1
332,2,193.9,372.8,52.1,58.8,1,-1,-1,-1
332,5,690.2,375.8,44.3,91.3,1,-1,-1,-1
332,6,309.7,354.3,29.7,88.3,1,-1,-1,-1
332,7,362.1,374.5,35.0,94.5,1,-1,-1,-1
332,8,710.4,256.1,25.1,50.5,1,-1,-1,-1
332,12,325.2,237.7,23.2,48.3,1,-1,-1,-1
332,15,736.0,253.7,22.4,52.9,1,-1,-1,-1
332,16,471.0,227.8,24.2,59.9,1,-1,-1,-1
332,17,922.9,292.5,36.0,40.8,1,-1,-1,-1
332,18,270.3,353.4,36.3,85.4,1,-1,-1,-1
332,21,620.6,413.5,42.8,105.1,1,-1,-1,-1
332,22,587.9,329.8,31.5,70.1,1,-1,-1,-1
332,24,904.9,212.1,24.8,55.5,1,-1,-1,-1
332,25,621.3,169.4,21.8,54.8,1,-1,-1,-1
332,29,780.6,184.8,21.3,32.1,1,-1,-1,-1
332,47,730.2,326.7,34.1,73.1,1,-1,-1,-1
332,53,406.1,127.5,15.2,30.7,1,-1,-1,-1
332,69,166.3,328.3,30.5,34.8,1,-1,-1,-1
332,72,445.3,100.4,18.9,35.9,1,-1,-1,-1
332,73,681.9,357.8,39.8,73.9,1,-1,-1,-1
332,90,162.6,236.3,28.5,63.8,1,-1,-1,-1
332,96,203.9,313.0,60.2,44.2,1,-1,-1,-1
332,106,550.0,221.3,18.9,40.3,1,-1,-1,-1
332,110,811.4,202.0,23.4,56.8,1,-1,-1,-1
332,114,1120.0,213.2,19.9,41.2,1,-1,-1,-1
332,130,231.1,431.8,55.4,63.8,1,-1,-1,-1
332,136,312.5,559.8,43.6,87.5,1,-1,-1,-1
332,139,202.8,99.2,18.9,36.5,1,-1,-1,-1
332,145,272.4,126.7,18.8,43.7,1,-1,-1,-1
332,147,547.1,329.4,34.3,74.6,1,-1,-1,-1
332,151,491.0,179.3,15.3,34.5,1,-1,-1,-1
332,153,534.0,236.1,17.5,39.9,1,-1,-1,-1
332,157,1106.3,205.0,22.7,44.6,1,-1,-1,-1
332,159,126.6,150.7,24.7,26.9,1,-1,-1,-1
332,160,198.4,60.2,15.5,25.5,1,-1,-1,-1
332,166,157.3,281.8,58.4,39.2,1,-1,-1,-1
332,170,245.9,585.5,50.9,112.3,1,-1,-1,-1
332,172,220.1,503.6,90.4,69.1,1,-1,-1,-1
332,173,84.8,62.7,16.5,26.0,1,-1,-1,-1
332,174,49.2,105.3,18.3,31.7,1,-1,-1,-1
332,179,0.6,344.8,42.2,49.4,1,-1,-1,-1
332,181,132.6,235.2,25.2,62.0,1,-1,-1,-1
332,184,360.6,278.9,42.5,41.5,1,-1,-1,-1
332,185,18.2,114.2,19.8,32.8,1,-1,-1,-1
332,186,604.0,377.3,37.7,90.9,1,-1,-1,-1
332,192,831.0,337.9,33.4,79.1,1,-1,-1,-1
333,2,193.4,371.6,53.2,59.7,1,-1,-1,-1
333,5,680.2,375.3,46.2,91.2,1,-1,-1,-1
333,6,309.8,353.7,29.8,88.9,1,-1,-1,-1
333,7,361.8,374.8,35.0,93.7,1,-1,-1,-1
333,8,711.4,253.8,22.9,53.0,1,-1,-1,-1
333,12,328.1,237.9,23.0,48.5,1,-1,-1,-1
333,15,736.2,253.3,22.6,53.0,1,-1,-1,-1
333,16,471.1,227.6,23.6,59.8,1,-1,-1,-1
333,17,923.3,293.9,35.9,40.3,1,-1,-1,-1
333,18,269.9,352.0,35.2,86.3,1,-1,-1,-1
333,21,622.4,414.1,41.5,107.1,1,-1,-1,-1
333,22,589.3,329.8,31.4,70.6,1,-1,-1,-1
333,24,905.1,211.9,24.6,56.2,1,-1,-1,-1
333,25,624.0,168.6,21.8,49.3,1,-1,-1,-1
333,29,782.3,184.6,21.2,31.9,1,-1,-1,-1
333,47,725.6,326.4,37.4,73.3,1,-1,-1,-1
333,53,410.1,127.3,15.3,29.2,1,-1,-1,-1
333,69,167.0,328.2,30.5,34.0,1,-1,-1,-1
333,72,447.6,101.0,17.8,35.7,1,-1,-1,-1
333,90,163.3,235.4,28.6,64.4,1,-1,-1,-1
333,96,204.7,313.0,61.2,44.2,1,-1,-1,-1
333,106,551.0,221.1,20.3,41.5,1,-1,-1,-1
333,110,811.6,202.0,24.3,57.5,1,-1,-1,-1
333,114,1119.9,213.4,20.0,41.5,1,-1,-1,-1
333,130,230.5,431.5,56.3,63.6,1,-1,-1,-1
333,136,308.9,556.9,43.4,92.9,1,-1,-1,-1
333,139,205.8,99.3,18.3,36.3,1,-1,-1,-1
333,145,275.9,127.7,18.7,42.5,1,-1,-1,-1
333,147,543.2,328.3,35.2,74.0,1,-1,-1,-1
333,151,493.2,179.5,14.8,35.1,1,-1,-1,-1
333,153,535.0,232.7,18.0,43.5,1,-1,-1,-1
333,157,1104.5,205.1,22.8,48.8,1,-1,-1,-1
333,159,128.8,150.7,24.7,26.9,1,-1,-1,-1
333,160,199.6,60.1,15.7,26.6,1,-1,-1,-1
333,166,156.9,281.2,59.9,39.7,1,-1,-1,-1
333,170,243.4,580.5,51.8,113.4,1,-1,-1,-1
333,172,218.6,502.6,89.0,68.8,1,-1,-1,-1
333,173,86.1,62.1,16.5,26.4,1,-1,-1,-1
333,174,50.0,104.8,18.9,32.8,1,-1,-1,-1
333,179,1.1,344.4,41.8,48.8,1,-1,-1,-1
333,181,133.9,207.8,22.8,57.4,1,-1,-1,-1
333,184,360.7,278.9,42.8,41.0,1,-1,-1,-1
333,185,20.4,112.8,20.1,33.6,1,-1,-1,-1
333,186,601.5,376.9,39.2,91.9,1,-1,-1,-1
333,192,821.5,338.0,33.9,81.3,1,-1,-1,-1
334,2,192.9,371.0,53.5,59.9,1,-1,-1,-1
334,5,669.8,377.0,47.0,86.2,1,-1,-1,-1
334,6,309.7,353.3,30.1,88.7,1,-1,-1,-1
334,7,360.5,373.6,35.6,94.2,1,-1,-1,-1
334,8,712.5,252.9,21.9,54.6,1,-1,-1,-1
334,12,330.7,237.8,22.5,48.7,1,-1,-1,-1
334,15,736.2,253.1,22.8,52.7,1,-1,-1,-1
334,16,471.5,227.6,23.4,59.9,1,-1,-1,-1
334,17,923.0,292.8,36.2,40.5,1,-1,-1,-1
334,18,270.6,351.3,34.0,86.6,1,-1,-1,-1
334,21,623.0,414.3,41.5,109.8,1,-1,-1,-1
334,22,589.1,326.9,28.2,72.1,1,-1,-1,-1
334,24,907.4,210.7,24.9,56.0,1,-1,-1,-1
334,25,623.1,169.5,24.2,54.4,1,-1,-1,-1
334,29,783.9,183.5,21.9,30.7,1,-1,-1,-1
334,47,725.4,325.7,36.9,73.9,1,-1,-1,-1
334,53,413.6,126.9,15.6,29.7,1,-1,-1,-1
334,69,167.3,327.8,30.8,33.9,1,-1,-1,-1
334,72,450.7,101.4,16.2,34.0,1,-1,-1,-1
334,90,164.5,234.8,29.1,62.8,1,-1,-1,-1
334,96,205.2,312.6,61.1,43.6,1,-1,-1,-1
334,106,551.1,221.3,21.2,42.3,1,-1,-1,-1
334,110,811.8,202.4,24.6,57.5,1,-1,-1,-1
334,114,1120.4,214.1,20.6,41.1,1,-1,-1,-1
334,130,230.0,431.2,56.4,62.1,1,-1,-1,-1
334,136,309.1,558.0,44.2,84.5,1,-1,-1,-1
334,139,207.7,99.5,17.7,35.6,1,-1,-1,-1
334,145,278.7,126.9,18.1,42.7,1,-1,-1,-1
334,147,538.7,322.3,35.8,73.5,1,-1,-1,-1
334,151,494.7,179.7,14.7,34.9,1,-1,-1,-1
334,153,535.6,231.5,18.1,45.1,1,-1,-1,-1
334,157,1104.0,204.5,23.6,50.9,1,-1,-1,-1
334,159,130.7,150.5,24.7,27.0,1,-1,-1,-1
334,160,201.9,60.6,15.0,26.9,1,-1,-1,-1
334,166,173.5,280.9,49.7,37.9,1,-1,-1,-1
334,170,241.7,578.9,52.2,113.3,1,-1,-1,-1
334,172,217.1,501.7,89.1,67.9,1,-1,-1,-1
334,173,88.5,61.9,16.0,25.8,1,-1,-1,-1
334,174,51.6,106.4,18.8,32.9,1,-1,-1,-1
334,179,2.0,343.8,41.5,47.7,1,-1,-1,-1
334,181,134.2,169.3,21.2,54.2,1,-1,-1,-1
334,184,361.3,280.0,43.7,39.6,1,-1,-1,-1
334,185,25.3,113.0,19.4,31.3,1,-1,-1,-1
334,186,599.8,377.2,40.4,92.3,1,-1,-1,-1
334,192,819.5,342.3,32.2,78.8,1,-1,-1,-1
335,2,193.0,370.5,52.9,59.7,1,-1,-1,-1
335,5,667.9,378.4,39.5,81.7,1,-1,-1,-1
335,6,309.4,352.9,30.1,88.3,1,-1,-1,-1
335,7,360.4,372.4,35.8,95.0,1,-1,-1,-1
335,8,713.4,252.7,21.8,55.0,1,-1,-1,-1
335,12,332.1,238.0,21.8,48.2,1,-1,-1,-1
335,15,736.3,253.1,23.1,52.5,1,-1,-1,-1
335,16,471.8,226.7,24.1,60.6,1,-1,-1,-1
335,17,923.4,294.2,35.9,40.1,1,-1,-1,-1
335,18,270.2,351.0,34.2,86.7,1,-1,-1,-1
335,21,623.7,413.1,42.9,109.0,1,-1,-1,-1
335,22,588.5,324.3,28.1,72.1,1,-1,-1,-1
335,24,907.9,211.1,24.9,55.8,1,-1,-1,-1
335,25,624.5,170.0,24.6,56.2,1,-1,-1,-1
335,29,785.6,183.1,21.7,30.2,1,-1,-1,-1
335,47,724.4,324.4,37.1,74.5,1,-1,-1,-1
335,53,416.8,127.5,15.2,29.0,1,-1,-1,-1
335,69,167.9,327.5,30.7,33.8,1,-1,-1,-1
335,72,452.0,101.9,15.8,34.0,1,-1,-1,-1
335,90,164.9,234.6,31.5,62.5,1,-1,-1,-1
335,96,205.1,312.0,60.4,44.0,1,-1,-1,-1
335,106,552.1,220.7,20.2,42.4,1,-1,-1,-1
335,110,811.7,202.5,24.9,56.7,1,-1,-1,-1
335,114,1122.1,215.1,19.6,39.7,1,-1,-1,-1
335,130,229.8,431.0,56.0,61.0,1,-1,-1,-1
335,136,307.6,559.0,44.6,80.6,1,-1,-1,-1
335,139,208.3,99.6,17.6,35.2,1,-1,-1,-1
335,145,281.1,126.8,18.1,42.5,1,-1,-1,-1
335,147,534.1,319.0,33.6,71.0,1,-1,-1,-1
335,151,496.0,179.2,15.0,34.9,1,-1,-1,-1
335,153,535.7,229.9,19.0,46.4,1,-1,-1,-1
335,157,1107.6,204.4,23.1,48.4,1,-1,-1,-1
335,159,133.2,150.4,24.1,26.5,1,-1,-1,-1
335,160,204.6,60.3,14.3,25.9,1,-1,-1,-1
335,161,571.8,238.7,19.0,35.7,1,-1,-1,-1
335,166,187.4,280.4,37.8,37.2,1,-1,-1,-1
335,170,240.3,583.9,51.8,110.8,1,-1,-1,-1
335,172,217.3,499.4,89.1,67.9,1,-1,-1,-1
335,173,90.7,60.8,16.1,25.5,1,-1,-1,-1
335,174,52.9,103.9,19.5,33.8,1,-1,-1,-1
335,179,2.9,343.1,41.0,47.1,1,-1,-1,-1
335,180,158.8,296.1,41.8,42.7,1,-1,-1,-1
335,184,361.5,280.1,43.5,39.1,1,-1,-1,-1
335,185,27.8,113.9,18.7,32.1,1,-1,-1,-1
335,186,598.5,377.7,41.1,92.8,1,-1,-1,-1
335,192,810.3,340.5,33.0,76.8,1,-1,-1,-1
335,193,135.5,233.4,25.1,62.9,1,-1,-1,-1
335,194,52.1,39.0,15.4,29.9,1,-1,-1,-1
336,2,194.1,370.3,52.8,58.2,1,-1,-1,-1
336,5,660.6,367.9,40.6,88.6,1,-1,-1,-1
336,6,309.3,352.4,30.0,87.7,1,-1,-1,-1
336,7,360.2,371.5,36.0,95.7,1,-1,-1,-1
336,8,712.9,253.7,24.3,53.2,1,-1,-1,-1
336,12,333.2,237.1,22.8,46.9,1,-1,-1,-1
336,15,736.4,253.1,23.3,52.5,1,-1,-1,-1
336,16,472.4,226.6,24.2,60.8,1,-1,-1,-1
336,17,924.4,294.9,35.3,40.2,1,-1,-1,-1
336,18,270.0,350.5,34.6,86.7,1,-1,-1,-1
336,21,623.8,413.1,43.6,107.4,1,-1,-1,-1
336,22,586.9,322.8,29.7,73.0,1,-1,-1,-1
336,24,907.5,211.7,25.0,54.9,1,-1,-1,-1
336,25,623.9,168.1,20.1,51.5,1,-1,-1,-1
336,29,787.6,183.5,20.7,31.3,1,-1,-1,-1
336,47,721.1,322.4,38.2,75.3,1,-1,-1,-1
336,53,421.1,126.7,15.5,28.3,1,-1,-1,-1
336,69,169.2,326.4,30.9,35.8,1,-1,-1,-1
336,72,453.1,101.7,17.3,36.3,1,-1,-1,-1
336,90,169.0,234.7,30.9,60.6,1,-1,-1,-1
336,96,205.9,311.1,60.0,43.4,1,-1,-1,-1
336,106,552.6,219.7,20.1,43.4,1,-1,-1,-1
336,110,812.3,202.4,25.2,56.8,1,-1,-1,-1
336,114,1125.2,211.1,19.4,40.2,1,-1,-1,-1
336,130,229.8,430.7,55.5,59.8,1,-1,-1,-1
336,136,301.0,555.2,46.8,88.9,1,-1,-1,-1
336,139,211.6,101.6,17.1,35.5,1,-1,-1,-1
336,145,284.9,126.5,18.5,42.4,1,-1,-1,-1
336,147,529.5,317.4,33.9,74.4,1,-1,-1,-1
336,151,497.9,178.7,14.8,34.9,1,-1,-1,-1
336,153,535.8,229.3,19.3,46.9,1,-1,-1,-1
336,157,1109.5,204.8,22.3,46.9,1,-1,-1,-1
336,159,135.7,149.9,23.9,26.3,1,-1,-1,-1
336,160,208.2,61.7,14.7,25.2,1,-1,-1,-1
336,161,573.9,238.3,18.4,35.4,1,-1,-1,-1
336,166,203.0,279.8,29.6,36.3,1,-1,-1,-1
336,170,245.4,578.9,47.9,71.8,1,-1,-1,-1
336,172,217.4,498.4,88.8,68.0,1,-1,-1,-1
336,173,94.6,61.1,16.5,25.6,1,-1,-1,-1
336,174,55.8,102.7,19.7,34.1,1,-1,-1,-1
336,179,3.7,342.5,40.7,46.8,1,-1,-1,-1
336,180,160.7,280.4,54.8,41.4,1,-1,-1,-1
336,184,362.1,278.9,41.7,40.7,1,-1,-1,-1
336,185,32.1,116.5,18.7,34.6,1,-1,-1,-1
336,186,597.3,378.7,41.1,92.4,1,-1,-1,-1
336,192,799.9,338.0,33.0,75.3,1,-1,-1,-1
336,193,135.4,231.0,26.5,66.6,1,-1,-1,-1
336,194,54.9,40.5,14.4,28.9,1,-1,-1,-1
336,195,704.0,383.6,17.0,50.5,1,-1,-1,-1
337,2,193.5,368.9,53.0,58.0,1,-1,-1,-1
337,5,652.5,364.9,43.7,90.7,1,-1,-1,-1
337,6,309.2,351.3,29.7,88.1,1,-1,-1,-1
337,7,360.1,370.8,35.7,96.4,1,-1,-1,-1
337,8,712.6,254.2,25.4,51.9,1,-1,-1,-1
337,12,334.3,237.2,23.0,46.5,1,-1,-1,-1
337,15,736.8,252.5,23.6,53.0,1,-1,-1,-1
337,16,473.4,226.9,24.6,63.2,1,-1,-1,-1
337,17,924.7,294.5,35.2,40.7,1,-1,-1,-1
337,18,269.6,349.9,35.2,86.7,1,-1,-1,-1
337,21,623.0,416.0,43.9,105.1,1,-1,-1,-1
337,22,580.6,319.8,34.6,76.6,1,-1,-1,-1
337,24,909.3,212.1,24.7,54.7,1,-1,-1,-1
337,25,625.1,167.9,22.5,56.1,1,-1,-1,-1
337,29,788.5,183.3,20.1,30.4,1,-1,-1,-1
337,47,719.7,321.5,37.6,74.5,1,-1,-1,-1
337,53,424.0,124.7,15.4,29.3,1,-1,-1,-1
337,69,169.8,325.7,30.9,36.7,1,-1,-1,-1
337,72,454.9,101.4,16.5,35.4,1,-1,-1,-1
337,90,168.9,234.0,30.4,61.1,1,-1,-1,-1
337,96,206.9,310.7,59.7,43.8,1,-1,-1,-1
337,106,552.9,219.3,19.8,43.7,1,-1,-1,-1
337,110,812.8,202.5,25.1,56.3,1,-1,-1,-1
337,114,1126.2,209.8,19.6,41.5,1,-1,-1,-1
337,130,229.5,430.4,55.2,58.9,1,-1,-1,-1
337,136,299.8,555.6,45.9,85.8,1,-1,-1,-1
337,139,212.5,100.0,17.2,35.7,1,-1,-1,-1
337,145,287.3,125.6,18.9,43.5,1,-1,-1,-1
337,147,525.4,307.6,31.3,61.9,1,-1,-1,-1
337,151,499.5,179.2,14.7,34.3,1,-1,-1,-1
337,153,536.8,237.6,18.1,40.6,1,-1,-1,-1
337,157,1108.7,205.0,22.2,47.9,1,-1,-1,-1
337,159,137.4,148.8,23.7,26.9,1,-1,-1,-1
337,160,209.7,60.9,14.8,24.4,1,-1,-1,-1
337,170,251.2,558.1,46.0,51.7,1,-1,-1,-1
337,172,215.6,497.8,90.4,67.8,1,-1,-1,-1
337,173,96.7,60.7,16.6,24.6,1,-1,-1,-1
337,174,59.6,101.9,19.0,34.2,1,-1,-1,-1
337,179,4.1,341.8,40.6,46.3,1,-1,-1,-1
337,180,160.2,277.9,60.1,39.9,1,-1,-1,-1
337,184,362.4,278.7,44.5,40.5,1,-1,-1,-1
337,185,32.1,112.5,19.4,37.6,1,-1,-1,-1
337,186,596.3,381.6,37.8,88.6,1,-1,-1,-1
337,190,806.0,339.8,36.7,80.0,1,-1,-1,-1
337,193,138.2,230.2,25.6,67.4,1,-1,-1,-1
337,194,56.2,44.0,13.7,27.2,1,-1,-1,-1
337,195,719.9,407.4,2.9,33.0,1,-1,-1,-1
338,2,193.6,367.4,53.4,58.4,1,-1,-1,-1
338,5,657.1,352.9,47.4,82.8,1,-1,-1,-1
338,6,309.4,350.8,30.0,88.5,1,-1,-1,-1
338,7,360.1,369.9,35.3,96.7,1,-1,-1,-1
338,8,712.0,254.2,25.8,51.3,1,-1,-1,-1
338,12,336.0,237.4,22.3,46.6,1,-1,-1,-1
338,15,737.0,252.0,23.8,53.6,1,-1,-1,-1
338,16,474.0,226.9,24.6,63.8,1,-1,-1,-1
338,17,925.3,294.8,34.7,40.4,1,-1,-1,-1
338,18,269.6,348.7,35.3,87.6,1,-1,-1,-1
338,21,623.8,418.5,42.4,102.1,1,-1,-1,-1
338,22,578.5,319.0,37.0,82.6,1,-1,-1,-1
338,24,911.1,212.1,24.2,54.2,1,-1,-1,-1
338,25,629.9,167.9,21.0,49.8,1,-1,-1,-1
338,29,789.8,183.2,19.1,29.5,1,-1,-1,-1
338,47,718.4,320.5,35.6,74.7,1,-1,-1,-1
338,53,427.8,123.4,14.0,26.6,1,-1,-1,-1
338,69,170.1,326.3,30.9,34.5,1,-1,-1,-1
338,72,457.2,101.1,16.4,34.9,1,-1,-1,-1
338,90,169.3,233.3,30.3,61.4,1,-1,-1,-1
338,96,208.6,310.1,60.4,44.1,1,-1,-1,-1
338,106,553.6,218.5,19.1,43.5,1,-1,-1,-1
338,110,814.9,203.6,24.4,55.4,1,-1,-1,-1
338,114,1125.8,213.4,20.3,41.8,1,-1,-1,-1
338,127,213.9,416.3,53.5,55.6,1,-1,-1,-1
338,136,296.8,556.4,44.9,83.9,1,-1,-1,-1
338,139,214.6,99.5,17.1,35.7,1,-1,-1,-1
338,145,290.5,125.7,18.7,42.9,1,-1,-1,-1
338,147,521.9,300.6,33.7,70.4,1,-1,-1,-1
338,151,500.5,177.7,15.7,34.9,1,-1,-1,-1
338,153,538.0,242.3,16.9,35.0,1,-1,-1,-1
338,157,1111.5,205.6,23.0,46.5,1,-1,-1,-1
338,159,139.1,148.7,23.7,27.2,1,-1,-1,-1
338,160,210.4,60.2,15.4,24.2,1,-1,-1,-1
338,172,222.2,484.9,61.9,61.9,1,-1,-1,-1
338,173,98.4,60.6,16.3,24.6,1,-1,-1,-1
338,174,62.1,102.0,18.6,34.0,1,-1,-1,-1
338,179,4.5,341.0,40.6,46.3,1,-1,-1,-1
338,180,161.4,278.8,60.9,40.0,1,-1,-1,-1
338,184,362.0,278.6,45.2,40.5,1,-1,-1,-1
338,185,33.7,110.3,19.1,36.3,1,-1,-1,-1
338,186,594.1,378.0,37.3,92.0,1,-1,-1,-1
338,190,797.0,330.0,33.6,78.2,1,-1,-1,-1
338,193,139.2,231.8,24.9,65.0,1,-1,-1,-1
338,196,234.0,576.9,53.1,112.4,1,-1,-1,-1
339,2,194.7,367.9,51.4,57.3,1,-1,-1,-1
339,5,658.1,351.3,37.9,76.3,1,-1,-1,-1
339,6,309.1,350.2,30.4,88.3,1,-1,-1,-1
339,7,358.9,369.0,35.7,97.1,1,-1,-1,-1
339,8,712.4,254.1,25.7,51.0,1,-1,-1,-1
339,12,337.6,236.8,21.7,46.1,1,-1,-1,-1
339,15,737.0,251.9,23.9,54.1,1,-1,-1,-1
339,16,474.3,226.4,24.3,64.2,1,-1,-1,-1
339,17,925.5,295.0,34.7,40.3,1,-1,-1,-1
339,18,269.3,348.0,35.7,88.1,1,-1,-1,-1
339,21,624.3,418.4,41.2,101.9,1,-1,-1,-1
339,22,576.6,317.8,37.9,84.0,1,-1,-1,-1
339,24,912.3,211.9,23.4,54.2,1,-1,-1,-1
339,25,631.9,168.8,20.1,45.2,1,-1,-1,-1
339,29,790.2,184.4,19.3,29.7,1,-1,-1,-1
339,47,714.4,319.7,33.8,73.5,1,-1,-1,-1
339,53,431.7,123.3,15.1,29.0,1,-1,-1,-1
339,69,170.9,326.5,30.7,32.9,1,-1,-1,-1
339,72,458.0,100.2,17.4,36.7,1,-1,-1,-1
339,90,170.3,232.7,29.7,60.6,1,-1,-1,-1
339,96,202.5,307.5,59.5,45.2,1,-1,-1,-1
339,106,554.8,218.2,18.6,43.3,1,-1,-1,-1
339,110,817.7,202.9,23.2,56.8,1,-1,-1,-1
339,114,1126.9,215.0,19.9,41.2,1,-1,-1,-1
339,127,213.6,415.5,53.7,55.4,1,-1,-1,-1
339,136,296.2,554.9,40.5,84.8,1,-1,-1,-1
339,139,217.8,98.6,17.2,37.1,1,-1,-1,-1
339,145,292.5,125.8,18.0,42.7,1,-1,-1,-1
339,147,517.5,309.6,35.5,77.5,1,-1,-1,-1
339,151,501.9,178.0,16.1,35.0,1,-1,-1,-1
339,153,538.5,243.4,16.2,33.2,1,-1,-1,-1
339,157,1113.3,205.9,23.0,45.6,1,-1,-1,-1
339,159,141.2,148.3,23.1,27.3,1,-1,-1,-1
339,160,211.4,58.0,15.1,21.5,1,-1,-1,-1
339,172,224.1,483.1,51.5,59.9,1,-1,-1,-1
339,173,101.5,60.6,15.7,24.6,1,-1,-1,-1
339,174,64.6,102.8,19.2,34.4,1,-1,-1,-1
339,179,5.4,340.3,39.8,47.1,1,-1,-1,-1
339,180,164.2,279.4,58.2,39.1,1,-1,-1,-1
339,184,362.0,278.3,45.9,40.7,1,-1,-1,-1
339,185,36.9,111.2,18.9,35.0,1,-1,-1,-1
339,186,592.4,376.7,37.0,92.8,1,-1,-1,-1
339,190,789.9,328.2,30.2,75.2,1,-1,-1,-1
339,193,139.5,232.1,25.5,63.1,1,-1,-1,-1
339,196,232.3,575.2,52.2,113.5,1,-1,-1,-1
339,198,64.1,47.8,13.7,20.7,1,-1,-1,-1
339,199,446.2,88.9,15.1,26.3,1,-1,-1,-1
340,2,195.6,368.0,49.9,56.6,1,-1,-1,-1
340,5,658.3,347.2,34.3,71.6,1,-1,-1,-1
340,6,309.0,349.7,31.0,89.0,1,-1,-1,-1
340,7,358.5,368.3,35.8,97.1,1,-1,-1,-1
340,8,713.5,253.6,24.8,51.4,1,-1,-1,-1
340,12,340.1,237.7,20.6,47.3,1,-1,-1,-1
340,15,737.2,251.7,23.6,54.3,1,-1,-1,-1
340,16,474.8,225.6,24.2,63.9,1,-1,-1,-1
340,17,925.9,295.2,34.7,40.3,1,-1,-1,-1
340,18,269.1,347.1,36.1,88.5,1,-1,-1,-1
340,21,625.5,419.4,38.8,101.4,1,-1,-1,-1
340,22,572.2,316.7,38.3,83.9,1,-1,-1,-1
340,24,914.1,213.6,23.3,54.9,1,-1,-1,-1
340,25,632.5,169.5,19.7,42.7,1,-1,-1,-1
340,29,790.9,186.3,20.3,31.2,1,-1,-1,-1
340,47,712.8,319.0,30.9,73.7,1,-1,-1,-1
340,53,435.1,123.0,15.0,29.6,1,-1,-1,-1
340,69,171.7,326.4,30.6,31.8,1,-1,-1,-1
340,72,460.8,100.7,16.6,35.5,1,-1,-1,-1
340,90,171.2,232.5,29.2,61.1,1,-1,-1,-1
340,96,201.3,307.0,58.6,44.7,1,-1,-1,-1
340,106,555.2,218.9,18.4,44.2,1,-1,-1,-1
340,110,819.0,202.0,22.6,57.9,1,-1,-1,-1
340,114,1128.0,215.3,19.7,41.0,1,-1,-1,-1
340,127,214.3,413.9,53.4,55.8,1,-1,-1,-1
340,136,291.1,547.8,40.3,91.8,1,-1,-1,-1
340,139,219.9,97.4,17.2,37.3,1,-1,-1,-1
340,145,295.7,125.6,18.1,42.7,1,-1,-1,-1
340,147,511.8,308.7,33.3,81.2,1,-1,-1,-1
340,151,504.1,178.9,15.1,34.7,1,-1,-1,-1
340,153,538.9,245.5,15.5,30.4,1,-1,-1,-1
340,157,1114.2,205.4,22.4,44.2,1,-1,-1,-1
340,159,143.3,147.9,22.8,27.0,1,-1,-1,-1
340,160,213.9,57.6,14.7,19.4,1,-1,-1,-1
340,172,225.3,479.6,39.3,57.3,1,-1,-1,-1
340,173,105.0,60.9,16.8,23.9,1,-1,-1,-1
340,174,67.0,102.0,20.0,34.0,1,-1,-1,-1
340,179,6.4,339.1,38.7,45.3,1,-1,-1,-1
340,180,165.8,278.7,55.9,38.6,1,-1,-1,-1
340,184,363.8,277.0,42.5,41.2,1,-1,-1,-1
340,185,38.8,112.4,19.5,35.5,1,-1,-1,-1
340,186,591.1,376.3,37.0,93.2,1,-1,-1,-1
340,190,786.2,328.3,29.6,72.3,1,-1,-1,-1
340,193,139.2,230.8,26.7,63.0,1,-1,-1,-1
340,196,230.9,574.3,52.7,113.3,1,-1,-1,-1
340,198,66.9,59.0,12.3,11.5,1,-1,-1,-1
340,199,445.1,85.7,15.4,25.6,1,-1,-1,-1
340,201,807.8,206.2,17.7,31.3,1,-1,-1,-1
340,202,210.6,495.5,93.1,69.1,1,-1,-1,-1
341,2,195.4,366.4,49.9,57.2,1,-1,-1,-1
341,6,308.9,349.1,31.6,89.2,1,-1,-1,-1
341,7,358.4,367.6,35.7,96.7,1,-1,-1,-1
341,8,714.3,253.4,24.2,52.0,1,-1,-1,-1
341,12,341.7,237.5,20.8,47.5,1,-1,-1,-1
341,15,737.6,251.5,23.4,54.5,1,-1,-1,-1
341,16,475.5,225.4,23.8,62.7,1,-1,-1,-1
341,17,926.2,295.4,35.1,40.6,1,-1,-1,-1
341,18,269.6,346.4,35.6,88.7,1,-1,-1,-1
341,21,626.4,419.2,37.4,100.9,1,-1,-1,-1
341,22,569.9,316.8,37.8,82.3,1,-1,-1,-1
341,24,916.8,213.1,22.3,49.6,1,-1,-1,-1
341,25,633.8,170.1,20.4,43.4,1,-1,-1,-1
341,29,791.6,186.5,20.7,32.6,1,-1,-1,-1
341,47,714.5,319.8,27.6,74.1,1,-1,-1,-1
341,53,437.6,123.1,14.4,29.6,1,-1,-1,-1
341,69,172.3,326.2,30.7,31.4,1,-1,-1,-1
341,72,462.9,100.7,16.4,34.6,1,-1,-1,-1
341,90,172.3,232.8,29.0,61.3,1,-1,-1,-1
341,96,201.5,306.7,58.7,44.4,1,-1,-1,-1
341,106,555.9,218.7,19.7,45.9,1,-1,-1,-1
341,110,819.9,201.2,22.3,58.9,1,-1,-1,-1
341,114,1128.5,215.1,20.1,41.3,1,-1,-1,-1
341,127,214.4,413.0,53.4,55.8,1,-1,-1,-1
341,136,289.1,545.1,39.0,95.0,1,-1,-1,-1
341,139,221.3,97.1,17.1,36.8,1,-1,-1,-1
341,145,299.1,126.1,17.6,42.2,1,-1,-1,-1
341,147,509.5,303.2,27.3,63.8,1,-1,-1,-1
341,151,506.0,179.8,15.2,34.6,1,-1,-1,-1
341,157,1115.1,206.4,22.0,44.9,1,-1,-1,-1
341,159,145.5,148.3,22.7,26.3,1,-1,-1,-1
341,160,216.2,59.0,14.6,21.3,1,-1,-1,-1
341,161,577.3,237.2,17.0,35.8,1,-1,-1,-1
341,173,107.4,60.6,16.8,23.6,1,-1,-1,-1
341,174,70.9,101.9,19.3,32.6,1,-1,-1,-1
341,179,7.0,338.7,37.8,44.9,1,-1,-1,-1
341,180,166.8,278.3,55.1,38.6,1,-1,-1,-1
341,184,365.4,276.8,41.1,41.0,1,-1,-1,-1
341,185,41.6,111.1,19.3,34.9,1,-1,-1,-1
341,186,589.5,376.5,37.9,93.4,1,-1,-1,-1
341,190,782.2,329.0,29.0,73.3,1,-1,-1,-1
341,193,143.3,232.5,24.4,62.1,1,-1,-1,-1
341,196,230.3,573.9,52.1,112.8,1,-1,-1,-1
341,201,808.4,205.2,16.9,27.0,1,-1,-1,-1
341,202,208.7,494.4,93.4,70.3,1,-1,-1,-1
341,203,625.1,360.9,37.4,81.8,1,-1,-1,-1
341,204,0.0,134.9,11.2,40.6,1,-1,-1,-1
341,205,392.3,116.0,11.5,19.7,1,-1,-1,-1
342,2,195.2,365.5,50.3,57.6,1,-1,-1,-1
342,6,308.8,348.6,31.7,88.9,1,-1,-1,-1
342,7,358.0,367.4,35.5,95.7,1,-1,-1,-1
342,8,714.5,252.8,22.6,51.6,1,-1,-1,-1
342,12,342.9,237.6,20.7,47.9,1,-1,-1,-1
342,15,739.1,253.1,26.3,51.9,1,-1,-1,-1
342,16,476.1,225.2,23.3,61.6,1,-1,-1,-1
342,17,926.4,295.5,35.5,40.9,1,-1,-1,-1
342,18,270.2,347.4,37.5,85.8,1,-1,-1,-1
342,21,628.8,426.8,35.0,94.1,1,-1,-1,-1
342,22,569.5,317.0,37.2,81.1,1,-1,-1,-1
342,24,917.9,213.7,21.7,43.8,1,-1,-1,-1
342,25,631.3,170.5,23.0,53.9,1,-1,-1,-1
342,29,792.0,186.5,21.1,33.8,1,-1,-1,-1
342,47,710.4,319.4,30.1,74.5,1,-1,-1,-1
342,53,442.3,122.5,15.3,30.7,1,-1,-1,-1
342,69,172.4,325.3,31.6,32.2,1,-1,-1,-1
342,72,464.9,100.9,16.1,34.3,1,-1,-1,-1
342,90,174.0,233.1,28.0,61.4,1,-1,-1,-1
342,96,202.6,306.5,59.6,43.9,1,-1,-1,-1
342,106,555.8,218.5,20.9,47.4,1,-1,-1,-1
342,110,820.3,200.8,22.6,58.9,1,-1,-1,-1
342,114,1129.4,214.7,20.7,42.3,1,-1,-1,-1
342,127,214.3,412.0,52.9,56.3,1,-1,-1,-1
342,136,288.8,544.4,37.8,94.8,1,-1,-1,-1
342,139,223.6,98.1,17.2,36.7,1,-1,-1,-1
342,145,301.0,123.7,17.4,41.9,1,-1,-1,-1
342,147,505.0,286.8,24.0,57.1,1,-1,-1,-1
342,151,507.6,179.1,15.3,34.9,1,-1,-1,-1
342,157,1115.3,207.3,20.1,44.3,1,-1,-1,-1
342,159,147.3,148.1,23.1,26.1,1,-1,-1,-1
342,160,219.4,59.3,15.1,23.8,1,-1,-1,-1
342,161,578.5,236.9,17.2,36.2,1,-1,-1,-1
342,173,109.0,60.2,16.7,23.4,1,-1,-1,-1
342,174,73.4,101.6,18.6,32.1,1,-1,-1,-1
342,179,7.8,338.3,37.1,44.0,1,-1,-1,-1
342,180,167.2,278.1,55.3,39.4,1,-1,-1,-1
342,184,366.4,276.6,41.5,41.1,1,-1,-1,-1
342,185,46.0,115.5,19.0,34.9,1,-1,-1,-1
342,186,588.2,376.7,39.0,93.8,1,-1,-1,-1
342,190,776.8,325.7,32.3,75.8,1,-1,-1,-1
342,193,145.7,233.7,23.1,60.1,1,-1,-1,-1
342,196,229.7,573.4,51.3,111.8,1,-1,-1,-1
342,201,809.0,204.8,16.2,26.7,1,-1,-1,-1
342,202,207.7,494.2,92.4,69.7,1,-1,-1,-1
342,203,618.8,356.5,41.1,82.0,1,-1,-1,-1
342,204,0.1,130.9,12.9,45.6,1,-1,-1,-1
342,205,394.0,116.0,10.6,18.7,1,-1,-1,-1
342,206,147.0,202.8,20.7,55.7,1,-1,-1,-1
343,2,196.0,364.8,49.9,58.1,1,-1,-1,-1
343,6,308.8,348.4,31.7,89.0,1,-1,-1,-1
343,7,357.7,367.5,35.3,94.5,1,-1,-1,-1
343,8,714.8,252.6,21.9,51.2,1,-1,-1,-1
343,12,343.8,238.2,20.8,47.9,1,-1,-1,-1
343,15,740.2,253.2,26.4,51.3,1,-1,-1,-1
343,16,476.7,225.3,22.5,60.9,1,-1,-1,-1
343,17,926.6,294.8,36.0,41.5,1,-1,-1,-1
343,18,270.7,347.5,37.7,84.4,1,-1,-1,-1
343,21,625.2,420.9,38.1,99.8,1,-1,-1,-1
343,22,569.2,317.6,36.1,77.6,1,-1,-1,-1
343,24,917.3,215.0,22.3,49.4,1,-1,-1,-1
343,25,631.3,169.5,23.8,58.2,1,-1,-1,-1
343,29,792.7,185.0,21.6,33.6,1,-1,-1,-1
343,47,707.1,319.3,32.4,74.6,1,-1,-1,-1
343,53,445.6,122.1,15.6,30.5,1,-1,-1,-1
343,69,173.1,324.2,32.2,33.1,1,-1,-1,-1
343,72,466.1,100.6,16.8,35.1,1,-1,-1,-1
343,90,175.4,231.8,27.0,60.1,1,-1,-1,-1
343,96,204.8,305.9,58.5,43.9,1,-1,-1,-1
343,106,556.3,217.8,21.4,48.6,1,-1,-1,-1
343,110,822.0,200.4,22.2,59.3,1,-1,-1,-1
343,114,1130.9,214.9,20.7,43.3,1,-1,-1,-1
343,127,214.5,411.2,52.6,56.3,1,-1,-1,-1
343,136,287.8,543.3,37.6,94.1,1,-1,-1,-1
343,139,227.6,100.9,16.8,36.3,1,-1,-1,-1
343,145,304.8,123.9,17.3,41.9,1,-1,-1,-1
343,151,509.6,178.9,14.7,35.2,1,-1,-1,-1
343,157,1115.9,205.5,23.0,48.3,1,-1,-1,-1
343,159,150.2,148.4,24.4,26.7,1,-1,-1,-1
343,160,221.3,58.9,15.2,24.8,1,-1,-1,-1
343,161,579.7,236.9,17.3,36.4,1,-1,-1,-1
343,173,112.5,59.8,16.1,23.4,1,-1,-1,-1
343,174,76.6,101.9,18.1,32.6,1,-1,-1,-1
343,179,8.5,337.6,37.1,43.7,1,-1,-1,-1
343,180,180.5,276.2,49.1,38.2,1,-1,-1,-1
343,184,367.0,276.3,42.8,41.2,1,-1,-1,-1
343,185,46.1,111.8,19.9,36.4,1,-1,-1,-1
343,186,586.6,376.7,39.7,94.1,1,-1,-1,-1
343,190,766.7,321.7,39.6,78.2,1,-1,-1,-1
343,193,146.3,232.3,23.3,61.8,1,-1,-1,-1
343,196,227.7,570.3,52.0,114.1,1,-1,-1,-1
343,201,809.2,204.6,16.0,26.7,1,-1,-1,-1
343,202,207.1,493.7,90.4,69.4,1,-1,-1,-1
343,203,614.3,355.5,39.2,82.5,1,-1,-1,-1
343,204,0.1,129.3,14.6,44.1,1,-1,-1,-1
343,206,157.1,204.2,14.0,52.7,1,-1,-1,-1
343,207,498.5,311.9,30.1,79.3,1,-1,-1,-1
343,208,0.0,63.7,11.9,28.4,1,-1,-1,-1
343,209,75.9,48.3,13.4,19.8,1,-1,-1,-1
344,2,196.3,364.4,49.8,58.1,1,-1,-1,-1
344,6,308.9,348.1,31.4,88.6,1,-1,-1,-1
344,7,357.0,367.3,35.4,93.8,1,-1,-1,-1
344,8,716.5,253.1,22.7,51.2,1,-1,-1,-1
344,12,344.9,237.5,20.0,47.4,1,-1,-1,-1
344,15,739.9,253.5,26.3,51.0,1,-1,-1,-1
344,16,476.9,224.4,22.3,62.3,1,-1,-1,-1
344,17,927.0,294.5,36.1,41.7,1,-1,-1,-1
344,18,270.4,346.9,37.7,84.3,1,-1,-1,-1
344,21,624.8,416.2,40.0,104.1,1,-1,-1,-1
344,22,567.6,318.6,36.4,77.1,1,-1,-1,-1
344,24,917.0,214.5,22.6,52.9,1,-1,-1,-1
344,25,633.3,166.7,23.8,59.9,1,-1,-1,-1
344,29,794.9,182.9,22.0,32.9,1,-1,-1,-1
344,47,704.9,318.8,34.1,74.5,1,-1,-1,-1
344,53,449.0,121.6,15.5,29.5,1,-1,-1,-1
344,69,173.3,323.3,33.0,33.4,1,-1,-1,-1
344,72,467.9,100.7,17.3,35.3,1,-1,-1,-1
344,90,175.9,231.3,27.2,60.1,1,-1,-1,-1
344,96,205.2,305.2,58.7,44.3,1,-1,-1,-1
344,106,557.4,217.0,21.2,48.1,1,-1,-1,-1
344,110,822.2,200.1,22.7,58.5,1,-1,-1,-1
344,114,1134.9,211.2,19.9,43.6,1,-1,-1,-1
344,127,214.6,410.5,52.2,56.4,1,-1,-1,-1
344,136,286.1,541.5,38.0,93.0,1,-1,-1,-1
344,139,230.8,101.1,16.6,34.6,1,-1,-1,-1
344,145,307.4,123.1,18.5,41.5,1,-1,-1,-1
344,151,511.1,179.4,15.0,35.1,1,-1,-1,-1
344,157,1118.3,205.4,24.5,49.7,1,-1,-1,-1
344,159,150.9,146.7,23.8,27.4,1,-1,-1,-1
344,160,222.4,58.3,15.3,25.1,1,-1,-1,-1
344,173,115.7,60.1,17.3,23.3,1,-1,-1,-1
344,174,78.8,101.6,17.8,33.4,1,-1,-1,-1
344,179,9.9,336.6,38.7,44.7,1,-1,-1,-1
344,180,170.3,275.4,55.8,43.2,1,-1,-1,-1
344,184,366.6,275.7,44.8,41.8,1,-1,-1,-1
344,185,48.2,110.3,19.8,36.0,1,-1,-1,-1
344,186,586.3,376.4,40.2,94.0,1,-1,-1,-1
344,190,757.0,317.0,35.1,75.0,1,-1,-1,-1
344,193,144.3,229.9,24.8,62.6,1,-1,-1,-1
344,196,225.0,568.7,53.9,115.2,1,-1,-1,-1
344,201,805.7,200.8,17.9,28.9,1,-1,-1,-1
344,202,217.6,481.0,62.1,58.6,1,-1,-1,-1
344,203,607.6,357.6,43.1,81.9,1,-1,-1,-1
344,204,-0.0,130.4,15.7,40.4,1,-1,-1,-1
344,207,491.9,315.5,25.6,80.1,1,-1,-1,-1
344,208,0.2,63.9,14.2,28.0,1,-1,-1,-1
344,209,78.8,61.3,11.4,9.5,1,-1,-1,-1
344,211,638.0,348.0,25.9,68.9,1,-1,-1,-1
345,2,196.7,363.8,49.2,58.3,1,-1,-1,-1
345,6,308.6,347.8,31.2,88.5,1,-1,-1,-1
345,7,356.4,367.3,35.4,93.0,1,-1,-1,-1
345,8,717.9,254.4,22.8,50.1,1,-1,-1,-1
345,12,346.1,237.4,21.2,46.7,1,-1,-1,-1
345,15,740.4,253.4,25.7,51.3,1,-1,-1,-1
345,16,478.0,222.8,22.0,63.2,1,-1,-1,-1
345,17,927.3,294.7,36.2,42.0,1,-1,-1,-1
345,18,270.0,346.5,37.5,84.6,1,-1,-1,-1
345,21,625.0,415.7,40.0,106.1,1,-1,-1,-1
345,22,566.1,318.3,37.2,77.8,1,-1,-1,-1
345,24,918.7,213.2,24.3,56.5,1,-1,-1,-1
345,25,634.2,164.8,23.9,60.7,1,-1,-1,-1
345,29,794.3,182.6,22.6,33.6,1,-1,-1,-1
345,47,703.1,317.1,35.8,75.6,1,-1,-1,-1
345,53,453.8,121.4,15.8,29.3,1,-1,-1,-1
345,69,174.4,322.6,33.0,33.9,1,-1,-1,-1
345,72,469.8,100.0,17.0,35.6,1,-1,-1,-1
345,90,176.3,230.7,27.4,60.1,1,-1,-1,-1
345,96,212.3,305.5,56.0,45.8,1,-1,-1,-1
345,106,558.4,215.3,21.5,48.5,1,-1,-1,-1
345,110,821.4,200.0,23.7,58.6,1,-1,-1,-1
345,114,1139.3,206.9,19.7,44.1,1,-1,-1,-1
345,130,228.3,425.6,53.0,57.6,1,-1,-1,-1
345,136,282.0,539.0,40.1,92.4,1,-1,-1,-1
345,139,232.5,100.5,16.5,33.9,1,-1,-1,-1
345,145,310.5,123.8,18.6,42.5,1,-1,-1,-1
345,151,512.0,179.5,15.8,35.6,1,-1,-1,-1
345,153,543.1,241.2,16.4,32.2,1,-1,-1,-1
345,157,1120.2,206.1,25.6,49.6,1,-1,-1,-1
345,159,152.6,145.6,24.1,28.0,1,-1,-1,-1
345,160,224.7,57.3,14.9,23.5,1,-1,-1,-1
345,173,118.5,60.1,17.2,23.8,1,-1,-1,-1
345,174,81.5,99.2,18.4,33.6,1,-1,-1,-1
345,179,10.5,336.2,40.3,46.2,1,-1,-1,-1
345,180,166.2,274.4,58.9,44.0,1,-1,-1,-1
345,184,366.3,275.3,45.6,42.0,1,-1,-1,-1
345,185,50.2,109.2,19.4,35.4,1,-1,-1,-1
345,186,586.0,376.4,40.6,93.5,1,-1,-1,-1
345,190,750.2,314.1,32.7,73.4,1,-1,-1,-1
345,193,144.8,229.8,24.4,61.9,1,-1,-1,-1
345,196,222.7,568.2,54.0,115.8,1,-1,-1,-1
345,200,253.8,495.3,48.1,70.6,1,-1,-1,-1
345,201,802.7,198.5,18.3,28.9,1,-1,-1,-1
345,202,223.0,479.0,48.2,54.0,1,-1,-1,-1
345,203,607.8,359.0,37.2,77.0,1,-1,-1,-1
345,204,0.2,129.0,17.9,42.5,1,-1,-1,-1
345,208,0.9,64.0,16.4,28.0,1,-1,-1,-1
345,211,632.3,346.7,26.6,75.7,1,-1,-1,-1
346,2,197.1,363.0,49.3,58.1,1,-1,-1,-1
346,6,308.4,347.5,30.6,88.4,1,-1,-1,-1
346,7,356.3,367.0,35.6,92.7,1,-1,-1,-1
346,8,718.4,256.4,22.2,48.0,1,-1,-1,-1
346,12,345.4,235.3,21.9,42.6,1,-1,-1,-1
346,15,741.5,253.5,25.6,51.2,1,-1,-1,-1
346,16,478.5,222.5,22.4,63.1,1,-1,-1,-1
346,17,927.8,294.4,36.2,42.4,1,-1,-1,-1
346,18,269.4,343.7,36.1,86.3,1,-1,-1,-1
346,21,625.1,416.8,39.1,105.3,1,-1,-1,-1
346,22,564.9,317.5,37.6,79.0,1,-1,-1,-1
346,24,918.1,211.5,24.3,58.4,1,-1,-1,-1
346,25,638.2,164.2,21.8,51.9,1,-1,-1,-1
346,29,796.9,183.6,21.6,33.3,1,-1,-1,-1
346,47,702.4,316.6,35.9,75.7,1,-1,-1,-1
346,53,457.4,119.8,15.7,28.7,1,-1,-1,-1
346,69,176.2,321.6,31.7,34.3,1,-1,-1,-1
346,72,471.2,99.2,17.2,36.6,1,-1,-1,-1
346,90,177.5,230.6,28.6,60.8,1,-1,-1,-1
346,96,214.0,305.4,52.5,45.5,1,-1,-1,-1
346,110,822.0,200.0,23.9,58.0,1,-1,-1,-1
346,130,229.1,424.2,52.3,57.4,1,-1,-1,-1
346,136,278.3,537.7,39.4,92.2,1,-1,-1,-1
346,139,234.4,99.6,16.3,34.3,1,-1,-1,-1
346,145,313.0,124.5,18.3,42.8,1,-1,-1,-1
346,151,513.9,180.2,15.2,34.8,1,-1,-1,-1
346,153,543.4,240.5,16.3,32.5,1,-1,-1,-1
346,157,1120.5,206.0,27.3,49.2,1,-1,-1,-1
346,159,153.9,144.7,24.1,28.3,1,-1,-1,-1
346,160,227.1,55.9,14.5,22.1,1,-1,-1,-1
346,161,579.0,236.5,18.3,35.9,1,-1,-1,-1
346,173,120.8,59.6,16.5,24.1,1,-1,-1,-1
346,174,83.9,100.4,17.9,33.5,1,-1,-1,-1
346,179,10.7,334.8,41.6,47.9,1,-1,-1,-1
346,180,184.7,273.5,47.3,39.7,1,-1,-1,-1
346,184,359.1,273.5,37.5,36.4,1,-1,-1,-1
346,185,53.2,109.3,19.2,35.3,1,-1,-1,-1
346,186,586.3,375.7,40.7,92.8,1,-1,-1,-1
346,190,747.4,314.5,30.6,72.8,1,-1,-1,-1
346,193,150.1,228.2,24.2,63.0,1,-1,-1,-1
346,196,220.0,567.2,53.8,116.5,1,-1,-1,-1
346,200,260.1,494.9,40.5,71.5,1,-1,-1,-1
346,202,224.2,480.9,44.6,53.9,1,-1,-1,-1
346,203,606.7,357.0,34.6,77.9,1,-1,-1,-1
346,204,0.9,128.2,20.9,43.8,1,-1,-1,-1
346,208,4.5,63.6,17.3,27.4,1,-1,-1,-1
346,211,631.4,344.7,26.5,76.3,1,-1,-1,-1
346,212,487.2,313.3,38.2,78.8,1,-1,-1,-1
347,2,197.1,362.5,49.5,57.9,1,-1,-1,-1
347,6,307.8,347.1,29.6,88.5,1,-1,-1,-1
347,7,356.0,366.7,36.0,93.0,1,-1,-1,-1
347,8,718.9,256.7,21.7,47.5,1,-1,-1,-1
347,12,347.7,237.3,23.1,46.9,1,-1,-1,-1
347,15,742.0,253.5,25.6,51.4,1,-1,-1,-1
347,16,478.8,222.1,23.1,63.2,1,-1,-1,-1
347,17,927.3,294.3,36.5,42.3,1,-1,-1,-1
347,18,270.4,344.8,36.5,85.7,1,-1,-1,-1
347,21,625.4,417.8,38.2,103.3,1,-1,-1,-1
347,22,562.9,316.1,37.8,79.6,1,-1,-1,-1
347,24,919.3,211.2,25.3,59.9,1,-1,-1,-1
347,25,640.4,166.6,20.5,44.5,1,-1,-1,-1
347,29,799.1,183.7,20.4,33.7,1,-1,-1,-1
347,47,701.4,314.9,36.1,77.1,1,-1,-1,-1
347,53,459.4,118.9,15.1,27.6,1,-1,-1,-1
347,69,177.7,321.5,30.6,34.2,1,-1,-1,-1
347,72,474.1,99.1,16.6,35.4,1,-1,-1,-1
347,90,178.0,230.2,30.2,61.5,1,-1,-1,-1
347,96,214.6,305.2,53.3,45.4,1,-1,-1,-1
347,110,822.8,201.1,23.9,58.2,1,-1,-1,-1
347,114,1139.1,217.0,19.6,42.4,1,-1,-1,-1
347,130,228.9,423.8,51.6,56.5,1,-1,-1,-1
347,136,276.4,536.3,38.7,91.9,1,-1,-1,-1
347,139,235.5,98.8,16.8,34.3,1,-1,-1,-1
347,145,314.1,121.8,19.7,42.3,1,-1,-1,-1
347,151,515.5,180.2,15.0,34.5,1,-1,-1,-1
347,153,543.4,239.6,16.6,33.3,1,-1,-1,-1
347,157,1122.8,205.5,26.9,47.4,1,-1,-1,-1
347,159,156.0,144.6,23.7,28.4,1,-1,-1,-1
347,160,230.8,58.4,14.7,23.0,1,-1,-1,-1
347,161,579.8,236.4,18.6,36.0,1,-1,-1,-1
347,173,123.9,59.7,16.0,24.6,1,-1,-1,-1
347,174,86.4,100.2,17.4,34.1,1,-1,-1,-1
347,179,11.2,333.5,42.0,48.3,1,-1,-1,-1
347,180,187.8,273.3,45.4,37.8,1,-1,-1,-1
347,184,359.5,274.5,30.6,31.4,1,-1,-1,-1
347,185,55.1,109.5,19.4,35.4,1,-1,-1,-1
347,186,587.1,376.1,39.9,91.6,1,-1,-1,-1
347,190,743.1,311.0,29.2,71.1,1,-1,-1,-1
347,193,152.1,228.3,25.1,63.3,1,-1,-1,-1
347,196,231.3,548.4,44.4,116.7,1,-1,-1,-1
347,200,266.1,494.9,35.7,72.2,1,-1,-1,-1
347,202,228.7,487.8,35.7,51.3,1,-1,-1,-1
347,203,606.4,355.3,32.4,77.2,1,-1,-1,-1
347,204,3.5,128.2,21.8,45.2,1,-1,-1,-1
347,208,6.6,63.0,17.2,27.1,1,-1,-1,-1
347,210,171.3,290.6,37.0,41.4,1,-1,-1,-1
347,211,629.6,342.8,28.1,77.4,1,-1,-1,-1
347,212,484.5,315.6,33.0,75.6,1,-1,-1,-1
347,214,87.2,49.4,14.0,17.7,1,-1,-1,-1
348,2,196.8,362.1,50.4,57.9,1,-1,-1,-1
348,6,307.8,346.6,29.2,88.5,1,-1,-1,-1
348,7,356.3,365.4,35.9,94.2,1,-1,-1,-1
348,8,718.6,254.3,22.5,49.2,1,-1,-1,-1
348,12,348.0,237.2,22.3,46.0,1,-1,-1,-1
348,15,741.6,253.3,25.8,51.5,1,-1,-1,-1
348,16,479.0,221.9,23.4,63.1,1,-1,-1,-1
348,17,927.6,294.1,36.6,42.6,1,-1,-1,-1
348,18,270.3,345.7,36.7,84.1,1,-1,-1,-1
348,21,625.3,417.4,38.3,102.6,1,-1,-1,-1
348,22,562.2,315.0,37.2,80.7,1,-1,-1,-1
348,24,920.1,211.2,25.3,59.7,1,-1,-1,-1
348,25,640.8,168.1,20.2,40.9,1,-1,-1,-1
348,29,801.2,185.6,19.6,35.4,1,-1,-1,-1
348,47,698.9,313.3,33.6,77.5,1,-1,-1,-1
348,53,463.5,119.4,13.9,26.4,1,-1,-1,-1
348,69,178.1,320.1,29.8,34.9,1,-1,-1,-1
348,72,476.6,99.7,16.5,34.9,1,-1,-1,-1
348,90,179.0,229.9,31.2,60.9,1,-1,-1,-1
348,96,215.4,304.5,57.7,45.5,1,-1,-1,-1
348,106,560.9,217.4,19.3,47.1,1,-1,-1,-1
348,110,822.9,202.3,24.4,58.1,1,-1,-1,-1
348,114,1139.2,219.7,19.5,42.1,1,-1,-1,-1
348,130,228.5,423.3,51.0,55.9,1,-1,-1,-1
348,136,274.8,536.4,39.1,90.1,1,-1,-1,-1
348,139,237.2,97.5,17.6,35.5,1,-1,-1,-1
348,145,317.7,121.9,19.6,41.3,1,-1,-1,-1
348,151,517.0,179.6,15.2,33.9,1,-1,-1,-1
348,153,544.2,239.5,16.4,33.2,1,-1,-1,-1
348,157,1123.1,206.3,25.5,49.0,1,-1,-1,-1
348,159,157.8,144.7,23.1,28.3,1,-1,-1,-1
348,160,232.5,58.6,14.9,24.2,1,-1,-1,-1
348,161,580.5,236.3,19.1,36.3,1,-1,-1,-1
348,173,125.5,59.2,16.6,25.0,1,-1,-1,-1
348,174,88.8,100.3,17.5,34.3,1,-1,-1,-1
348,179,12.2,332.9,41.4,46.7,1,-1,-1,-1
348,180,187.2,273.4,46.5,36.7,1,-1,-1,-1
348,184,354.7,273.4,25.5,27.7,1,-1,-1,-1
348,185,58.2,108.7,19.3,35.0,1,-1,-1,-1
348,186,587.4,376.1,39.8,91.4,1,-1,-1,-1
348,190,737.9,310.1,27.1,66.9,1,-1,-1,-1
348,193,152.0,227.4,24.1,62.7,1,-1,-1,-1
348,196,233.6,544.2,40.5,114.0,1,-1,-1,-1
348,204,5.0,127.2,22.6,46.0,1,-1,-1,-1
348,208,8.5,63.5,17.0,26.7,1,-1,-1,-1
348,210,172.3,290.9,36.2,40.4,1,-1,-1,-1
348,211,628.3,340.4,28.3,76.2,1,-1,-1,-1
348,212,479.7,313.6,35.5,76.0,1,-1,-1,-1
348,213,154.4,198.5,23.5,56.4,1,-1,-1,-1
348,214,89.9,49.8,14.0,17.5,1,-1,-1,-1
348,215,206.0,488.8,85.7,67.1,1,-1,-1,-1
349,2,196.6,361.9,50.7,57.5,1,-1,-1,-1
349,6,308.0,346.1,28.9,88.6,1,-1,-1,-1
349,7,356.2,364.6,35.7,94.3,1,-1,-1,-1
349,8,718.2,253.3,23.7,50.7,1,-1,-1,-1
349,12,350.3,237.7,22.1,49.8,1,-1,-1,-1
349,15,741.5,252.8,24.0,51.3,1,-1,-1,-1
349,16,479.3,222.1,23.7,62.4,1,-1,-1,-1
349,17,928.6,294.2,36.4,42.5,1,-1,-1,-1
349,18,269.6,345.0,37.7,83.8,1,-1,-1,-1
349,21,624.6,418.4,39.2,102.0,1,-1,-1,-1
349,22,564.0,317.0,35.0,77.3,1,-1,-1,-1
349,24,920.9,211.8,25.1,58.5,1,-1,-1,-1
349,25,641.9,169.1,19.7,39.3,1,-1,-1,-1
349,29,801.9,185.5,19.4,34.1,1,-1,-1,-1
349,47,697.5,310.4,31.8,79.1,1,-1,-1,-1
349,53,467.7,118.5,14.8,27.6,1,-1,-1,-1
349,69,178.4,318.7,29.6,35.2,1,-1,-1,-1
349,72,479.1,99.5,16.6,34.8,1,-1,-1,-1
349,90,179.6,229.6,30.9,59.5,1,-1,-1,-1
349,96,214.9,303.9,60.7,45.4,1,-1,-1,-1
349,106,561.7,217.9,18.9,46.9,1,-1,-1,-1
349,110,823.1,202.7,24.7,57.0,1,-1,-1,-1
349,127,214.3,407.3,51.8,56.6,1,-1,-1,-1
349,136,272.5,535.3,40.3,90.1,1,-1,-1,-1
349,139,240.6,109.2,17.3,29.4,1,-1,-1,-1
349,145,320.1,122.6,19.1,41.1,1,-1,-1,-1
349,151,518.8,179.4,15.3,34.0,1,-1,-1,-1
349,153,545.7,239.9,16.3,32.9,1,-1,-1,-1
349,157,1124.9,206.7,23.1,47.4,1,-1,-1,-1
349,159,161.2,146.1,23.9,27.7,1,-1,-1,-1
349,160,233.8,55.6,14.6,22.4,1,-1,-1,-1
349,161,582.0,236.3,18.3,36.5,1,-1,-1,-1
349,173,128.9,59.5,16.4,24.7,1,-1,-1,-1
349,174,90.3,98.9,18.9,34.1,1,-1,-1,-1
349,179,13.2,332.6,40.9,47.3,1,-1,-1,-1
349,180,185.7,273.2,49.2,36.9,1,-1,-1,-1
349,185,61.1,108.9,19.1,34.5,1,-1,-1,-1
349,186,587.5,375.1,39.6,91.9,1,-1,-1,-1
349,190,729.4,308.5,27.9,67.1,1,-1,-1,-1
349,193,151.9,226.1,24.1,64.6,1,-1,-1,-1
349,196,232.5,545.5,39.8,109.0,1,-1,-1,-1
349,204,6.4,126.5,22.1,45.6,1,-1,-1,-1
349,208,12.2,63.1,16.6,27.4,1,-1,-1,-1
349,210,171.9,290.0,37.6,38.9,1,-1,-1,-1
349,211,626.4,337.9,29.1,74.2,1,-1,-1,-1
349,212,475.7,316.1,35.7,75.3,1,-1,-1,-1
349,213,164.8,194.9,21.6,53.9,1,-1,-1,-1
349,215,205.4,488.7,86.1,66.1,1,-1,-1,-1
349,216,369.0,274.7,43.1,40.0,1,-1,-1,-1
350,2,196.4,361.4,50.9,57.1,1,-1,-1,-1
350,6,307.1,344.4,27.1,87.9,1,-1,-1,-1
350,7,355.8,364.2,35.3,94.1,1,-1,-1,-1
350,8,718.5,253.2,23.8,51.3,1,-1,-1,-1
350,12,351.5,235.7,21.1,45.6,1,-1,-1,-1
350,15,742.0,252.8,22.9,51.1,1,-1,-1,-1
350,16,479.4,222.0,23.7,62.1,1,-1,-1,-1
350,17,928.8,294.3,36.3,42.5,1,-1,-1,-1
350,18,268.9,344.5,38.0,83.5,1,-1,-1,-1
350,21,623.4,417.4,39.6,102.1,1,-1,-1,-1
350,22,564.9,317.7,33.2,75.6,1,-1,-1,-1
350,24,923.0,211.6,24.5,57.0,1,-1,-1,-1
350,25,642.9,169.9,19.3,40.0,1,-1,-1,-1
350,29,802.0,185.6,19.3,33.6,1,-1,-1,-1
350,47,697.0,308.5,31.2,81.0,1,-1,-1,-1
350,53,471.6,119.6,13.7,26.9,1,-1,-1,-1
350,69,178.7,317.9,29.5,34.8,1,-1,-1,-1
350,72,480.7,99.3,16.4,34.3,1,-1,-1,-1
350,90,180.1,229.2,30.6,59.9,1,-1,-1,-1
350,96,214.4,303.5,61.6,45.0,1,-1,-1,-1
350,110,822.6,202.8,25.2,56.2,1,-1,-1,-1
350,127,213.3,406.9,52.3,57.0,1,-1,-1,-1
350,136,266.3,533.3,42.1,91.2,1,-1,-1,-1
350,139,243.2,115.6,17.2,24.1,1,-1,-1,-1
350,145,322.5,122.5,18.3,41.3,1,-1,-1,-1
350,151,520.5,180.1,15.4,33.7,1,-1,-1,-1
350,153,547.1,239.8,16.1,32.8,1,-1,-1,-1
350,157,1126.0,207.2,24.3,47.6,1,-1,-1,-1
350,159,161.1,144.7,24.5,27.9,1,-1,-1,-1
350,160,235.0,55.4,14.5,21.4,1,-1,-1,-1
350,161,582.4,236.1,18.2,36.6,1,-1,-1,-1
350,173,130.7,59.1,16.4,24.6,1,-1,-1,-1
350,174,92.9,98.4,19.1,33.8,1,-1,-1,-1
350,179,13.8,332.2,39.9,46.8,1,-1,-1,-1
350,180,185.4,273.0,48.2,36.8,1,-1,-1,-1
350,185,62.9,109.0,18.4,33.4,1,-1,-1,-1
350,186,587.5,374.3,39.0,92.4,1,-1,-1,-1
350,190,723.6,307.7,27.9,67.1,1,-1,-1,-1
350,191,755.6,246.9,19.3,46.8,1,-1,-1,-1
350,193,152.5,225.4,24.2,64.2,1,-1,-1,-1
350,196,216.2,565.1,46.8,110.5,1,-1,-1,-1
350,204,9.6,126.8,21.6,44.4,1,-1,-1,-1
350,208,16.4,63.3,16.6,27.5,1,-1,-1,-1
350,210,173.2,288.9,37.0,39.9,1,-1,-1,-1
350,211,624.7,335.9,30.1,73.1,1,-1,-1,-1
350,212,474.6,316.6,36.7,74.6,1,-1,-1,-1
350,214,96.5,35.5,15.4,30.5,1,-1,-1,-1
350,215,203.7,488.4,86.9,65.3,1,-1,-1,-1
350,216,369.1,274.9,43.2,39.2,1,-1,-1,-1
350,217,0.0,109.8,11.8,28.1,1,-1,-1,-1
351,2,196.1,360.8,51.1,57.4,1,-1,-1,-1
351,6,306.6,344.1,26.0,88.0,1,-1,-1,-1
351,7,355.3,363.8,35.0,93.9,1,-1,-1,-1
351,8,717.6,252.8,25.1,51.9,1,-1,-1,-1
351,12,352.7,235.7,21.0,43.2,1,-1,-1,-1
351,15,742.2,252.9,22.7,51.4,1,-1,-1,-1
351,16,479.7,221.9,23.5,62.5,1,-1,-1,-1
351,17,929.3,294.3,35.8,42.5,1,-1,-1,-1
351,18,268.1,343.6,38.0,83.4,1,-1,-1,-1
351,21,622.4,416.7,40.0,102.1,1,-1,-1,-1
351,22,565.4,317.9,32.4,76.1,1,-1,-1,-1
351,24,925.6,212.7,24.3,56.3,1,-1,-1,-1
351,25,644.2,170.0,19.9,43.1,1,-1,-1,-1
351,29,803.1,185.8,18.9,33.8,1,-1,-1,-1
351,47,697.5,308.3,26.8,74.4,1,-1,-1,-1
351,53,475.6,118.8,13.6,27.7,1,-1,-1,-1
351,69,178.9,317.7,29.8,34.3,1,-1,-1,-1
351,72,482.9,98.9,16.6,35.2,1,-1,-1,-1
351,90,180.9,228.0,29.7,58.9,1,-1,-1,-1
351,96,214.5,303.3,61.2,43.7,1,-1,-1,-1
351,106,563.5,216.7,18.8,45.3,1,-1,-1,-1
351,110,824.9,203.4,24.9,55.7,1,-1,-1,-1
351,136,263.1,533.4,42.4,88.7,1,-1,-1,-1
351,139,246.4,124.6,17.2,20.7,1,-1,-1,-1
351,145,325.3,122.0,18.8,41.1,1,-1,-1,-1
351,151,521.7,179.9,15.3,33.9,1,-1,-1,-1
351,153,547.6,239.6,15.8,33.0,1,-1,-1,-1
351,157,1128.2,206.8,23.7,48.1,1,-1,-1,-1
351,159,163.2,143.9,24.3,27.4,1,-1,-1,-1
351,160,236.9,56.5,14.3,20.5,1,-1,-1,-1
351,161,581.8,235.4,19.0,36.9,1,-1,-1,-1
351,173,132.8,58.8,15.7,24.5,1,-1,-1,-1
351,174,95.0,99.7,18.4,33.6,1,-1,-1,-1
351,179,14.6,331.6,40.2,47.8,1,-1,-1,-1
351,180,173.5,273.0,56.0,37.8,1,-1,-1,-1
351,185,64.7,109.0,18.2,32.8,1,-1,-1,-1
351,186,587.7,379.9,35.9,87.0,1,-1,-1,-1
351,190,717.3,304.4,28.6,68.5,1,-1,-1,-1
351,191,755.1,248.7,20.7,48.6,1,-1,-1,-1
351,193,151.8,224.0,24.6,64.7,1,-1,-1,-1
351,196,210.7,568.2,50.6,111.3,1,-1,-1,-1
351,204,12.2,126.3,21.1,45.4,1,-1,-1,-1
351,208,18.6,62.7,16.4,27.9,1,-1,-1,-1
351,210,172.2,296.4,36.9,33.2,1,-1,-1,-1
351,211,621.1,332.1,32.8,74.6,1,-1,-1,-1
351,212,468.6,317.9,35.4,74.0,1,-1,-1,-1
351,214,98.0,44.2,14.9,26.1,1,-1,-1,-1
351,215,201.9,486.6,88.8,66.6,1,-1,-1,-1
351,216,369.8,274.3,42.7,38.5,1,-1,-1,-1
351,217,0.6,108.4,15.0,29.2,1,-1,-1,-1
352,2,195.8,360.2,51.1,57.5,1,-1,-1,-1
352,6,306.9,343.4,26.2,87.6,1,-1,-1,-1
352,7,354.7,363.6,34.7,93.8,1,-1,-1,-1
352,8,717.1,252.5,26.1,51.9,1,-1,-1,-1
352,12,354.8,237.2,20.5,45.2,1,-1,-1,-1
352,15,742.7,252.9,22.7,51.6,1,-1,-1,-1
352,16,479.8,221.6,23.5,62.4,1,-1,-1,-1
352,17,929.0,294.2,36.0,42.8,1,-1,-1,-1
352,18,268.1,343.4,38.1,84.1,1,-1,-1,-1
352,21,622.2,416.2,39.9,102.5,1,-1,-1,-1
352,22,565.9,317.8,32.1,76.8,1,-1,-1,-1
352,24,926.8,213.2,24.0,56.5,1,-1,-1,-1
352,25,645.2,169.3,20.4,45.2,1,-1,-1,-1
352,29,803.8,186.2,19.4,33.5,1,-1,-1,-1
352,47,697.4,310.9,26.9,73.1,1,-1,-1,-1
352,53,479.8,119.0,13.3,27.8,1,-1,-1,-1
352,69,179.1,317.7,30.2,34.2,1,-1,-1,-1
352,72,482.7,99.0,18.1,39.6,1,-1,-1,-1
352,90,182.2,226.7,28.4,57.8,1,-1,-1,-1
352,96,215.1,303.1,60.2,42.4,1,-1,-1,-1
352,106,564.3,217.6,18.7,45.0,1,-1,-1,-1
352,110,826.1,203.8,24.6,56.1,1,-1,-1,-1
352,136,261.2,534.3,42.4,85.3,1,-1,-1,-1
352,145,327.9,121.0,19.8,42.8,1,-1,-1,-1
352,151,522.7,179.9,15.4,33.6,1,-1,-1,-1
352,153,548.2,240.1,16.0,32.7,1,-1,-1,-1
352,157,1127.6,208.1,23.7,47.6,1,-1,-1,-1
352,159,165.5,143.6,23.9,27.0,1,-1,-1,-1
352,160,240.4,56.4,14.2,20.3,1,-1,-1,-1
352,161,581.2,235.1,19.8,36.9,1,-1,-1,-1
352,173,134.9,58.9,15.6,24.2,1,-1,-1,-1
352,174,97.3,99.9,17.8,33.7,1,-1,-1,-1
352,179,15.0,330.6,40.4,47.3,1,-1,-1,-1
352,180,173.0,271.7,58.5,38.2,1,-1,-1,-1
352,185,66.4,108.5,19.1,33.6,1,-1,-1,-1
352,186,586.6,375.8,39.2,90.0,1,-1,-1,-1
352,190,712.9,304.5,27.9,66.4,1,-1,-1,-1
352,191,755.7,247.8,19.7,46.0,1,-1,-1,-1
352,193,154.8,226.2,24.0,62.1,1,-1,-1,-1
352,196,209.1,564.8,52.6,112.7,1,-1,-1,-1
352,204,15.2,126.8,20.2,45.3,1,-1,-1,-1
352,208,20.4,62.5,16.5,28.0,1,-1,-1,-1
352,210,170.0,293.1,35.2,34.3,1,-1,-1,-1
352,211,619.2,330.0,33.9,76.3,1,-1,-1,-1
352,212,466.3,317.9,30.8,73.7,1,-1,-1,-1
352,214,99.6,48.5,14.2,22.3,1,-1,-1,-1
352,215,208.9,475.3,63.3,59.5,1,-1,-1,-1
352,216,370.2,274.1,42.7,38.2,1,-1,-1,-1
352,217,4.1,107.3,17.5,31.8,1,-1,-1,-1
352,219,242.2,95.4,18.8,36.2,1,-1,-1,-1
352,221,160.0,196.6,22.1,57.0,1,-1,-1,-1
353,2,196.2,359.8,50.6,57.6,1,-1,-1,-1
353,6,306.5,343.1,26.5,88.0,1,-1,-1,-1
353,7,353.9,363.1,34.6,93.7,1,-1,-1,-1
353,8,716.4,252.0,24.5,51.7,1,-1,-1,-1
353,12,356.5,238.0,20.8,46.8,1,-1,-1,-1
353,15,742.6,252.7,23.1,51.6,1,-1,-1,-1
353,16,480.1,221.3,23.5,62.4,1,-1,-1,-1
353,17,929.2,294.1,36.4,42.6,1,-1,-1,-1
353,18,267.2,342.4,37.8,83.4,1,-1,-1,-1
353,21,621.9,416.1,40.0,102.4,1,-1,-1,-1
353,22,566.6,316.8,31.7,75.8,1,-1,-1,-1
353,24,926.9,213.1,24.3,57.0,1,-1,-1,-1
353,25,645.9,167.8,20.6,46.6,1,-1,-1,-1
353,29,804.6,185.9,19.6,34.1,1,-1,-1,-1
353,47,693.1,309.3,29.1,76.4,1,-1,-1,-1
353,69,179.3,317.4,30.2,33.9,1,-1,-1,-1
353,72,482.9,98.6,19.9,42.6,1,-1,-1,-1
353,90,184.3,226.8,26.8,57.1,1,-1,-1,-1
353,96,215.9,303.1,59.4,41.6,1,-1,-1,-1
353,110,827.7,202.9,23.4,57.5,1,-1,-1,-1
353,136,262.3,535.1,42.7,83.5,1,-1,-1,-1
353,145,330.9,121.4,19.5,44.3,1,-1,-1,-1
353,151,524.4,180.1,15.6,32.8,1,-1,-1,-1
353,153,548.6,240.3,15.8,32.3,1,-1,-1,-1
353,157,1129.1,206.1,22.7,47.1,1,-1,-1,-1
353,159,167.6,144.0,23.3,26.8,1,-1,-1,-1
353,160,242.4,57.6,14.2,20.2,1,-1,-1,-1
353,161,581.1,235.0,20.2,37.0,1,-1,-1,-1
353,173,137.1,58.4,16.4,23.6,1,-1,-1,-1
353,174,98.2,98.0,18.2,33.9,1,-1,-1,-1
353,179,16.0,330.2,39.8,47.2,1,-1,-1,-1
353,180,175.3,271.3,58.0,38.3,1,-1,-1,-1
353,185,69.3,107.9,19.7,34.8,1,-1,-1,-1
353,186,586.2,374.2,40.6,91.3,1,-1,-1,-1
353,190,711.4,302.5,26.5,64.7,1,-1,-1,-1
353,191,756.7,247.6,19.0,44.2,1,-1,-1,-1
353,193,157.2,226.5,22.9,60.9,1,-1,-1,-1
353,196,207.8,562.2,52.9,111.5,1,-1,-1,-1
353,204,17.1,126.0,20.9,45.3,1,-1,-1,-1
353,208,22.8,62.0,16.7,27.8,1,-1,-1,-1
353,210,172.6,299.8,35.2,27.8,1,-1,-1,-1
353,211,619.9,329.0,33.2,76.3,1,-1,-1,-1
353,212,464.6,313.9,28.2,76.3,1,-1,-1,-1
353,214,100.6,55.1,14.0,21.2,1,-1,-1,-1
353,215,213.1,474.0,52.1,56.6,1,-1,-1,-1
353,216,370.6,274.5,42.8,37.7,1,-1,-1,-1
353,217,7.3,107.1,18.1,32.8,1,-1,-1,-1
353,219,243.7,95.5,17.6,34.8,1,-1,-1,-1
353,221,161.7,197.0,21.1,55.6,1,-1,-1,-1
353,222,254.1,491.8,37.7,52.5,1,-1,-1,-1
354,2,196.6,360.0,50.3,56.6,1,-1,-1,-1
354,6,306.1,342.8,26.3,88.4,1,-1,-1,-1
354,7,352.9,363.1,35.5,93.1,1,-1,-1,-1
354,8,717.8,251.5,22.8,52.4,1,-1,-1,-1
354,12,357.4,237.1,21.2,47.3,1,-1,-1,-1
354,15,743.4,252.4,22.9,51.7,1,-1,-1,-1
354,16,479.2,220.8,24.1,60.7,1,-1,-1,-1
354,17,929.4,294.3,36.4,42.5,1,-1,-1,-1
354,18,267.5,342.2,37.0,82.4,1,-1,-1,-1
354,21,622.1,416.4,41.2,101.9,1,-1,-1,-1
354,22,566.7,315.2,33.6,75.4,1,-1,-1,-1
354,24,927.2,213.2,24.4,56.9,1,-1,-1,-1
354,25,646.6,167.0,20.5,46.3,1,-1,-1,-1
354,29,805.0,185.6,20.1,35.2,1,-1,-1,-1
354,47,691.2,308.2,29.4,79.3,1,-1,-1,-1
354,69,179.8,317.1,30.2,33.9,1,-1,-1,-1
354,72,485.2,96.5,18.5,38.8,1,-1,-1,-1
354,90,185.2,226.7,26.7,59.6,1,-1,-1,-1
354,96,216.6,303.1,58.7,41.5,1,-1,-1,-1
354,110,828.4,201.9,23.0,57.8,1,-1,-1,-1
354,127,210.6,405.6,53.9,55.2,1,-1,-1,-1
354,136,260.0,535.9,42.8,82.3,1,-1,-1,-1
354,145,332.2,119.9,19.1,43.7,1,-1,-1,-1
354,151,525.4,180.6,15.8,33.1,1,-1,-1,-1
354,153,548.9,240.3,15.8,31.9,1,-1,-1,-1
354,157,1129.8,206.6,22.0,47.6,1,-1,-1,-1
354,159,169.4,144.4,22.8,26.6,1,-1,-1,-1
354,160,243.8,57.0,14.3,20.1,1,-1,-1,-1
354,161,581.7,235.0,20.3,36.9,1,-1,-1,-1
354,173,140.3,59.2,16.6,23.5,1,-1,-1,-1
354,174,101.1,98.8,17.7,34.4,1,-1,-1,-1
354,179,17.0,329.8,38.9,47.5,1,-1,-1,-1
354,180,177.1,271.2,56.2,37.9,1,-1,-1,-1
354,185,72.0,107.1,19.1,34.3,1,-1,-1,-1
354,186,585.2,373.8,41.3,91.5,1,-1,-1,-1
354,190,710.9,300.3,25.6,63.4,1,-1,-1,-1
354,191,757.6,247.4,18.5,43.3,1,-1,-1,-1
354,193,157.3,224.3,23.6,63.0,1,-1,-1,-1
354,196,207.9,557.9,52.9,111.7,1,-1,-1,-1
354,204,19.8,126.3,21.0,43.5,1,-1,-1,-1
354,208,27.2,62.3,16.8,27.4,1,-1,-1,-1
354,210,172.3,292.7,35.3,32.5,1,-1,-1,-1
354,211,620.1,328.9,32.3,74.9,1,-1,-1,-1
354,212,461.4,313.8,26.6,76.4,1,-1,-1,-1
354,215,215.3,474.5,48.9,55.9,1,-1,-1,-1
354,216,371.1,274.8,43.0,37.4,1,-1,-1,-1
354,217,9.1,106.9,18.0,34.5,1,-1,-1,-1
354,219,245.2,95.2,18.1,35.0,1,-1,-1,-1
354,221,163.2,198.2,20.3,54.4,1,-1,-1,-1
354,222,253.7,490.9,36.5,54.6,1,-1,-1,-1
355,2,196.6,359.6,50.3,55.8,1,-1,-1,-1
355,6,305.8,344.1,25.9,87.3,1,-1,-1,-1
355,7,351.9,363.2,36.3,93.5,1,-1,-1,-1
355,8,719.0,251.4,21.9,52.7,1,-1,-1,-1
355,12,358.6,236.7,21.0,47.0,1,-1,-1,-1
355,15,743.2,252.3,22.9,51.8,1,-1,-1,-1
355,16,479.3,220.9,24.5,59.9,1,-1,-1,-1
355,17,929.3,294.6,36.6,42.5,1,-1,-1,-1
355,18,267.5,342.2,36.4,81.9,1,-1,-1,-1
355,21,622.2,416.2,43.1,101.9,1,-1,-1,-1
355,22,567.0,313.6,35.1,75.8,1,-1,-1,-1
355,24,928.1,211.7,23.6,53.5,1,-1,-1,-1
355,25,642.9,168.2,23.4,54.0,1,-1,-1,-1
355,29,805.3,185.4,21.2,35.1,1,-1,-1,-1
355,47,689.6,307.5,29.6,80.8,1,-1,-1,-1
355,53,489.4,118.1,12.5,25.0,1,-1,-1,-1
355,69,181.3,316.2,29.0,35.1,1,-1,-1,-1
355,72,486.6,91.9,18.5,38.5,1,-1,-1,-1
355,90,186.4,227.0,26.3,58.9,1,-1,-1,-1
355,96,217.9,302.8,58.9,41.5,1,-1,-1,-1
355,110,829.6,201.3,23.7,58.5,1,-1,-1,-1
355,127,210.4,405.9,54.0,54.8,1,-1,-1,-1
355,136,255.5,536.5,43.6,80.6,1,-1,-1,-1
355,145,335.8,121.0,18.8,44.2,1,-1,-1,-1
355,151,527.3,180.6,16.1,33.8,1,-1,-1,-1
355,153,549.4,240.0,16.1,31.9,1,-1,-1,-1
355,157,1130.5,207.3,21.4,49.9,1,-1,-1,-1
355,159,170.1,144.1,23.6,27.6,1,-1,-1,-1
355,160,245.4,55.8,14.2,19.5,1,-1,-1,-1
355,161,582.9,235.1,19.7,37.0,1,-1,-1,-1
355,173,141.3,58.3,16.8,22.5,1,-1,-1,-1
355,174,104.4,99.0,17.7,34.7,1,-1,-1,-1
355,179,18.2,329.4,37.7,48.5,1,-1,-1,-1
355,180,179.1,270.9,54.2,37.6,1,-1,-1,-1
355,185,73.5,107.5,19.1,34.9,1,-1,-1,-1
355,186,583.8,373.6,42.4,91.7,1,-1,-1,-1
355,191,758.0,247.6,18.4,42.8,1,-1,-1,-1
355,193,157.1,222.7,24.4,64.3,1,-1,-1,-1
355,196,204.9,557.5,53.5,112.3,1,-1,-1,-1
355,204,21.8,127.3,21.6,43.7,1,-1,-1,-1
355,208,29.7,61.8,16.5,27.6,1,-1,-1,-1
355,210,172.3,290.3,34.9,34.6,1,-1,-1,-1
355,211,619.7,328.8,31.8,74.2,1,-1,-1,-1
355,212,458.1,311.6,27.9,78.0,1,-1,-1,-1
355,215,215.7,475.6,48.8,54.4,1,-1,-1,-1
355,216,372.1,274.3,42.4,37.4,1,-1,-1,-1
355,217,14.2,108.0,19.3,34.3,1,-1,-1,-1
355,219,246.9,94.9,18.0,34.2,1,-1,-1,-1
355,222,252.6,490.1,36.9,55.3,1,-1,-1,-1
356,2,196.6,358.9,50.2,55.1,1,-1,-1,-1
356,6,305.4,343.7,25.9,86.2,1,-1,-1,-1
356,7,351.4,363.5,35.7,93.4,1,-1,-1,-1
356,8,719.3,251.6,22.5,52.6,1,-1,-1,-1
356,12,358.8,236.2,21.3,45.0,1,-1,-1,-1
356,15,743.9,253.1,22.3,51.7,1,-1,-1,-1
356,16,479.8,221.2,24.5,59.5,1,-1,-1,-1
356,17,929.7,294.2,36.3,42.7,1,-1,-1,-1
356,18,267.3,341.7,36.2,81.9,1,-1,-1,-1
356,21,621.7,416.1,44.7,101.6,1,-1,-1,-1
356,22,566.6,312.4,36.4,75.8,1,-1,-1,-1
356,24,931.0,211.7,24.6,58.1,1,-1,-1,-1
356,25,647.4,166.4,22.3,51.9,1,-1,-1,-1
356,29,804.3,184.7,22.4,33.7,1,-1,-1,-1
356,47,687.9,307.2,30.0,80.5,1,-1,-1,-1
356,53,492.5,117.5,12.3,24.6,1,-1,-1,-1
356,69,182.0,315.5,28.9,35.9,1,-1,-1,-1
356,90,189.6,225.5,26.7,58.3,1,-1,-1,-1
356,96,218.0,302.0,59.2,41.6,1,-1,-1,-1
356,110,830.0,200.7,24.5,59.9,1,-1,-1,-1
356,136,253.1,535.4,43.4,80.5,1,-1,-1,-1
356,145,337.2,119.2,19.9,44.7,1,-1,-1,-1
356,151,528.7,181.3,15.8,33.7,1,-1,-1,-1
356,153,549.7,238.9,16.2,32.5,1,-1,-1,-1
356,157,1131.1,206.1,20.5,51.0,1,-1,-1,-1
356,159,171.7,143.7,24.3,27.9,1,-1,-1,-1
356,160,247.7,53.1,13.7,19.3,1,-1,-1,-1
356,161,583.9,234.5,19.4,36.9,1,-1,-1,-1
356,173,143.5,57.4,15.6,22.2,1,-1,-1,-1
356,174,106.5,98.5,17.4,34.0,1,-1,-1,-1
356,179,19.1,328.4,37.2,49.9,1,-1,-1,-1
356,180,179.9,270.6,53.2,37.4,1,-1,-1,-1
356,185,75.4,107.5,19.4,35.6,1,-1,-1,-1
356,186,582.5,372.8,41.5,92.0,1,-1,-1,-1
356,191,758.1,247.6,18.3,42.5,1,-1,-1,-1
356,193,158.3,221.4,24.6,65.6,1,-1,-1,-1
356,196,201.4,556.5,55.0,112.4,1,-1,-1,-1
356,204,24.8,127.0,21.4,43.6,1,-1,-1,-1
356,208,31.6,61.9,16.3,27.3,1,-1,-1,-1
356,210,172.2,289.8,34.8,35.7,1,-1,-1,-1
356,211,619.2,328.0,31.6,74.3,1,-1,-1,-1
356,212,449.8,317.8,31.1,71.9,1,-1,-1,-1
356,215,219.3,479.8,45.0,52.7,1,-1,-1,-1
356,216,371.2,273.2,44.0,39.2,1,-1,-1,-1
356,217,17.8,108.3,18.6,34.5,1,-1,-1,-1
356,219,248.5,95.2,18.1,34.5,1,-1,-1,-1
356,220,588.1,343.3,30.4,53.2,1,-1,-1,-1
356,222,251.9,489.8,36.8,56.4,1,-1,-1,-1
356,224,111.2,49.4,13.5,17.8,1,-1,-1,-1
356,225,681.2,79.2,16.2,31.2,1,-1,-1,-1
357,2,196.9,358.8,50.2,54.7,1,-1,-1,-1
357,6,305.6,343.9,26.2,86.5,1,-1,-1,-1
357,7,351.0,363.3,35.0,93.6,1,-1,-1,-1
357,8,719.7,251.4,22.4,53.0,1,-1,-1,-1
357,12,361.5,238.0,21.6,46.3,1,-1,-1,-1
357,15,744.6,253.1,21.9,51.9,1,-1,-1,-1
357,16,481.5,222.6,23.5,60.3,1,-1,-1,-1
357,17,930.2,294.6,36.1,42.7,1,-1,-1,-1
357,18,267.3,341.6,36.3,81.9,1,-1,-1,-1
357,21,621.0,416.1,45.3,101.9,1,-1,-1,-1
357,22,566.9,311.9,35.8,74.6,1,-1,-1,-1
357,24,929.9,212.2,24.0,58.2,1,-1,-1,-1
357,25,649.4,166.3,21.7,49.5,1,-1,-1,-1
357,29,804.6,184.7,22.1,34.2,1,-1,-1,-1
357,47,687.2,307.4,30.1,77.2,1,-1,-1,-1
357,69,182.1,316.2,29.8,34.2,1,-1,-1,-1
357,72,491.1,99.3,18.8,40.0,1,-1,-1,-1
357,90,189.3,226.4,26.1,57.5,1,-1,-1,-1
357,96,218.9,301.6,58.6,41.8,1,-1,-1,-1
357,110,830.6,200.5,24.7,60.3,1,-1,-1,-1
357,127,211.3,405.3,49.5,51.3,1,-1,-1,-1
357,136,251.9,533.5,39.1,81.6,1,-1,-1,-1
357,145,340.1,120.6,19.0,44.2,1,-1,-1,-1
357,151,531.1,181.4,15.2,33.3,1,-1,-1,-1
357,153,550.1,239.4,15.7,32.1,1,-1,-1,-1
357,157,1132.3,208.2,19.3,48.8,1,-1,-1,-1
357,159,173.5,143.0,24.7,27.8,1,-1,-1,-1
357,160,249.6,52.7,13.5,19.7,1,-1,-1,-1
357,161,584.2,235.4,18.9,36.2,1,-1,-1,-1
357,173,145.6,57.8,14.7,21.0,1,-1,-1,-1
357,174,108.9,98.5,17.3,34.5,1,-1,-1,-1
357,179,17.8,328.1,37.2,49.3,1,-1,-1,-1
357,180,179.8,270.6,53.9,37.8,1,-1,-1,-1
357,185,77.3,107.0,20.0,36.2,1,-1,-1,-1
357,186,583.2,372.4,40.1,91.4,1,-1,-1,-1
357,191,758.2,248.3,18.9,42.6,1,-1,-1,-1
357,193,157.3,222.7,24.5,64.8,1,-1,-1,-1
357,196,197.9,556.2,55.0,112.1,1,-1,-1,-1
357,204,26.4,126.3,22.2,44.2,1,-1,-1,-1
357,208,34.4,62.2,16.4,27.2,1,-1,-1,-1
357,210,173.3,289.5,34.2,36.0,1,-1,-1,-1
357,211,618.7,327.2,31.6,74.5,1,-1,-1,-1
357,212,445.6,318.9,34.1,69.4,1,-1,-1,-1
357,216,371.5,273.1,44.0,39.3,1,-1,-1,-1
357,217,19.5,109.4,18.1,34.6,1,-1,-1,-1
357,219,250.5,97.0,17.1,33.6,1,-1,-1,-1
357,220,587.0,343.1,30.5,53.8,1,-1,-1,-1
357,221,166.1,196.2,21.8,55.7,1,-1,-1,-1
357,223,194.3,483.4,88.8,67.1,1,-1,-1,-1
357,224,113.6,49.2,13.8,18.5,1,-1,-1,-1
357,225,686.8,79.4,15.4,31.2,1,-1,-1,-1
358,2,196.9,358.2,50.3,54.8,1,-1,-1,-1
358,6,305.0,341.8,26.7,86.5,1,-1,-1,-1
358,7,350.5,362.7,34.4,94.4,1,-1,-1,-1
358,8,719.6,251.4,22.6,53.1,1,-1,-1,-1
358,12,362.9,238.4,21.8,47.2,1,-1,-1,-1
358,15,745.4,252.8,21.7,52.0,1,-1,-1,-1
358,16,482.5,222.3,23.0,61.1,1,-1,-1,-1
358,17,930.4,294.4,36.2,43.1,1,-1,-1,-1
358,18,266.9,341.0,36.4,81.9,1,-1,-1,-1
358,21,621.3,415.3,45.4,102.8,1,-1,-1,-1
358,22,570.2,312.8,30.6,71.8,1,-1,-1,-1
358,24,929.0,213.0,23.9,58.9,1,-1,-1,-1
358,25,650.8,166.7,21.2,47.7,1,-1,-1,-1
358,29,806.2,184.7,21.6,34.9,1,-1,-1,-1
358,47,685.3,307.1,30.8,76.8,1,-1,-1,-1
358,69,182.5,316.7,29.7,32.8,1,-1,-1,-1
358,72,492.3,98.0,17.9,37.1,1,-1,-1,-1
358,90,189.3,225.8,26.7,58.0,1,-1,-1,-1
358,96,219.4,301.6,57.7,41.6,1,-1,-1,-1
358,106,567.1,215.4,18.9,41.3,1,-1,-1,-1
358,110,831.5,201.7,24.2,57.8,1,-1,-1,-1
358,127,211.6,402.9,49.5,53.2,1,-1,-1,-1
358,136,241.3,528.8,40.5,84.9,1,-1,-1,-1
358,145,343.5,121.6,18.5,45.0,1,-1,-1,-1
358,151,532.4,181.0,15.0,33.2,1,-1,-1,-1
358,153,550.9,240.0,15.3,31.8,1,-1,-1,-1
358,157,1133.5,206.0,22.2,47.7,1,-1,-1,-1
358,159,175.0,142.4,24.6,28.2,1,-1,-1,-1
358,160,253.7,54.1,14.1,20.1,1,-1,-1,-1
358,161,586.2,235.3,18.1,35.8,1,-1,-1,-1
358,173,147.7,58.4,14.5,21.2,1,-1,-1,-1
358,174,109.6,97.4,18.1,33.6,1,-1,-1,-1
358,179,17.9,327.7,37.2,49.6,1,-1,-1,-1
358,180,180.0,269.9,54.2,38.3,1,-1,-1,-1
358,185,80.1,105.9,19.4,36.2,1,-1,-1,-1
358,186,584.7,373.1,39.0,88.8,1,-1,-1,-1
358,191,758.2,248.2,19.2,42.2,1,-1,-1,-1
358,193,161.4,223.3,23.8,63.5,1,-1,-1,-1
358,196,196.2,555.3,54.2,110.8,1,-1,-1,-1
358,204,28.8,125.2,21.7,44.4,1,-1,-1,-1
358,208,38.5,61.6,16.9,27.7,1,-1,-1,-1
358,210,174.5,289.6,33.8,36.6,1,-1,-1,-1
358,211,618.4,325.7,31.7,75.1,1,-1,-1,-1
358,212,445.5,314.9,35.5,72.4,1,-1,-1,-1
358,216,371.7,272.8,44.1,39.1,1,-1,-1,-1
358,217,20.9,110.2,18.3,34.4,1,-1,-1,-1
358,219,253.1,96.1,17.1,34.1,1,-1,-1,-1
358,220,586.4,341.4,30.0,54.3,1,-1,-1,-1
358,221,166.7,195.6,21.0,54.3,1,-1,-1,-1
358,223,191.4,484.3,91.3,70.2,1,-1,-1,-1
358,225,696.4,80.3,14.8,30.7,1,-1,-1,-1
359,2,196.7,357.6,50.7,54.9,1,-1,-1,-1
359,6,304.4,341.4,27.0,86.6,1,-1,-1,-1
359,7,350.9,362.4,33.7,94.3,1,-1,-1,-1
359,8,720.1,251.3,23.0,53.1,1,-1,-1,-1
359,12,363.0,237.4,20.8,46.1,1,-1,-1,-1
359,15,746.0,252.5,21.6,52.1,1,-1,-1,-1
359,16,483.1,222.3,22.7,61.0,1,-1,-1,-1
359,17,930.4,295.1,36.7,42.7,1,-1,-1,-1
359,18,266.6,340.3,36.5,82.5,1,-1,-1,-1
359,21,621.9,414.3,45.4,104.0,1,-1,-1,-1
359,22,571.6,312.5,27.9,70.3,1,-1,-1,-1
359,24,931.7,210.9,24.7,61.4,1,-1,-1,-1
359,25,652.0,166.8,20.3,45.0,1,-1,-1,-1
359,29,807.6,185.1,21.7,35.1,1,-1,-1,-1
359,47,685.8,307.1,28.9,63.6,1,-1,-1,-1
359,69,183.0,316.8,29.7,31.9,1,-1,-1,-1
359,72,495.3,97.2,16.5,34.2,1,-1,-1,-1
359,90,190.0,224.9,28.3,59.3,1,-1,-1,-1
359,96,220.4,301.3,56.2,41.4,1,-1,-1,-1
359,106,567.6,215.6,19.1,40.6,1,-1,-1,-1
359,110,831.8,202.1,24.9,58.6,1,-1,-1,-1
359,127,210.2,401.5,50.9,55.1,1,-1,-1,-1
359,136,237.1,526.9,42.2,86.9,1,-1,-1,-1
359,145,344.3,119.5,18.5,44.4,1,-1,-1,-1
359,151,533.5,179.9,15.8,33.1,1,-1,-1,-1
359,153,551.7,240.1,15.2,31.6,1,-1,-1,-1
359,157,1134.9,209.0,22.0,46.6,1,-1,-1,-1
359,159,178.2,142.3,23.7,27.8,1,-1,-1,-1
359,160,255.5,55.1,14.9,20.1,1,-1,-1,-1
359,161,586.9,235.4,17.7,35.6,1,-1,-1,-1
359,173,151.1,59.2,15.3,21.0,1,-1,-1,-1
359,174,112.7,97.8,18.1,33.8,1,-1,-1,-1
359,179,18.8,326.9,36.5,49.5,1,-1,-1,-1
359,180,195.2,269.5,45.8,37.4,1,-1,-1,-1
359,185,82.2,106.7,19.7,35.8,1,-1,-1,-1
359,186,584.0,374.2,37.2,86.5,1,-1,-1,-1
359,191,759.3,249.8,19.9,48.4,1,-1,-1,-1
359,193,164.6,224.1,22.9,61.0,1,-1,-1,-1
359,196,195.9,554.8,53.5,110.0,1,-1,-1,-1
359,204,31.5,124.7,21.7,44.7,1,-1,-1,-1
359,208,41.0,60.6,17.0,28.3,1,-1,-1,-1
359,211,618.2,324.9,32.1,75.6,1,-1,-1,-1
359,212,443.6,317.5,31.7,71.6,1,-1,-1,-1
359,215,208.7,504.3,50.8,36.4,1,-1,-1,-1
359,216,372.0,272.5,43.7,38.8,1,-1,-1,-1
359,217,23.2,111.1,18.5,34.0,1,-1,-1,-1
359,219,254.5,95.3,17.2,34.7,1,-1,-1,-1
359,220,585.7,339.4,30.2,52.4,1,-1,-1,-1
359,221,164.6,195.0,22.9,54.5,1,-1,-1,-1
359,222,245.6,485.9,34.5,58.1,1,-1,-1,-1
359,224,119.2,49.4,14.5,18.4,1,-1,-1,-1
359,227,211.5,472.1,48.4,47.2,1,-1,-1,-1
360,2,196.7,357.0,50.5,54.9,1,-1,-1,-1
360,6,303.9,340.8,27.4,86.9,1,-1,-1,-1
360,7,350.6,361.4,33.7,94.2,1,-1,-1,-1
360,8,720.8,251.4,23.5,52.6,1,-1,-1,-1
360,12,363.2,236.8,19.8,43.5,1,-1,-1,-1
360,15,746.8,252.1,21.9,52.5,1,-1,-1,-1
360,16,482.2,219.5,23.7,61.4,1,-1,-1,-1
360,17,930.1,295.5,36.8,42.5,1,-1,-1,-1
360,18,266.5,339.3,36.2,82.9,1,-1,-1,-1
360,21,622.4,414.1,45.6,104.0,1,-1,-1,-1
360,22,571.4,312.0,26.5,69.4,1,-1,-1,-1
360,24,931.1,212.4,24.2,59.9,1,-1,-1,-1
360,25,648.6,168.1,22.8,53.3,1,-1,-1,-1
360,47,684.2,307.5,30.6,71.5,1,-1,-1,-1
360,53,505.7,112.8,13.4,26.9,1,-1,-1,-1
360,69,183.3,316.4,29.9,31.7,1,-1,-1,-1
360,72,497.3,97.7,15.1,32.6,1,-1,-1,-1
360,90,192.5,225.0,28.0,58.9,1,-1,-1,-1
360,96,221.5,300.5,56.2,41.7,1,-1,-1,-1
360,106,568.7,215.5,18.9,38.9,1,-1,-1,-1
360,110,832.9,202.0,24.5,56.5,1,-1,-1,-1
360,127,209.2,401.1,52.0,55.7,1,-1,-1,-1
360,136,236.8,526.1,42.1,86.5,1,-1,-1,-1
360,145,347.2,120.3,18.5,44.7,1,-1,-1,-1
360,151,535.9,180.4,15.1,33.7,1,-1,-1,-1
360,153,552.9,239.9,15.3,31.7,1,-1,-1,-1
360,157,1136.2,208.2,22.6,47.1,1,-1,-1,-1
360,159,180.2,142.7,23.1,27.3,1,-1,-1,-1
360,160,258.3,55.1,14.6,19.7,1,-1,-1,-1
360,161,587.5,235.1,17.4,35.5,1,-1,-1,-1
360,173,153.1,59.3,15.8,21.5,1,-1,-1,-1
360,174,115.5,97.6,18.2,33.4,1,-1,-1,-1
360,179,18.9,326.2,36.5,48.4,1,-1,-1,-1
360,180,184.0,269.5,52.2,37.1,1,-1,-1,-1
360,185,84.3,106.6,19.2,35.8,1,-1,-1,-1
360,186,582.5,374.5,36.5,86.2,1,-1,-1,-1
360,191,759.2,249.0,20.4,52.1,1,-1,-1,-1
360,193,161.3,222.5,25.1,62.7,1,-1,-1,-1
360,196,192.3,554.7,54.5,109.0,1,-1,-1,-1
360,204,35.3,125.1,20.7,44.7,1,-1,-1,-1
360,208,42.5,60.4,17.3,28.1,1,-1,-1,-1
360,211,617.8,324.4,32.9,76.6,1,-1,-1,-1
360,212,443.4,317.8,29.0,72.5,1,-1,-1,-1
360,215,208.6,500.8,50.5,39.1,1,-1,-1,-1
360,216,372.7,272.4,44.0,38.9,1,-1,-1,-1
360,217,27.6,115.2,17.9,33.1,1,-1,-1,-1
360,219,256.6,97.2,16.6,36.1,1,-1,-1,-1
360,220,584.9,337.8,30.7,52.5,1,-1,-1,-1
360,221,168.1,195.6,21.6,54.5,1,-1,-1,-1
360,222,245.1,484.6,37.2,57.9,1,-1,-1,-1
360,224,121.7,49.3,13.9,18.2,1,-1,-1,-1
360,227,212.8,471.6,45.6,42.9,1,-1,-1,-1
361,2,196.6,356.6,50.3,54.2,1,-1,-1,-1
361,6,303.6,339.9,27.6,87.2,1,-1,-1,-1
361,7,350.1,360.8,33.7,93.2,1,-1,-1,-1
361,8,721.0,251.8,23.9,52.4,1,-1,-1,-1
361,12,363.6,237.2,19.6,42.0,1,-1,-1,-1
361,15,747.0,251.7,22.0,53.0,1,-1,-1,-1
361,16,483.9,220.2,23.8,62.6,1,-1,-1,-1
361,17,930.6,295.8,36.9,42.7,1,-1,-1,-1
361,18,266.6,339.9,35.9,81.7,1,-1,-1,-1
361,21,622.4,414.4,46.1,103.8,1,-1,-1,-1
361,22,571.4,311.0,25.6,66.7,1,-1,-1,-1
361,24,932.7,211.5,25.1,61.7,1,-1,-1,-1
361,25,647.9,166.9,23.8,55.9,1,-1,-1,-1
361,29,813.6,185.7,19.0,38.5,1,-1,-1,-1
361,47,683.6,306.6,31.7,75.9,1,-1,-1,-1
361,53,507.9,112.7,13.8,27.7,1,-1,-1,-1
361,69,183.5,315.8,30.3,31.5,1,-1,-1,-1
361,72,498.8,98.4,15.0,32.9,1,-1,-1,-1
361,90,192.0,223.7,28.5,59.9,1,-1,-1,-1
361,96,221.8,300.8,57.0,41.7,1,-1,-1,-1
361,106,569.8,215.4,18.8,37.7,1,-1,-1,-1
361,110,832.9,200.9,24.8,56.1,1,-1,-1,-1
361,127,208.9,400.8,52.5,55.8,1,-1,-1,-1
361,136,235.5,525.4,42.7,86.2,1,-1,-1,-1
361,145,348.6,118.5,19.3,44.4,1,-1,-1,-1
361,151,536.7,180.1,16.2,34.5,1,-1,-1,-1
361,153,553.5,240.1,15.2,31.3,1,-1,-1,-1
361,157,1134.8,211.1,19.3,47.2,1,-1,-1,-1
361,159,181.7,142.7,23.2,27.0,1,-1,-1,-1
361,160,263.5,55.1,14.6,19.6,1,-1,-1,-1
361,161,587.2,234.6,18.3,36.2,1,-1,-1,-1
361,173,154.6,56.7,15.4,22.4,1,-1,-1,-1
361,174,118.3,97.8,17.5,33.2,1,-1,-1,-1
361,179,19.0,325.0,36.8,47.8,1,-1,-1,-1
361,180,182.5,269.3,54.0,37.2,1,-1,-1,-1
361,185,88.7,113.4,18.2,32.3,1,-1,-1,-1
361,186,581.2,373.1,36.7,87.3,1,-1,-1,-1
361,191,759.2,249.6,20.8,55.0,1,-1,-1,-1
361,193,161.4,221.8,25.5,62.5,1,-1,-1,-1
361,196,188.7,554.2,54.1,108.7,1,-1,-1,-1
361,204,38.0,125.2,21.0,45.0,1,-1,-1,-1
361,208,45.5,60.9,16.9,27.6,1,-1,-1,-1
361,211,617.4,324.4,33.1,76.9,1,-1,-1,-1
361,212,444.1,313.2,28.2,76.7,1,-1,-1,-1
361,215,206.4,497.3,51.5,38.1,1,-1,-1,-1
361,216,372.7,272.2,44.1,38.6,1,-1,-1,-1
361,217,30.6,114.4,18.7,35.7,1,-1,-1,-1
361,219,258.5,95.3,16.7,36.6,1,-1,-1,-1
361,220,584.1,336.8,30.4,53.7,1,-1,-1,-1
361,221,171.5,195.1,20.7,55.1,1,-1,-1,-1
361,222,244.0,484.1,36.9,59.9,1,-1,-1,-1
361,224,124.3,49.0,13.9,18.2,1,-1,-1,-1
361,227,213.5,470.9,44.5,42.6,1,-1,-1,-1
361,228,689.7,78.9,15.3,30.4,1,-1,-1,-1
362,2,197.3,356.0,49.9,55.0,1,-1,-1,-1
362,6,303.4,339.6,27.9,87.4,1,-1,-1,-1
362,7,349.8,359.2,33.8,94.2,1,-1,-1,-1
362,8,721.6,251.8,23.7,52.3,1,-1,-1,-1
362,12,364.4,237.6,19.4,40.4,1,-1,-1,-1
362,15,747.3,251.6,22.2,53.2,1,-1,-1,-1
362,16,484.9,220.4,23.9,63.3,1,-1,-1,-1
362,17,930.9,296.1,37.1,42.8,1,-1,-1,-1
362,18,266.4,338.7,35.9,82.2,1,-1,-1,-1
362,21,622.4,414.6,47.6,103.6,1,-1,-1,-1
362,22,570.7,310.6,25.7,66.0,1,-1,-1,-1
362,24,933.6,211.5,25.1,61.8,1,-1,-1,-1
362,25,653.6,165.9,22.2,51.5,1,-1,-1,-1
362,29,813.4,185.8,19.9,37.3,1,-1,-1,-1
362,47,681.9,305.8,30.1,69.3,1,-1,-1,-1
362,53,511.1,112.4,14.9,28.2,1,-1,-1,-1
362,69,184.3,315.4,29.8,31.2,1,-1,-1,-1
362,72,500.4,99.0,15.1,33.4,1,-1,-1,-1
362,90,193.3,223.4,27.8,60.4,1,-1,-1,-1
362,96,216.3,298.0,57.2,42.5,1,-1,-1,-1
362,110,835.9,200.7,24.5,55.9,1,-1,-1,-1
362,127,209.4,400.7,52.3,55.6,1,-1,-1,-1
362,136,239.4,527.0,38.8,85.1,1,-1,-1,-1
362,145,352.0,120.0,18.6,44.3,1,-1,-1,-1
362,151,538.5,180.2,16.5,34.5,1,-1,-1,-1
362,153,553.7,239.9,15.1,31.5,1,-1,-1,-1
362,157,1136.8,212.8,18.7,44.3,1,-1,-1,-1
362,159,183.2,142.8,23.3,26.8,1,-1,-1,-1
362,160,266.0,55.7,15.2,21.5,1,-1,-1,-1
362,161,587.5,234.9,18.1,35.8,1,-1,-1,-1
362,173,156.3,55.6,15.1,23.2,1,-1,-1,-1
362,174,119.5,96.4,17.9,33.7,1,-1,-1,-1
362,179,19.5,324.4,36.7,48.6,1,-1,-1,-1
362,180,183.1,268.8,56.0,38.0,1,-1,-1,-1
362,185,88.8,108.8,19.9,35.4,1,-1,-1,-1
362,186,581.0,369.2,37.5,91.1,1,-1,-1,-1
362,193,162.9,221.5,24.7,62.1,1,-1,-1,-1
362,196,185.8,553.0,54.2,109.4,1,-1,-1,-1
362,204,41.1,125.9,20.3,43.9,1,-1,-1,-1
362,208,49.5,61.1,16.9,26.8,1,-1,-1,-1
362,211,617.3,324.5,32.9,75.8,1,-1,-1,-1
362,212,445.2,337.3,25.0,59.6,1,-1,-1,-1
362,215,204.4,497.9,52.8,36.7,1,-1,-1,-1
362,216,373.4,271.3,42.9,38.7,1,-1,-1,-1
362,217,30.9,113.6,19.0,36.3,1,-1,-1,-1
362,219,260.6,96.5,16.5,37.2,1,-1,-1,-1
362,220,583.6,336.1,30.0,54.5,1,-1,-1,-1
362,221,170.1,195.7,22.5,58.6,1,-1,-1,-1
362,222,243.4,483.5,32.9,59.3,1,-1,-1,-1
362,227,213.7,470.1,44.6,44.6,1,-1,-1,-1
362,228,688.8,79.2,16.5,32.3,1,-1,-1,-1
363,2,197.3,355.7,49.5,55.2,1,-1,-1,-1
363,6,302.2,339.0,28.6,85.1,1,-1,-1,-1
363,7,349.6,358.4,33.9,94.7,1,-1,-1,-1
363,8,722.3,252.0,23.1,51.6,1,-1,-1,-1
363,12,364.7,237.5,19.3,38.9,1,-1,-1,-1
363,15,747.7,251.4,22.4,53.3,1,-1,-1,-1
363,16,483.9,219.2,24.2,62.1,1,-1,-1,-1
363,17,931.2,296.0,37.3,43.0,1,-1,-1,-1
363,18,266.2,338.2,35.7,82.1,1,-1,-1,-1
363,21,623.4,413.8,48.0,104.4,1,-1,-1,-1
363,22,570.0,310.3,25.4,65.7,1,-1,-1,-1
363,24,933.0,211.7,25.3,61.3,1,-1,-1,-1
363,25,656.2,166.5,20.9,48.3,1,-1,-1,-1
363,29,813.2,186.1,20.5,35.1,1,-1,-1,-1
363,47,681.6,303.1,26.1,62.3,1,-1,-1,-1
363,53,513.6,112.2,14.5,28.0,1,-1,-1,-1
363,69,184.7,315.1,30.1,31.1,1,-1,-1,-1
363,72,501.9,98.2,16.6,34.5,1,-1,-1,-1
363,90,192.9,223.3,28.0,58.2,1,-1,-1,-1
363,96,215.7,297.6,54.7,41.7,1,-1,-1,-1
363,110,836.3,202.1,25.0,55.6,1,-1,-1,-1
363,127,209.1,400.6,52.0,55.0,1,-1,-1,-1
363,136,231.1,524.5,39.5,84.7,1,-1,-1,-1
363,145,354.0,119.3,18.6,44.9,1,-1,-1,-1
363,151,540.7,180.7,15.3,34.3,1,-1,-1,-1
363,153,554.3,239.3,15.4,31.9,1,-1,-1,-1
363,157,1136.6,213.5,16.2,45.1,1,-1,-1,-1
363,159,185.3,142.2,22.8,26.9,1,-1,-1,-1
363,160,268.3,56.3,15.1,22.7,1,-1,-1,-1
363,161,587.5,235.0,18.1,35.8,1,-1,-1,-1
363,173,159.2,56.1,14.2,24.4,1,-1,-1,-1
363,174,121.6,96.4,18.4,33.6,1,-1,-1,-1
363,179,20.1,323.7,37.8,50.9,1,-1,-1,-1
363,180,196.3,268.7,49.5,36.6,1,-1,-1,-1
363,185,91.0,105.8,19.7,36.3,1,-1,-1,-1
363,186,580.2,366.7,38.0,93.3,1,-1,-1,-1
363,190,704.2,296.0,12.3,80.1,1,-1,-1,-1
363,193,165.2,221.0,24.0,63.0,1,-1,-1,-1
363,196,184.6,552.6,54.0,109.3,1,-1,-1,-1
363,204,43.6,125.0,20.3,44.1,1,-1,-1,-1
363,208,52.3,60.2,16.7,27.5,1,-1,-1,-1
363,211,617.0,324.9,33.4,74.8,1,-1,-1,-1
363,212,445.4,349.5,23.0,47.0,1,-1,-1,-1
363,215,202.5,497.8,53.8,35.7,1,-1,-1,-1
363,216,374.2,271.5,42.5,38.6,1,-1,-1,-1
363,217,34.8,115.8,18.4,35.6,1,-1,-1,-1
363,219,263.7,94.5,16.9,37.3,1,-1,-1,-1
363,220,583.3,334.2,28.1,55.9,1,-1,-1,-1
363,221,171.0,194.6,23.1,59.3,1,-1,-1,-1
363,222,243.7,481.9,30.9,59.9,1,-1,-1,-1
363,227,212.3,469.3,46.8,47.3,1,-1,-1,-1
363,228,688.7,77.9,16.7,31.0,1,-1,-1,-1
364,2,197.2,355.1,49.8,55.2,1,-1,-1,-1
364,6,302.0,339.0,28.8,84.1,1,-1,-1,-1
364,7,349.1,357.7,34.0,94.7,1,-1,-1,-1
364,8,722.5,252.1,22.9,51.3,1,-1,-1,-1
364,12,367.3,238.7,21.9,45.9,1,-1,-1,-1
364,15,747.6,251.5,22.7,53.2,1,-1,-1,-1
364,16,485.3,220.1,23.6,60.9,1,-1,-1,-1
364,17,931.1,296.1,37.6,43.1,1,-1,-1,-1
364,18,266.6,337.6,35.8,82.4,1,-1,-1,-1
364,21,625.8,414.0,46.3,105.8,1,-1,-1,-1
364,22,569.4,309.8,25.2,66.2,1,-1,-1,-1
364,24,932.8,211.7,25.6,61.4,1,-1,-1,-1
364,25,657.9,167.9,20.1,47.5,1,-1,-1,-1
364,29,812.4,185.1,20.8,34.1,1,-1,-1,-1
364,47,682.8,304.7,29.7,71.6,1,-1,-1,-1
364,53,516.9,111.3,14.4,28.2,1,-1,-1,-1
364,69,185.8,314.6,30.1,31.4,1,-1,-1,-1
364,72,502.4,98.5,17.4,34.7,1,-1,-1,-1
364,90,194.1,223.3,27.6,57.2,1,-1,-1,-1
364,96,216.4,297.2,53.2,41.6,1,-1,-1,-1
364,110,835.9,201.4,25.7,56.1,1,-1,-1,-1
364,127,209.0,400.4,51.9,54.9,1,-1,-1,-1
364,136,227.5,523.3,41.5,83.2,1,-1,-1,-1
364,145,356.4,118.7,18.3,43.8,1,-1,-1,-1
364,151,542.2,180.9,15.2,34.2,1,-1,-1,-1
364,153,554.7,238.6,15.7,32.6,1,-1,-1,-1
364,157,1137.7,214.9,14.2,45.9,1,-1,-1,-1
364,159,188.1,142.0,22.7,27.0,1,-1,-1,-1
364,160,273.8,53.5,14.3,22.0,1,-1,-1,-1
364,173,161.6,56.3,16.1,25.2,1,-1,-1,-1
364,174,124.3,96.3,18.1,33.3,1,-1,-1,-1
364,179,20.8,322.2,39.7,49.5,1,-1,-1,-1
364,180,200.4,267.8,44.8,35.8,1,-1,-1,-1
364,185,93.1,105.7,19.9,36.3,1,-1,-1,-1
364,186,579.7,365.8,37.6,93.1,1,-1,-1,-1
364,190,705.0,312.1,10.6,85.9,1,-1,-1,-1
364,191,760.5,247.7,21.4,51.7,1,-1,-1,-1
364,193,165.7,219.7,24.1,63.4,1,-1,-1,-1
364,196,180.3,553.0,55.7,109.9,1,-1,-1,-1
364,204,45.5,124.3,20.2,43.9,1,-1,-1,-1
364,208,53.9,59.7,16.9,27.9,1,-1,-1,-1
364,211,620.0,324.3,31.7,74.9,1,-1,-1,-1
364,212,445.8,365.8,20.9,37.2,1,-1,-1,-1
364,216,374.5,270.6,42.1,38.8,1,-1,-1,-1
364,217,37.4,115.8,17.5,34.7,1,-1,-1,-1
364,219,265.6,95.5,17.1,37.3,1,-1,-1,-1
364,220,583.3,332.9,27.5,55.3,1,-1,-1,-1
364,221,174.1,193.4,21.3,56.8,1,-1,-1,-1
364,222,243.4,481.7,33.8,63.1,1,-1,-1,-1
364,224,133.1,49.6,13.9,16.8,1,-1,-1,-1
364,227,211.7,467.6,47.9,48.6,1,-1,-1,-1
364,228,690.3,76.8,16.2,31.2,1,-1,-1,-1
364,229,185.7,283.3,33.8,39.1,1,-1,-1,-1
365,2,197.8,354.6,49.3,54.9,1,-1,-1,-1
365,6,301.0,337.9,26.4,88.3,1,-1,-1,-1
365,7,348.4,357.3,34.3,94.4,1,-1,-1,-1
365,8,722.7,252.1,22.8,51.2,1,-1,-1,-1
365,12,367.4,238.6,23.0,49.7,1,-1,-1,-1
365,15,747.9,251.4,23.1,53.3,1,-1,-1,-1
365,16,484.9,219.2,23.8,60.8,1,-1,-1,-1
365,17,931.4,296.2,37.3,42.9,1,-1,-1,-1
365,18,266.3,337.1,35.5,81.2,1,-1,-1,-1
365,21,628.0,414.1,44.7,107.1,1,-1,-1,-1
365,22,568.6,309.1,25.4,70.2,1,-1,-1,-1
365,24,932.4,212.3,25.9,61.1,1,-1,-1,-1
365,25,658.5,168.0,19.7,47.5,1,-1,-1,-1
365,47,682.8,303.2,31.3,76.2,1,-1,-1,-1
365,53,520.7,109.8,15.0,29.3,1,-1,-1,-1
365,69,185.9,313.5,30.3,32.1,1,-1,-1,-1
365,72,503.6,98.2,17.3,34.7,1,-1,-1,-1
365,90,195.4,223.4,26.8,57.1,1,-1,-1,-1
365,96,217.3,296.6,53.9,41.8,1,-1,-1,-1
365,110,837.0,201.4,25.4,57.5,1,-1,-1,-1
365,127,209.2,399.9,51.7,54.3,1,-1,-1,-1
365,136,223.3,521.3,40.9,80.9,1,-1,-1,-1
365,145,358.9,118.9,19.0,42.8,1,-1,-1,-1
365,151,544.1,180.4,16.0,34.2,1,-1,-1,-1
365,153,555.1,238.0,16.0,32.9,1,-1,-1,-1
365,157,1141.6,212.7,17.8,45.2,1,-1,-1,-1
365,159,190.2,141.6,22.6,27.1,1,-1,-1,-1
365,160,277.2,53.2,14.3,21.6,1,-1,-1,-1
365,173,164.0,55.1,16.6,25.0,1,-1,-1,-1
365,174,127.5,96.8,17.4,32.8,1,-1,-1,-1
365,179,22.2,322.0,38.8,46.7,1,-1,-1,-1
365,180,201.7,267.7,42.7,36.0,1,-1,-1,-1
365,185,95.7,104.8,19.2,35.8,1,-1,-1,-1
365,186,579.9,365.7,36.5,92.0,1,-1,-1,-1
365,191,761.0,248.2,21.2,50.8,1,-1,-1,-1
365,193,166.3,219.2,24.1,63.0,1,-1,-1,-1
365,196,175.5,550.8,56.1,109.9,1,-1,-1,-1
365,204,48.3,123.6,20.6,45.0,1,-1,-1,-1
365,208,56.8,60.2,16.8,27.6,1,-1,-1,-1
365,211,621.3,325.2,30.4,73.4,1,-1,-1,-1
365,215,197.9,497.8,44.4,46.6,1,-1,-1,-1
365,216,375.0,270.3,41.3,38.9,1,-1,-1,-1
365,217,40.3,114.1,18.3,36.4,1,-1,-1,-1
365,219,267.4,95.3,16.6,36.4,1,-1,-1,-1
365,220,582.0,331.9,27.1,55.8,1,-1,-1,-1
365,221,177.2,193.6,20.4,55.2,1,-1,-1,-1
365,222,240.4,480.4,37.8,58.5,1,-1,-1,-1
365,224,134.8,48.7,13.8,17.1,1,-1,-1,-1
365,227,207.8,466.4,49.8,50.4,1,-1,-1,-1
365,228,692.1,74.6,16.4,31.4,1,-1,-1,-1
365,229,184.6,283.5,35.9,39.2,1,-1,-1,-1
365,230,442.0,318.6,26.7,73.4,1,-1,-1,-1
366,2,197.8,353.8,49.1,54.8,1,-1,-1,-1
366,6,302.0,337.1,27.2,86.2,1,-1,-1,-1
366,7,348.2,357.2,34.3,93.8,1,-1,-1,-1
366,8,722.7,251.8,22.9,51.5,1,-1,-1,-1
366,12,367.8,237.1,22.9,51.4,1,-1,-1,-1
366,15,748.2,251.3,23.3,53.4,1,-1,-1,-1
366,16,486.4,220.1,23.2,60.6,1,-1,-1,-1
366,17,931.9,296.1,37.3,43.0,1,-1,-1,-1
366,18,266.7,336.4,35.2,82.2,1,-1,-1,-1
366,21,629.3,414.7,43.5,106.6,1,-1,-1,-1
366,22,567.7,307.8,25.7,73.8,1,-1,-1,-1
366,24,933.4,212.4,25.8,61.2,1,-1,-1,-1
366,25,659.5,168.1,19.0,46.7,1,-1,-1,-1
366,47,682.5,301.3,31.9,80.4,1,-1,-1,-1
366,53,523.1,109.8,15.1,28.0,1,-1,-1,-1
366,69,187.1,312.7,30.4,32.8,1,-1,-1,-1
366,72,505.7,97.4,17.8,35.5,1,-1,-1,-1
366,90,197.0,223.6,26.2,56.4,1,-1,-1,-1
366,96,217.8,296.0,54.9,42.1,1,-1,-1,-1
366,106,571.2,216.0,21.0,43.5,1,-1,-1,-1
366,110,838.0,201.5,25.1,58.6,1,-1,-1,-1
366,127,209.4,398.8,51.8,53.9,1,-1,-1,-1
366,136,220.3,519.8,40.1,80.6,1,-1,-1,-1
366,145,362.9,120.4,18.2,42.9,1,-1,-1,-1
366,151,545.0,180.7,16.4,34.6,1,-1,-1,-1
366,153,555.9,237.7,15.8,33.0,1,-1,-1,-1
366,157,1148.0,210.1,18.1,45.0,1,-1,-1,-1
366,159,192.1,141.7,22.1,26.6,1,-1,-1,-1
366,160,278.9,49.9,14.4,21.6,1,-1,-1,-1
366,173,165.2,54.3,16.5,24.6,1,-1,-1,-1
366,174,130.0,96.4,17.7,33.3,1,-1,-1,-1
366,179,23.2,321.8,39.6,45.3,1,-1,-1,-1
366,180,200.8,266.7,42.9,35.8,1,-1,-1,-1
366,185,97.9,104.6,18.8,35.9,1,-1,-1,-1
366,186,580.4,366.6,36.1,90.2,1,-1,-1,-1
366,191,761.4,248.6,21.3,50.4,1,-1,-1,-1
366,193,171.6,221.7,21.9,61.6,1,-1,-1,-1
366,196,173.4,546.9,56.9,110.9,1,-1,-1,-1
366,204,49.6,126.1,20.5,40.8,1,-1,-1,-1
366,208,60.5,59.5,17.1,27.8,1,-1,-1,-1
366,211,622.0,326.2,29.9,73.2,1,-1,-1,-1
366,215,191.8,499.7,41.2,50.8,1,-1,-1,-1
366,216,375.7,270.1,40.2,39.3,1,-1,-1,-1
366,217,41.2,112.6,18.8,35.7,1,-1,-1,-1
366,219,270.0,95.3,16.7,35.7,1,-1,-1,-1
366,220,581.5,332.1,26.0,54.4,1,-1,-1,-1
366,221,178.4,193.5,20.4,54.3,1,-1,-1,-1
366,222,198.4,475.4,72.4,60.3,1,-1,-1,-1
366,224,137.5,49.1,14.0,17.7,1,-1,-1,-1
366,227,203.3,465.1,51.2,52.0,1,-1,-1,-1
366,229,185.5,282.7,35.2,39.4,1,-1,-1,-1
366,230,440.0,318.1,29.9,74.4,1,-1,-1,-1
367,2,198.1,352.1,49.3,55.5,1,-1,-1,-1
367,6,302.1,336.2,27.5,83.4,1,-1,-1,-1
367,7,348.3,357.2,34.0,93.3,1,-1,-1,-1
367,8,723.4,251.8,22.7,51.3,1,-1,-1,-1
367,12,368.5,236.5,22.5,51.7,1,-1,-1,-1
367,15,748.5,251.1,23.1,53.5,1,-1,-1,-1
367,16,487.9,220.0,23.0,60.9,1,-1,-1,-1
367,17,932.2,296.2,37.2,43.2,1,-1,-1,-1
367,18,266.6,335.5,35.2,82.7,1,-1,-1,-1
367,21,630.2,416.7,42.5,107.9,1,-1,-1,-1
367,22,567.4,306.0,25.5,75.5,1,-1,-1,-1
367,24,933.8,212.2,25.5,60.2,1,-1,-1,-1
367,25,660.8,167.6,19.3,46.6,1,-1,-1,-1
367,47,682.1,300.1,31.8,82.7,1,-1,-1,-1
367,53,524.8,109.8,15.6,27.1,1,-1,-1,-1
367,69,188.4,311.7,29.7,33.5,1,-1,-1,-1
367,72,507.2,97.4,19.2,35.5,1,-1,-1,-1
367,90,198.2,223.6,25.7,55.8,1,-1,-1,-1
367,96,218.1,295.8,55.1,41.9,1,-1,-1,-1
367,106,571.1,216.0,21.9,43.9,1,-1,-1,-1
367,110,839.1,200.3,25.5,60.1,1,-1,-1,-1
367,127,208.5,397.3,52.9,54.5,1,-1,-1,-1
367,136,223.0,522.5,41.5,80.6,1,-1,-1,-1
367,145,364.9,118.3,18.4,41.3,1,-1,-1,-1
367,151,545.9,181.1,16.5,34.2,1,-1,-1,-1
367,153,556.9,238.0,15.4,32.7,1,-1,-1,-1
367,159,193.3,141.0,23.0,26.8,1,-1,-1,-1
367,160,282.5,50.2,14.1,21.0,1,-1,-1,-1
367,173,166.9,53.8,16.0,24.5,1,-1,-1,-1
367,174,132.9,96.8,17.2,33.0,1,-1,-1,-1
367,179,24.3,321.3,40.0,45.4,1,-1,-1,-1
367,180,191.1,266.9,50.1,36.0,1,-1,-1,-1
367,185,100.2,105.7,20.1,37.2,1,-1,-1,-1
367,186,580.4,366.7,36.3,89.5,1,-1,-1,-1
367,193,169.1,220.1,23.7,62.2,1,-1,-1,-1
367,196,172.5,546.0,56.4,110.1,1,-1,-1,-1
367,204,52.4,124.8,19.7,41.4,1,-1,-1,-1
367,208,63.3,59.1,17.0,27.9,1,-1,-1,-1
367,211,619.5,325.6,32.0,74.8,1,-1,-1,-1
367,216,376.8,269.6,41.2,39.2,1,-1,-1,-1
367,217,42.5,112.3,19.5,35.5,1,-1,-1,-1
367,219,272.1,95.0,16.9,36.1,1,-1,-1,-1
367,220,580.9,331.9,25.7,55.2,1,-1,-1,-1
367,221,179.6,193.4,19.8,54.1,1,-1,-1,-1
367,222,186.4,474.7,87.5,61.5,1,-1,-1,-1
367,224,141.2,49.6,14.2,17.4,1,-1,-1,-1
367,229,180.7,283.7,33.8,38.8,1,-1,-1,-1
367,230,441.5,317.8,29.0,74.5,1,-1,-1,-1
367,231,1140.8,228.4,11.2,32.7,1,-1,-1,-1
368,2,197.8,351.3,50.0,56.1,1,-1,-1,-1
368,6,301.9,336.2,27.7,84.4,1,-1,-1,-1
368,7,348.6,357.2,33.8,92.8,1,-1,-1,-1
368,8,724.8,252.2,23.3,51.2,1,-1,-1,-1
368,12,368.6,234.0,22.4,44.4,1,-1,-1,-1
368,15,748.8,251.1,22.8,53.5,1,-1,-1,-1
368,16,489.1,219.6,23.0,62.6,1,-1,-1,-1
368,17,932.4,295.9,37.2,43.6,1,-1,-1,-1
368,18,266.2,334.2,35.2,82.2,1,-1,-1,-1
368,21,630.8,418.2,42.4,107.3,1,-1,-1,-1
368,22,567.0,305.3,25.0,75.3,1,-1,-1,-1
368,24,935.1,212.4,25.1,59.8,1,-1,-1,-1
368,25,661.4,167.3,19.4,46.5,1,-1,-1,-1
368,47,681.5,299.9,31.8,82.9,1,-1,-1,-1
368,53,526.9,108.2,15.7,26.7,1,-1,-1,-1
368,69,189.0,311.9,29.5,34.1,1,-1,-1,-1
368,72,508.2,97.8,17.8,35.5,1,-1,-1,-1
368,90,199.0,223.0,25.8,56.3,1,-1,-1,-1
368,96,218.6,295.5,54.4,41.6,1,-1,-1,-1
368,106,570.6,216.2,22.9,44.3,1,-1,-1,-1
368,110,839.7,201.2,25.1,59.6,1,-1,-1,-1
368,127,217.9,411.4,53.0,55.9,1,-1,-1,-1
368,136,221.4,522.7,36.4,80.3,1,-1,-1,-1
368,145,366.6,117.4,18.2,42.1,1,-1,-1,-1
368,151,546.7,181.6,16.2,33.5,1,-1,-1,-1
368,153,558.3,238.8,15.0,31.8,1,-1,-1,-1
368,159,194.8,140.5,23.7,26.9,1,-1,-1,-1
368,160,287.5,50.8,14.0,21.5,1,-1,-1,-1
368,173,169.2,54.6,15.3,23.8,1,-1,-1,-1
368,174,135.9,96.5,17.0,33.0,1,-1,-1,-1
368,179,25.0,320.5,39.8,45.3,1,-1,-1,-1
368,180,197.7,265.1,49.2,36.3,1,-1,-1,-1
368,185,102.5,106.0,20.1,37.5,1,-1,-1,-1
368,186,580.8,366.9,36.4,89.2,1,-1,-1,-1
368,191,762.5,248.1,20.9,48.9,1,-1,-1,-1
368,193,173.6,221.2,22.9,60.6,1,-1,-1,-1
368,196,169.6,545.5,56.6,109.1,1,-1,-1,-1
368,204,53.4,124.6,20.0,40.8,1,-1,-1,-1
368,208,64.8,59.3,17.2,27.1,1,-1,-1,-1
368,211,619.3,325.6,33.3,76.2,1,-1,-1,-1
368,216,377.2,269.4,41.7,39.2,1,-1,-1,-1
368,217,45.6,112.2,18.6,34.5,1,-1,-1,-1
368,219,274.6,95.3,16.5,36.0,1,-1,-1,-1
368,220,580.5,331.5,25.1,55.3,1,-1,-1,-1
368,221,181.2,193.1,20.6,54.8,1,-1,-1,-1
368,222,169.7,474.3,104.3,62.2,1,-1,-1,-1
368,224,143.7,49.9,14.0,17.0,1,-1,-1,-1
368,228,700.4,78.3,15.7,30.6,1,-1,-1,-1
368,229,187.9,282.1,33.4,37.8,1,-1,-1,-1
368,230,441.7,319.0,29.3,73.1,1,-1,-1,-1
368,231,1143.3,229.8,9.0,32.3,1,-1,-1,-1
368,232,0.0,143.2,10.8,37.0,1,-1,-1,-1
369,2,197.6,351.0,50.4,56.1,1,-1,-1,-1
369,6,301.7,336.1,26.9,84.0,1,-1,-1,-1
369,7,348.5,356.8,34.0,93.1,1,-1,-1,-1
369,8,724.9,252.1,23.6,51.3,1,-1,-1,-1
369,12,369.3,234.7,22.2,39.7,1,-1,-1,-1
369,15,748.9,251.0,22.8,53.5,1,-1,-1,-1
369,16,489.9,219.4,22.3,60.9,1,-1,-1,-1
369,17,932.4,295.8,37.2,43.9,1,-1,-1,-1
369,18,265.9,333.7,35.0,80.2,1,-1,-1,-1
369,21,631.1,418.5,42.6,105.2,1,-1,-1,-1
369,22,566.8,305.2,24.5,73.9,1,-1,-1,-1
369,24,936.3,213.0,24.8,59.7,1,-1,-1,-1
369,25,662.9,167.5,19.5,46.3,1,-1,-1,-1
369,47,680.9,300.8,31.3,82.1,1,-1,-1,-1
369,53,530.3,108.9,14.0,26.5,1,-1,-1,-1
369,69,189.7,311.2,29.1,33.8,1,-1,-1,-1
369,72,509.9,98.2,18.3,34.7,1,-1,-1,-1
369,90,200.0,221.5,25.8,57.4,1,-1,-1,-1
369,96,218.3,294.9,55.5,42.2,1,-1,-1,-1
369,106,571.0,216.8,22.7,42.9,1,-1,-1,-1
369,110,841.0,201.6,24.9,59.1,1,-1,-1,-1
369,127,219.1,413.0,53.5,56.8,1,-1,-1,-1
369,136,218.0,518.2,36.0,82.7,1,-1,-1,-1
369,145,370.8,119.3,17.3,41.3,1,-1,-1,-1
369,151,548.1,183.6,15.7,32.6,1,-1,-1,-1
369,153,559.4,239.1,14.9,31.3,1,-1,-1,-1
369,159,197.2,141.1,23.2,26.3,1,-1,-1,-1
369,160,289.8,51.4,14.3,21.3,1,-1,-1,-1
369,173,172.7,54.3,16.0,24.3,1,-1,-1,-1
369,174,137.9,96.6,17.0,32.8,1,-1,-1,-1
369,179,26.7,319.9,38.8,46.0,1,-1,-1,-1
369,180,192.3,265.3,51.7,36.0,1,-1,-1,-1
369,185,105.6,105.1,19.2,35.7,1,-1,-1,-1
369,186,579.7,369.5,34.7,85.7,1,-1,-1,-1
369,191,762.9,248.0,21.2,49.1,1,-1,-1,-1
369,193,171.5,218.9,23.4,61.9,1,-1,-1,-1
369,196,166.7,545.2,56.9,108.7,1,-1,-1,-1
369,204,55.9,120.5,19.6,44.4,1,-1,-1,-1
369,208,67.6,59.3,16.5,27.1,1,-1,-1,-1
369,211,618.5,325.4,34.0,76.1,1,-1,-1,-1
369,216,379.5,269.6,43.3,38.0,1,-1,-1,-1
369,217,48.1,111.8,18.5,34.0,1,-1,-1,-1
369,219,276.6,94.8,16.8,35.9,1,-1,-1,-1
369,220,580.0,331.4,25.2,56.1,1,-1,-1,-1
369,221,183.2,191.7,20.7,55.6,1,-1,-1,-1
369,224,146.0,49.4,13.7,17.1,1,-1,-1,-1
369,227,209.5,464.9,44.4,46.9,1,-1,-1,-1
369,228,699.8,78.2,16.3,31.8,1,-1,-1,-1
369,229,195.5,280.1,32.9,37.2,1,-1,-1,-1
369,230,442.4,319.7,28.7,72.2,1,-1,-1,-1
369,231,1147.0,232.3,7.6,32.1,1,-1,-1,-1
369,232,0.0,144.5,12.3,40.0,1,-1,-1,-1
369,233,224.9,479.9,49.0,52.4,1,-1,-1,-1
370,2,196.7,350.5,50.4,55.1,1,-1,-1,-1
370,6,301.1,336.2,26.7,85.0,1,-1,-1,-1
370,7,348.2,356.4,34.3,92.7,1,-1,-1,-1
370,8,725.8,251.4,23.0,52.0,1,-1,-1,-1
370,12,370.5,236.2,21.9,37.6,1,-1,-1,-1
370,15,749.3,251.0,22.6,53.5,1,-1,-1,-1
370,16,490.7,219.3,22.2,59.9,1,-1,-1,-1
370,17,932.6,295.8,37.6,44.2,1,-1,-1,-1
370,18,266.0,334.0,34.8,79.0,1,-1,-1,-1
370,21,631.0,419.1,43.1,103.7,1,-1,-1,-1
370,22,566.3,305.2,24.1,72.0,1,-1,-1,-1
370,24,937.0,213.1,25.0,60.4,1,-1,-1,-1
370,25,663.3,167.5,19.9,46.3,1,-1,-1,-1
370,47,681.4,301.4,30.4,80.7,1,-1,-1,-1
370,53,533.0,108.7,14.5,27.3,1,-1,-1,-1
370,69,190.0,309.7,29.1,33.2,1,-1,-1,-1
370,72,511.5,98.4,18.2,34.0,1,-1,-1,-1
370,90,200.9,221.0,27.2,57.3,1,-1,-1,-1
370,96,218.2,294.3,57.2,42.8,1,-1,-1,-1
370,106,570.9,216.6,23.1,42.7,1,-1,-1,-1
370,110,842.3,202.2,24.6,59.5,1,-1,-1,-1
370,127,219.3,411.4,52.0,56.8,1,-1,-1,-1
370,136,209.8,515.3,39.0,82.5,1,-1,-1,-1
370,145,373.5,119.4,17.3,42.5,1,-1,-1,-1
370,151,548.5,182.9,16.0,32.7,1,-1,-1,-1
370,153,560.0,238.9,14.9,31.1,1,-1,-1,-1
370,159,199.1,140.2,23.4,26.6,1,-1,-1,-1
370,160,293.2,51.7,13.4,21.2,1,-1,-1,-1
370,173,175.5,53.8,16.0,24.7,1,-1,-1,-1
370,174,140.5,96.1,16.6,32.7,1,-1,-1,-1
370,179,28.2,319.1,38.1,46.4,1,-1,-1,-1
370,180,191.6,263.2,52.9,36.5,1,-1,-1,-1
370,185,109.8,112.6,18.3,31.0,1,-1,-1,-1
370,186,580.1,370.8,33.5,83.2,1,-1,-1,-1
370,191,763.0,247.9,21.1,49.5,1,-1,-1,-1
370,193,171.2,217.4,24.2,62.6,1,-1,-1,-1
370,196,164.6,543.8,57.7,108.9,1,-1,-1,-1
370,204,58.0,117.4,20.0,47.7,1,-1,-1,-1
370,208,71.2,58.6,16.7,27.2,1,-1,-1,-1
370,211,617.4,325.4,34.7,76.4,1,-1,-1,-1
370,216,375.5,267.9,35.8,32.4,1,-1,-1,-1
370,219,278.8,94.5,16.5,35.8,1,-1,-1,-1
370,220,579.9,330.2,25.9,58.2,1,-1,-1,-1
370,221,184.0,191.3,20.8,55.1,1,-1,-1,-1
370,224,149.1,49.4,13.7,17.7,1,-1,-1,-1
370,227,207.4,465.7,42.9,46.1,1,-1,-1,-1
370,228,699.8,77.5,16.8,33.1,1,-1,-1,-1
370,230,442.2,320.7,29.4,72.9,1,-1,-1,-1
370,232,-0.0,145.7,13.7,39.5,1,-1,-1,-1
370,233,189.4,475.2,84.9,56.0,1,-1,-1,-1
370,234,1146.6,211.7,18.9,45.1,1,-1,-1,-1
370,235,704.0,288.1,14.9,79.1,1,-1,-1,-1
371,2,196.7,350.5,50.7,54.4,1,-1,-1,-1
371,6,301.1,335.3,26.4,85.4,1,-1,-1,-1
371,7,347.1,354.6,35.1,94.0,1,-1,-1,-1
371,8,725.1,251.0,22.5,51.9,1,-1,-1,-1
371,12,373.0,238.6,22.5,44.6,1,-1,-1,-1
371,15,749.3,251.1,22.7,53.4,1,-1,-1,-1
371,16,491.2,219.6,22.3,59.2,1,-1,-1,-1
371,17,932.9,296.6,37.6,44.1,1,-1,-1,-1
371,18,266.1,334.2,35.0,78.6,1,-1,-1,-1
371,21,631.2,419.9,43.9,104.4,1,-1,-1,-1
371,22,565.6,305.5,24.6,73.1,1,-1,-1,-1
371,24,938.3,213.4,24.9,60.5,1,-1,-1,-1
371,25,664.1,167.8,19.8,46.1,1,-1,-1,-1
371,47,681.2,301.7,30.1,80.1,1,-1,-1,-1
371,53,534.9,108.9,14.4,26.6,1,-1,-1,-1
371,69,191.3,308.2,28.5,34.6,1,-1,-1,-1
371,72,512.5,98.0,17.8,33.9,1,-1,-1,-1
371,90,204.6,220.4,27.1,58.9,1,-1,-1,-1
371,96,218.6,293.7,57.3,42.8,1,-1,-1,-1
371,110,843.4,202.9,24.2,59.0,1,-1,-1,-1
371,127,221.1,413.5,51.3,51.8,1,-1,-1,-1
371,136,196.0,528.2,40.2,98.1,1,-1,-1,-1
371,145,376.0,119.6,17.0,42.2,1,-1,-1,-1
371,151,549.6,181.7,15.9,33.9,1,-1,-1,-1
371,153,560.2,238.5,15.1,31.2,1,-1,-1,-1
371,159,201.0,140.2,23.3,26.1,1,-1,-1,-1
371,160,298.3,54.8,14.1,22.5,1,-1,-1,-1
371,173,176.8,53.8,15.6,24.5,1,-1,-1,-1
371,174,141.9,94.9,17.2,32.5,1,-1,-1,-1
371,179,28.6,318.7,37.1,46.8,1,-1,-1,-1
371,180,192.0,262.8,53.8,36.7,1,-1,-1,-1
371,185,114.1,118.7,17.7,28.9,1,-1,-1,-1
371,186,580.8,367.9,34.8,87.5,1,-1,-1,-1
371,191,763.6,247.7,20.9,50.1,1,-1,-1,-1
371,193,175.7,218.7,22.7,61.8,1,-1,-1,-1
371,196,165.3,550.7,50.4,92.8,1,-1,-1,-1
371,204,59.8,120.0,20.7,46.5,1,-1,-1,-1
371,208,74.7,59.0,16.1,27.3,1,-1,-1,-1
371,211,617.5,325.8,34.6,76.6,1,-1,-1,-1
371,216,367.4,263.7,32.7,29.4,1,-1,-1,-1
371,219,281.6,94.2,16.5,35.6,1,-1,-1,-1
371,220,579.1,328.9,26.5,63.4,1,-1,-1,-1
371,221,185.0,192.1,20.4,54.0,1,-1,-1,-1
371,224,152.6,49.3,13.7,17.4,1,-1,-1,-1
371,228,701.4,76.8,16.7,33.4,1,-1,-1,-1
371,230,442.3,321.7,30.6,74.1,1,-1,-1,-1
371,232,-0.1,142.3,14.5,41.3,1,-1,-1,-1
371,233,186.3,474.2,90.4,56.8,1,-1,-1,-1
371,234,1148.3,214.7,18.1,42.3,1,-1,-1,-1
371,235,704.0,288.2,13.9,63.8,1,-1,-1,-1
372,2,197.0,350.6,50.8,53.4,1,-1,-1,-1
372,6,301.2,334.6,26.3,85.2,1,-1,-1,-1
372,7,346.7,355.3,35.9,92.6,1,-1,-1,-1
372,8,725.4,251.0,22.3,51.5,1,-1,-1,-1
372,12,374.1,238.2,22.7,49.7,1,-1,-1,-1
372,15,750.3,251.2,26.2,52.5,1,-1,-1,-1
372,16,490.4,218.2,23.6,60.5,1,-1,-1,-1
372,17,933.5,296.8,37.4,44.1,1,-1,-1,-1
372,18,265.9,333.8,35.0,78.0,1,-1,-1,-1
372,21,633.7,418.8,43.7,103.7,1,-1,-1,-1
372,22,565.5,305.3,24.1,71.2,1,-1,-1,-1
372,24,937.8,212.7,25.1,59.9,1,-1,-1,-1
372,25,661.0,167.4,22.4,51.4,1,-1,-1,-1
372,47,681.5,301.9,30.2,78.9,1,-1,-1,-1
372,53,536.7,108.6,14.7,26.0,1,-1,-1,-1
372,69,192.0,307.7,28.4,35.1,1,-1,-1,-1
372,72,513.8,97.4,16.5,33.1,1,-1,-1,-1
372,90,205.8,219.2,26.7,58.7,1,-1,-1,-1
372,96,218.7,293.2,57.8,42.0,1,-1,-1,-1
372,110,843.0,203.7,23.9,57.5,1,-1,-1,-1
372,127,221.6,411.3,50.6,49.6,1,-1,-1,-1
372,136,178.4,551.7,41.2,106.1,1,-1,-1,-1
372,145,378.3,118.6,17.5,42.5,1,-1,-1,-1
372,151,551.0,182.1,15.2,34.1,1,-1,-1,-1
372,153,560.3,238.6,15.3,31.4,1,-1,-1,-1
372,159,202.7,139.9,23.2,25.8,1,-1,-1,-1
372,160,301.3,54.4,14.4,23.0,1,-1,-1,-1
372,161,586.6,226.2,20.1,35.8,1,-1,-1,-1
372,173,177.4,54.2,14.0,25.6,1,-1,-1,-1
372,174,145.3,95.9,16.6,32.3,1,-1,-1,-1
372,179,28.9,317.8,36.8,47.1,1,-1,-1,-1
372,180,192.8,262.5,55.1,36.9,1,-1,-1,-1
372,186,582.2,367.2,35.5,90.1,1,-1,-1,-1
372,191,764.2,247.7,20.9,50.3,1,-1,-1,-1
372,193,176.7,216.9,23.1,62.4,1,-1,-1,-1
372,196,159.6,545.5,56.9,102.1,1,-1,-1,-1
372,204,61.2,120.6,20.3,45.6,1,-1,-1,-1
372,208,76.5,58.4,16.2,27.0,1,-1,-1,-1
372,211,618.5,326.3,33.5,76.6,1,-1,-1,-1
372,219,285.2,92.8,17.0,34.4,1,-1,-1,-1
372,220,579.0,328.3,27.1,67.9,1,-1,-1,-1
372,221,186.3,192.2,20.5,54.1,1,-1,-1,-1
372,224,155.0,49.3,13.8,17.0,1,-1,-1,-1
372,228,702.5,75.5,16.9,33.9,1,-1,-1,-1
372,230,442.4,322.4,30.6,73.7,1,-1,-1,-1
372,232,-0.1,139.6,15.2,41.6,1,-1,-1,-1
372,233,223.2,475.8,57.4,57.6,1,-1,-1,-1
372,234,1148.3,214.1,18.6,41.8,1,-1,-1,-1
372,235,704.1,288.8,14.1,61.4,1,-1,-1,-1
372,238,206.3,394.6,52.2,50.3,1,-1,-1,-1
372,239,379.9,268.9,45.4,38.2,1,-1,-1,-1
372,240,115.4,116.0,17.2,26.4,1,-1,-1,-1
373,2,197.6,351.0,50.2,52.0,1,-1,-1,-1
373,6,301.8,333.7,26.0,86.1,1,-1,-1,-1
373,7,345.2,355.7,37.2,91.6,1,-1,-1,-1
373,8,725.7,250.8,22.3,51.4,1,-1,-1,-1
373,12,375.5,241.1,22.9,52.6,1,-1,-1,-1
373,15,751.2,251.7,26.3,52.0,1,-1,-1,-1
373,16,491.5,219.6,22.6,59.9,1,-1,-1,-1
373,17,933.7,297.0,37.2,44.0,1,-1,-1,-1
373,18,265.7,332.9,35.3,80.5,1,-1,-1,-1
373,21,636.1,418.8,42.1,103.6,1,-1,-1,-1
373,22,565.4,306.1,23.5,71.2,1,-1,-1,-1
373,24,938.7,213.8,24.6,60.1,1,-1,-1,-1
373,25,664.4,166.3,21.3,49.0,1,-1,-1,-1
373,47,681.6,302.5,29.5,77.5,1,-1,-1,-1
373,53,539.1,108.2,13.6,25.5,1,-1,-1,-1
373,69,193.2,308.0,27.7,35.3,1,-1,-1,-1
373,72,515.6,97.3,16.0,33.3,1,-1,-1,-1
373,90,206.3,218.8,26.5,58.1,1,-1,-1,-1
373,96,227.2,293.9,53.7,42.7,1,-1,-1,-1
373,110,843.0,203.2,23.9,58.2,1,-1,-1,-1
373,145,380.1,118.5,17.8,42.4,1,-1,-1,-1
373,151,551.5,181.5,15.6,34.7,1,-1,-1,-1
373,153,560.6,238.6,15.4,31.5,1,-1,-1,-1
373,159,204.4,139.6,23.8,25.8,1,-1,-1,-1
373,160,305.5,54.4,13.8,22.8,1,-1,-1,-1
373,161,579.7,217.2,20.6,35.6,1,-1,-1,-1
373,173,179.4,54.0,14.3,24.7,1,-1,-1,-1
373,174,147.8,96.3,16.5,32.1,1,-1,-1,-1
373,179,29.5,317.1,36.7,46.6,1,-1,-1,-1
373,180,193.5,262.4,54.9,36.8,1,-1,-1,-1
373,186,583.8,367.2,35.5,89.3,1,-1,-1,-1
373,193,177.0,215.6,22.9,62.6,1,-1,-1,-1
373,196,155.7,541.8,60.1,108.2,1,-1,-1,-1
373,204,63.0,121.6,19.2,45.2,1,-1,-1,-1
373,208,78.4,58.2,16.2,27.4,1,-1,-1,-1
373,211,619.6,326.8,31.6,76.7,1,-1,-1,-1
373,217,57.6,106.7,19.0,38.9,1,-1,-1,-1
373,219,286.8,92.7,17.0,33.3,1,-1,-1,-1
373,220,578.8,327.0,27.5,66.8,1,-1,-1,-1
373,221,187.9,190.7,20.6,54.5,1,-1,-1,-1
373,224,157.2,49.3,13.6,17.1,1,-1,-1,-1
373,227,194.3,473.2,72.4,57.1,1,-1,-1,-1
373,230,443.2,323.7,29.7,74.9,1,-1,-1,-1
373,232,0.0,140.8,16.6,41.2,1,-1,-1,-1
373,233,263.5,479.1,48.5,58.8,1,-1,-1,-1
373,234,1147.9,208.8,21.4,46.4,1,-1,-1,-1
373,235,704.3,286.6,15.5,61.5,1,-1,-1,-1
373,237,400.8,97.4,12.8,26.8,1,-1,-1,-1
373,238,207.0,394.5,51.5,50.4,1,-1,-1,-1
373,239,379.1,268.2,44.8,38.5,1,-1,-1,-1
373,240,123.8,131.2,15.1,19.2,1,-1,-1,-1
373,241,194.0,514.6,51.8,78.3,1,-1,-1,-1
374,2,198.5,349.8,49.4,52.1,1,-1,-1,-1
374,6,301.6,333.1,25.4,86.8,1,-1,-1,-1
374,7,344.1,355.7,38.1,91.1,1,-1,-1,-1
374,8,726.0,250.9,22.5,51.3,1,-1,-1,-1
374,15,751.2,251.6,26.6,51.5,1,-1,-1,-1
374,16,492.4,220.0,22.2,59.2,1,-1,-1,-1
374,17,933.8,297.0,37.2,43.9,1,-1,-1,-1
374,18,265.5,332.4,35.3,79.5,1,-1,-1,-1
374,21,638.6,419.2,41.2,103.1,1,-1,-1,-1
374,22,565.4,305.5,24.0,72.5,1,-1,-1,-1
374,24,939.8,215.7,22.0,57.2,1,-1,-1,-1
374,25,667.2,166.2,20.2,47.2,1,-1,-1,-1
374,47,681.0,302.4,29.5,78.4,1,-1,-1,-1
374,53,539.9,107.4,14.2,26.5,1,-1,-1,-1
374,69,193.2,307.2,28.1,33.9,1,-1,-1,-1
374,72,517.7,97.1,15.2,33.9,1,-1,-1,-1
374,90,207.2,218.6,26.5,56.3,1,-1,-1,-1
374,96,230.7,293.1,55.9,42.4,1,-1,-1,-1
374,110,843.5,204.0,23.4,57.7,1,-1,-1,-1
374,145,381.0,116.7,18.4,40.4,1,-1,-1,-1
374,151,553.7,182.8,16.2,34.1,1,-1,-1,-1
374,153,561.3,238.2,15.0,31.6,1,-1,-1,-1
374,159,205.8,139.3,23.5,26.2,1,-1,-1,-1
374,160,309.1,55.3,14.2,22.9,1,-1,-1,-1
374,173,181.6,53.6,15.3,24.4,1,-1,-1,-1
374,174,149.7,96.3,16.4,31.7,1,-1,-1,-1
374,179,30.4,316.9,36.2,45.5,1,-1,-1,-1
374,180,201.7,261.3,48.1,37.6,1,-1,-1,-1
374,186,585.5,368.5,34.1,86.7,1,-1,-1,-1
374,193,176.0,215.5,22.9,63.3,1,-1,-1,-1
374,196,152.1,539.3,62.5,109.3,1,-1,-1,-1
374,204,64.5,121.5,18.6,44.5,1,-1,-1,-1
374,208,81.2,57.0,16.2,28.2,1,-1,-1,-1
374,211,620.6,327.7,30.4,76.3,1,-1,-1,-1
374,217,59.0,105.4,17.7,38.5,1,-1,-1,-1
374,218,374.8,235.6,19.7,33.0,1,-1,-1,-1
374,219,287.9,93.3,17.2,32.8,1,-1,-1,-1
374,220,577.3,330.2,28.3,72.8,1,-1,-1,-1
374,221,185.8,189.5,22.2,58.0,1,-1,-1,-1
374,224,159.2,49.4,13.6,17.0,1,-1,-1,-1
374,227,198.6,491.8,84.2,60.8,1,-1,-1,-1
374,230,445.2,323.1,27.4,77.9,1,-1,-1,-1
374,232,0.9,141.3,17.9,39.6,1,-1,-1,-1
374,234,1149.7,211.9,20.0,45.7,1,-1,-1,-1
374,235,704.1,286.2,15.7,60.6,1,-1,-1,-1
374,237,402.3,97.3,12.9,26.6,1,-1,-1,-1
374,238,206.7,394.3,51.0,50.1,1,-1,-1,-1
374,239,379.8,267.6,44.5,38.9,1,-1,-1,-1
374,241,195.9,513.5,46.9,78.6,1,-1,-1,-1
374,242,117.2,103.8,18.6,35.1,1,-1,-1,-1
375,2,199.1,348.9,48.9,52.7,1,-1,-1,-1
375,6,301.4,332.6,25.6,87.0,1,-1,-1,-1
375,7,344.2,355.2,38.1,91.1,1,-1,-1,-1
375,8,726.5,250.9,22.6,51.0,1,-1,-1,-1
375,15,750.5,251.4,27.1,51.6,1,-1,-1,-1
375,16,493.4,219.4,22.2,58.9,1,-1,-1,-1
375,17,934.2,297.2,37.0,43.7,1,-1,-1,-1
375,18,265.4,331.9,35.4,81.0,1,-1,-1,-1
375,21,639.6,423.1,43.9,101.7,1,-1,-1,-1
375,22,565.7,304.9,25.7,73.2,1,-1,-1,-1
375,24,941.0,216.8,20.5,54.9,1,-1,-1,-1
375,25,668.9,167.0,19.4,46.6,1,-1,-1,-1
375,47,680.8,302.6,27.7,78.4,1,-1,-1,-1
375,53,542.4,107.5,13.0,25.7,1,-1,-1,-1
375,69,193.1,306.9,28.7,33.1,1,-1,-1,-1
375,72,519.0,98.0,17.4,34.5,1,-1,-1,-1
375,90,205.0,220.5,27.5,58.0,1,-1,-1,-1
375,96,230.6,292.9,56.8,41.6,1,-1,-1,-1
375,110,843.4,205.1,23.2,57.4,1,-1,-1,-1
375,145,384.7,119.4,18.4,40.1,1,-1,-1,-1
375,151,555.1,183.0,16.9,34.5,1,-1,-1,-1
375,153,562.6,238.3,14.4,31.4,1,-1,-1,-1
375,159,209.3,139.4,22.2,25.7,1,-1,-1,-1
375,160,311.5,55.6,14.5,23.2,1,-1,-1,-1
375,173,184.6,53.8,16.4,23.8,1,-1,-1,-1
375,174,151.7,94.9,16.8,32.0,1,-1,-1,-1
375,179,30.9,317.1,35.8,46.2,1,-1,-1,-1
375,180,198.7,261.9,49.9,36.9,1,-1,-1,-1
375,186,588.4,366.7,32.2,86.6,1,-1,-1,-1
375,193,178.1,215.4,23.0,63.7,1,-1,-1,-1
375,196,149.7,538.8,63.4,108.6,1,-1,-1,-1
375,204,67.3,121.3,17.5,40.7,1,-1,-1,-1
375,208,85.0,56.6,16.6,28.8,1,-1,-1,-1
375,211,621.8,328.3,29.0,75.7,1,-1,-1,-1
375,217,63.2,104.0,17.4,37.4,1,-1,-1,-1
375,218,375.6,236.6,19.9,31.7,1,-1,-1,-1
375,219,289.8,92.9,17.2,32.6,1,-1,-1,-1
375,220,576.9,329.7,28.4,76.4,1,-1,-1,-1
375,221,186.8,188.5,22.9,57.9,1,-1,-1,-1
375,228,709.8,77.5,16.9,37.1,1,-1,-1,-1
375,230,446.0,321.3,27.4,79.8,1,-1,-1,-1
375,232,3.1,142.7,18.3,38.3,1,-1,-1,-1
375,234,1149.1,210.7,20.3,44.1,1,-1,-1,-1
375,235,704.0,285.8,15.9,61.2,1,-1,-1,-1
375,236,192.1,278.4,35.4,39.4,1,-1,-1,-1
375,237,403.7,96.8,12.8,26.6,1,-1,-1,-1
375,238,206.4,393.5,50.8,50.8,1,-1,-1,-1
375,239,377.5,266.1,34.5,32.8,1,-1,-1,-1
375,241,196.5,517.5,42.2,75.0,1,-1,-1,-1
375,242,118.7,103.3,18.6,36.6,1,-1,-1,-1
375,243,188.5,472.1,80.2,59.3,1,-1,-1,-1
376,2,203.8,349.2,49.0,53.9,1,-1,-1,-1
376,6,301.3,332.2,25.7,86.4,1,-1,-1,-1
376,7,344.6,354.5,37.5,91.1,1,-1,-1,-1
376,8,726.6,250.9,22.6,50.9,1,-1,-1,-1
376,15,751.5,251.7,26.9,52.0,1,-1,-1,-1
376,16,493.9,218.5,22.5,59.1,1,-1,-1,-1
376,17,934.8,297.3,36.5,43.6,1,-1,-1,-1
376,18,265.3,331.0,35.1,81.8,1,-1,-1,-1
376,21,639.5,424.7,46.2,100.8,1,-1,-1,-1
376,22,565.5,304.8,26.8,73.9,1,-1,-1,-1
376,24,941.8,215.9,19.5,51.1,1,-1,-1,-1
376,25,669.6,168.0,19.2,46.9,1,-1,-1,-1
376,47,680.6,324.0,24.3,62.1,1,-1,-1,-1
376,53,544.5,106.2,13.8,26.3,1,-1,-1,-1
376,69,195.6,307.5,27.8,32.7,1,-1,-1,-1
376,72,521.5,98.2,17.9,34.4,1,-1,-1,-1
376,90,206.7,219.6,26.4,57.0,1,-1,-1,-1
376,96,230.2,292.8,57.9,40.9,1,-1,-1,-1
376,110,843.9,205.4,23.7,57.2,1,-1,-1,-1
376,145,387.1,120.0,18.0,40.5,1,-1,-1,-1
376,151,556.2,182.5,16.1,34.9,1,-1,-1,-1
376,153,564.0,236.7,14.9,32.7,1,-1,-1,-1
376,159,211.2,138.5,21.9,26.8,1,-1,-1,-1
376,160,313.7,55.2,14.1,24.3,1,-1,-1,-1
376,173,186.3,53.9,16.9,22.8,1,-1,-1,-1
376,174,154.0,95.5,17.0,32.6,1,-1,-1,-1
376,179,31.3,316.0,35.4,45.0,1,-1,-1,-1
376,180,205.9,261.6,47.0,37.2,1,-1,-1,-1
376,186,590.8,367.4,31.6,87.3,1,-1,-1,-1
376,193,178.9,215.1,24.1,64.2,1,-1,-1,-1
376,196,147.8,536.0,63.0,109.8,1,-1,-1,-1
376,204,68.8,120.2,18.2,42.9,1,-1,-1,-1
376,208,86.9,56.9,16.9,28.6,1,-1,-1,-1
376,211,622.2,329.5,28.2,75.0,1,-1,-1,-1
376,217,66.0,102.2,16.6,34.6,1,-1,-1,-1
376,218,376.3,238.1,20.1,30.2,1,-1,-1,-1
376,219,292.8,93.6,16.9,34.4,1,-1,-1,-1
376,220,576.5,329.3,28.7,77.1,1,-1,-1,-1
376,221,190.8,188.6,20.6,55.9,1,-1,-1,-1
376,224,165.8,49.6,14.4,17.0,1,-1,-1,-1
376,228,713.2,77.1,16.8,38.5,1,-1,-1,-1
376,230,445.9,320.8,28.4,80.3,1,-1,-1,-1
376,232,4.4,142.2,19.7,39.0,1,-1,-1,-1
376,234,1148.9,211.1,20.8,44.3,1,-1,-1,-1
376,235,690.3,287.3,24.0,70.5,1,-1,-1,-1
376,236,191.9,278.1,36.4,38.9,1,-1,-1,-1
376,237,405.1,96.0,12.9,27.6,1,-1,-1,-1
376,238,206.7,392.4,50.4,51.1,1,-1,-1,-1
376,239,374.6,240.7,26.2,47.9,1,-1,-1,-1
376,241,189.1,516.3,39.5,75.6,1,-1,-1,-1
376,242,120.5,102.3,19.4,36.5,1,-1,-1,-1
376,243,192.3,472.5,75.5,57.8,1,-1,-1,-1
376,244,595.5,232.5,17.4,35.5,1,-1,-1,-1
377,2,201.3,345.9,47.6,55.3,1,-1,-1,-1
377,6,301.4,332.0,25.4,85.8,1,-1,-1,-1
377,7,345.2,352.1,36.6,93.7,1,-1,-1,-1
377,8,728.3,250.9,24.1,52.0,1,-1,-1,-1
377,12,382.4,267.8,43.3,37.3,1,-1,-1,-1
377,15,751.7,250.9,26.9,51.9,1,-1,-1,-1
377,16,494.8,218.3,22.9,59.2,1,-1,-1,-1
377,17,935.2,297.7,36.5,43.4,1,-1,-1,-1
377,18,265.9,330.2,34.4,80.0,1,-1,-1,-1
377,21,639.1,426.1,48.2,99.6,1,-1,-1,-1
377,22,565.1,304.3,27.9,74.2,1,-1,-1,-1
377,24,942.1,216.5,19.4,49.3,1,-1,-1,-1
377,25,667.4,166.8,21.2,52.2,1,-1,-1,-1
377,47,681.4,331.3,23.3,52.0,1,-1,-1,-1
377,53,547.4,106.2,12.8,25.7,1,-1,-1,-1
377,69,195.9,307.3,28.2,32.0,1,-1,-1,-1
377,72,523.5,97.6,18.0,34.2,1,-1,-1,-1
377,90,208.9,218.6,25.5,56.1,1,-1,-1,-1
377,96,230.8,292.4,57.7,40.6,1,-1,-1,-1
377,110,843.9,207.0,23.7,57.0,1,-1,-1,-1
377,145,388.4,119.2,17.5,40.7,1,-1,-1,-1
377,151,557.9,182.7,14.8,34.5,1,-1,-1,-1
377,153,564.4,236.2,15.4,33.1,1,-1,-1,-1
377,159,213.2,139.3,21.7,26.0,1,-1,-1,-1
377,160,318.7,54.7,14.7,24.8,1,-1,-1,-1
377,173,187.6,52.8,17.4,23.1,1,-1,-1,-1
377,174,156.5,95.3,16.7,32.9,1,-1,-1,-1
377,179,32.3,315.2,35.4,44.3,1,-1,-1,-1
377,180,207.7,261.0,46.7,37.4,1,-1,-1,-1
377,186,591.4,367.5,32.0,86.7,1,-1,-1,-1
377,193,178.7,214.0,25.8,64.8,1,-1,-1,-1
377,196,144.4,535.6,63.8,108.4,1,-1,-1,-1
377,204,70.5,120.5,18.4,43.2,1,-1,-1,-1
377,208,89.4,56.8,16.4,28.5,1,-1,-1,-1
377,211,622.6,330.6,27.5,73.9,1,-1,-1,-1
377,217,67.2,102.5,17.4,35.8,1,-1,-1,-1
377,219,296.8,92.6,17.0,33.8,1,-1,-1,-1
377,220,576.2,329.2,29.4,76.5,1,-1,-1,-1
377,221,193.7,189.1,20.0,55.0,1,-1,-1,-1
377,224,168.2,49.0,14.3,17.5,1,-1,-1,-1
377,228,713.5,76.6,17.3,40.6,1,-1,-1,-1
377,230,444.0,321.4,30.1,80.0,1,-1,-1,-1
377,232,5.9,141.3,20.5,39.3,1,-1,-1,-1
377,234,1151.4,212.4,20.0,43.4,1,-1,-1,-1
377,235,688.0,286.7,26.6,73.0,1,-1,-1,-1
377,236,193.7,278.0,36.8,38.4,1,-1,-1,-1
377,237,406.8,96.3,13.1,27.0,1,-1,-1,-1
377,238,207.6,391.1,49.3,51.2,1,-1,-1,-1
377,239,367.4,216.6,19.6,52.8,1,-1,-1,-1
377,241,187.2,514.7,37.9,74.4,1,-1,-1,-1
377,242,122.9,101.8,19.3,36.7,1,-1,-1,-1
377,243,189.4,471.1,78.0,57.6,1,-1,-1,-1
377,244,598.5,232.5,16.1,36.7,1,-1,-1,-1
378,2,200.6,344.9,47.0,55.5,1,-1,-1,-1
378,6,301.4,331.9,25.3,85.3,1,-1,-1,-1
378,7,345.2,350.9,36.2,95.1,1,-1,-1,-1
378,8,728.6,251.3,25.2,51.8,1,-1,-1,-1
378,12,381.9,266.9,43.4,36.8,1,-1,-1,-1
378,15,752.5,252.0,26.6,51.8,1,-1,-1,-1
378,16,495.7,218.6,23.5,61.1,1,-1,-1,-1
378,17,935.6,297.9,36.4,43.4,1,-1,-1,-1
378,18,266.4,330.6,34.3,79.2,1,-1,-1,-1
378,21,643.0,423.4,47.4,102.7,1,-1,-1,-1
378,22,564.4,303.8,28.3,76.0,1,-1,-1,-1
378,24,942.6,217.0,19.7,47.8,1,-1,-1,-1
378,25,667.9,165.4,22.1,53.9,1,-1,-1,-1
378,47,680.4,307.7,26.9,69.3,1,-1,-1,-1
378,53,547.1,104.8,14.6,26.6,1,-1,-1,-1
378,69,196.0,306.9,28.7,31.4,1,-1,-1,-1
378,72,524.1,96.9,16.6,34.1,1,-1,-1,-1
378,90,211.0,217.4,24.5,55.3,1,-1,-1,-1
378,96,233.0,291.4,56.3,40.9,1,-1,-1,-1
378,110,847.3,206.6,23.6,56.3,1,-1,-1,-1
378,145,391.3,118.1,17.4,41.9,1,-1,-1,-1
378,151,557.9,182.0,16.0,33.8,1,-1,-1,-1
378,153,564.9,236.8,15.4,32.9,1,-1,-1,-1
378,159,215.8,139.0,21.4,25.0,1,-1,-1,-1
378,160,321.2,54.3,15.1,25.9,1,-1,-1,-1
378,173,188.7,52.7,16.9,23.3,1,-1,-1,-1
378,174,158.8,95.5,17.0,32.8,1,-1,-1,-1
378,179,32.6,314.0,36.0,45.9,1,-1,-1,-1
378,180,208.6,261.0,47.2,37.3,1,-1,-1,-1
378,186,591.7,367.6,34.1,86.8,1,-1,-1,-1
378,193,179.1,213.6,26.9,64.7,1,-1,-1,-1
378,196,142.2,535.7,64.9,107.7,1,-1,-1,-1
378,204,71.9,123.0,18.7,40.6,1,-1,-1,-1
378,208,92.7,55.9,15.8,27.7,1,-1,-1,-1
378,211,622.4,331.2,27.5,73.0,1,-1,-1,-1
378,217,70.1,101.9,19.0,36.0,1,-1,-1,-1
378,218,376.8,237.0,22.5,36.7,1,-1,-1,-1
378,219,298.5,91.5,17.2,33.4,1,-1,-1,-1
378,220,576.4,329.8,29.6,75.1,1,-1,-1,-1
378,221,191.3,190.1,22.9,63.0,1,-1,-1,-1
378,224,170.5,48.6,14.4,17.6,1,-1,-1,-1
378,228,714.1,76.4,17.4,42.2,1,-1,-1,-1
378,230,440.9,323.2,31.8,79.3,1,-1,-1,-1
378,232,9.0,142.0,21.3,39.6,1,-1,-1,-1
378,234,1154.2,213.5,18.6,42.6,1,-1,-1,-1
378,235,684.7,286.7,29.8,75.9,1,-1,-1,-1
378,236,195.3,278.0,35.3,37.3,1,-1,-1,-1
378,237,409.0,96.8,12.8,26.8,1,-1,-1,-1
378,238,208.4,390.6,48.8,51.0,1,-1,-1,-1
378,241,186.9,520.9,37.5,96.8,1,-1,-1,-1
378,242,127.6,111.2,17.9,30.5,1,-1,-1,-1
378,243,189.6,469.8,77.3,58.9,1,-1,-1,-1
378,244,597.7,232.4,16.1,35.8,1,-1,-1,-1
379,2,200.5,344.4,46.6,55.2,1,-1,-1,-1
379,6,300.9,332.1,26.3,86.0,1,-1,-1,-1
379,7,345.7,351.7,35.4,93.6,1,-1,-1,-1
379,8,727.5,251.3,26.4,51.6,1,-1,-1,-1
379,12,384.9,266.2,40.9,36.6,1,-1,-1,-1
379,15,752.9,251.8,26.5,52.2,1,-1,-1,-1
379,16,494.2,217.2,24.5,61.1,1,-1,-1,-1
379,17,935.7,297.8,36.1,43.4,1,-1,-1,-1
379,18,266.0,331.2,33.9,78.1,1,-1,-1,-1
379,21,644.2,422.6,46.3,103.6,1,-1,-1,-1
379,22,564.4,303.0,28.0,77.0,1,-1,-1,-1
379,24,943.1,217.2,19.4,45.9,1,-1,-1,-1
379,25,668.9,164.7,22.3,53.8,1,-1,-1,-1
379,47,678.6,301.2,29.3,76.6,1,-1,-1,-1
379,53,549.1,105.0,14.8,26.7,1,-1,-1,-1
379,69,196.4,306.3,29.2,31.2,1,-1,-1,-1
379,72,526.4,97.0,16.0,33.8,1,-1,-1,-1
379,90,211.6,216.5,24.3,54.8,1,-1,-1,-1
379,96,232.5,291.5,55.7,40.7,1,-1,-1,-1
379,110,849.0,205.6,23.1,56.1,1,-1,-1,-1
379,145,392.6,116.5,18.0,40.9,1,-1,-1,-1
379,151,559.0,181.5,15.9,34.2,1,-1,-1,-1
379,153,565.1,236.9,15.5,32.1,1,-1,-1,-1
379,159,217.2,138.7,22.0,25.2,1,-1,-1,-1
379,160,323.7,53.2,15.5,26.3,1,-1,-1,-1
379,173,190.4,53.0,16.3,22.9,1,-1,-1,-1
379,174,160.9,95.4,16.8,32.7,1,-1,-1,-1
379,179,33.1,312.6,38.1,47.4,1,-1,-1,-1
379,180,202.9,260.2,50.8,36.8,1,-1,-1,-1
379,186,592.1,366.7,35.6,88.7,1,-1,-1,-1
379,193,180.9,213.6,26.5,64.4,1,-1,-1,-1
379,196,141.0,533.4,66.3,108.6,1,-1,-1,-1
379,204,73.8,118.8,19.2,43.1,1,-1,-1,-1
379,208,96.1,56.0,16.0,28.2,1,-1,-1,-1
379,211,621.6,331.3,27.6,72.6,1,-1,-1,-1
379,217,73.5,102.3,19.6,36.0,1,-1,-1,-1
379,218,376.9,236.1,22.7,34.0,1,-1,-1,-1
379,219,299.9,90.5,17.5,32.9,1,-1,-1,-1
379,220,576.9,331.0,29.5,73.9,1,-1,-1,-1
379,221,192.1,189.6,23.8,66.5,1,-1,-1,-1
379,230,439.2,324.7,34.1,78.1,1,-1,-1,-1
379,232,11.6,141.7,21.2,39.3,1,-1,-1,-1
379,234,1151.8,212.2,21.3,45.0,1,-1,-1,-1
379,236,196.3,277.3,35.1,37.9,1,-1,-1,-1
379,237,410.7,96.9,12.5,26.9,1,-1,-1,-1
379,238,208.0,390.2,49.7,50.2,1,-1,-1,-1
379,241,188.6,538.3,36.0,107.4,1,-1,-1,-1
379,242,131.4,115.8,17.1,25.8,1,-1,-1,-1
379,243,189.1,469.0,76.3,59.7,1,-1,-1,-1
379,244,598.5,232.0,15.9,36.7,1,-1,-1,-1
379,246,704.2,288.8,13.1,71.0,1,-1,-1,-1
380,2,200.6,344.4,46.7,54.4,1,-1,-1,-1
380,6,300.9,332.0,26.7,85.0,1,-1,-1,-1
380,7,345.9,350.6,34.7,94.6,1,-1,-1,-1
380,8,726.5,251.0,27.2,51.5,1,-1,-1,-1
380,12,385.9,265.2,40.0,37.0,1,-1,-1,-1
380,15,752.7,251.7,26.3,52.2,1,-1,-1,-1
380,16,496.0,218.0,23.6,61.6,1,-1,-1,-1
380,17,935.5,298.0,36.2,43.0,1,-1,-1,-1
380,18,266.0,330.8,33.7,77.3,1,-1,-1,-1
380,21,644.9,423.0,46.6,104.1,1,-1,-1,-1
380,22,564.5,302.7,27.6,77.0,1,-1,-1,-1
380,24,944.3,216.4,19.2,43.9,1,-1,-1,-1
380,25,669.9,165.0,22.5,53.4,1,-1,-1,-1
380,47,677.7,300.6,30.9,79.2,1,-1,-1,-1
380,53,550.2,104.4,15.1,26.5,1,-1,-1,-1
380,69,197.0,305.7,29.4,31.4,1,-1,-1,-1
380,72,528.3,96.6,15.3,33.9,1,-1,-1,-1
380,90,212.1,216.7,25.0,56.4,1,-1,-1,-1
380,96,232.9,291.3,56.0,40.6,1,-1,-1,-1
380,110,850.0,203.9,22.8,57.1,1,-1,-1,-1
380,145,395.1,117.3,17.5,42.3,1,-1,-1,-1
380,151,559.4,181.0,16.3,34.7,1,-1,-1,-1
380,153,565.3,236.5,15.8,32.1,1,-1,-1,-1
380,159,218.9,138.2,21.9,25.2,1,-1,-1,-1
380,160,326.3,52.9,15.2,27.1,1,-1,-1,-1
380,173,191.9,52.8,16.2,23.1,1,-1,-1,-1
380,174,163.6,95.0,16.6,32.5,1,-1,-1,-1
380,179,34.0,311.8,39.4,47.4,1,-1,-1,-1
380,180,201.5,259.9,52.8,36.5,1,-1,-1,-1
380,186,595.2,368.2,37.8,88.2,1,-1,-1,-1
380,193,184.6,213.4,24.6,63.4,1,-1,-1,-1
380,196,139.8,532.7,66.0,108.4,1,-1,-1,-1
380,204,74.9,118.5,19.6,43.5,1,-1,-1,-1
380,208,98.3,56.3,16.6,28.5,1,-1,-1,-1
380,211,620.9,331.9,28.2,71.6,1,-1,-1,-1
380,218,377.1,236.1,23.0,31.9,1,-1,-1,-1
380,219,302.7,90.5,17.6,32.9,1,-1,-1,-1
380,220,577.5,330.7,30.0,74.5,1,-1,-1,-1
380,221,193.7,187.8,23.4,64.0,1,-1,-1,-1
380,224,176.7,49.3,15.1,17.3,1,-1,-1,-1
380,230,439.0,328.2,34.7,78.8,1,-1,-1,-1
380,232,13.5,141.0,21.1,40.5,1,-1,-1,-1
380,234,1151.7,212.5,22.6,45.9,1,-1,-1,-1
380,236,194.8,277.1,33.2,35.0,1,-1,-1,-1
380,237,412.1,97.4,13.1,26.9,1,-1,-1,-1
380,238,215.3,404.7,52.9,53.5,1,-1,-1,-1
380,242,135.8,122.5,16.5,22.5,1,-1,-1,-1
380,243,189.4,468.7,74.8,59.7,1,-1,-1,-1
380,244,594.0,225.4,18.2,41.4,1,-1,-1,-1
380,245,194.8,562.9,29.2,60.1,1,-1,-1,-1
380,246,704.0,289.1,12.3,70.8,1,-1,-1,-1
381,2,200.8,344.3,46.7,54.0,1,-1,-1,-1
381,6,300.7,331.4,26.9,85.2,1,-1,-1,-1
381,7,346.0,350.0,34.0,94.3,1,-1,-1,-1
381,8,728.1,251.3,26.2,51.4,1,-1,-1,-1
381,12,384.2,265.4,41.8,37.7,1,-1,-1,-1
381,15,753.5,251.9,25.9,52.2,1,-1,-1,-1
381,16,497.2,217.6,22.8,61.5,1,-1,-1,-1
381,17,935.6,298.1,36.2,42.9,1,-1,-1,-1
381,18,266.0,329.5,33.9,77.7,1,-1,-1,-1
381,21,647.9,423.3,45.3,104.6,1,-1,-1,-1
381,22,564.5,302.7,26.8,76.6,1,-1,-1,-1
381,24,946.3,219.6,22.3,57.0,1,-1,-1,-1
381,25,671.5,165.2,21.5,51.2,1,-1,-1,-1
381,47,676.7,300.7,31.8,79.5,1,-1,-1,-1
381,53,551.6,104.3,15.0,26.6,1,-1,-1,-1
381,69,197.3,305.1,29.8,31.8,1,-1,-1,-1
381,72,530.5,96.8,17.3,33.9,1,-1,-1,-1
381,90,213.3,217.9,25.4,55.7,1,-1,-1,-1
381,96,234.5,290.4,55.8,40.6,1,-1,-1,-1
381,110,852.8,204.3,22.1,56.6,1,-1,-1,-1
381,145,398.1,117.6,17.0,42.3,1,-1,-1,-1
381,151,560.4,181.1,16.5,34.5,1,-1,-1,-1
381,153,565.8,235.9,15.8,32.2,1,-1,-1,-1
381,159,220.8,137.2,21.9,25.8,1,-1,-1,-1
381,160,331.3,53.6,15.5,27.7,1,-1,-1,-1
381,173,195.6,53.6,16.6,23.3,1,-1,-1,-1
381,174,165.5,94.6,16.7,32.4,1,-1,-1,-1
381,179,34.8,311.4,40.6,46.9,1,-1,-1,-1
381,180,202.2,259.7,53.1,35.9,1,-1,-1,-1
381,186,595.4,369.8,37.5,85.9,1,-1,-1,-1
381,193,186.8,213.1,23.2,62.7,1,-1,-1,-1
381,196,138.6,531.1,65.7,108.6,1,-1,-1,-1
381,204,77.0,116.5,19.9,45.1,1,-1,-1,-1
381,208,100.8,55.5,16.0,28.9,1,-1,-1,-1
381,211,619.6,332.0,29.4,71.2,1,-1,-1,-1
381,217,76.5,99.5,16.9,26.6,1,-1,-1,-1
381,218,377.3,236.5,22.5,32.1,1,-1,-1,-1
381,219,305.7,90.4,18.3,33.2,1,-1,-1,-1
381,220,578.0,331.2,30.4,74.5,1,-1,-1,-1
381,221,198.1,186.3,21.7,58.0,1,-1,-1,-1
381,224,178.9,48.8,14.7,17.9,1,-1,-1,-1
381,230,437.8,329.2,34.3,74.1,1,-1,-1,-1
381,232,15.6,140.4,21.2,41.0,1,-1,-1,-1
381,234,1154.3,212.8,20.4,46.5,1,-1,-1,-1
381,236,195.6,277.8,31.7,33.1,1,-1,-1,-1
381,237,414.1,97.1,12.9,26.9,1,-1,-1,-1
381,238,216.2,406.0,53.9,55.4,1,-1,-1,-1
381,243,188.0,468.1,75.5,60.2,1,-1,-1,-1
381,244,589.7,219.4,18.9,43.5,1,-1,-1,-1
381,245,194.2,567.1,27.1,62.5,1,-1,-1,-1
381,246,704.0,289.1,12.0,70.5,1,-1,-1,-1
381,247,134.9,115.9,17.2,21.9,1,-1,-1,-1
382,2,201.1,344.0,47.0,53.9,1,-1,-1,-1
382,6,300.4,330.2,26.6,84.8,1,-1,-1,-1
382,7,346.0,349.7,33.5,93.1,1,-1,-1,-1
382,8,728.0,251.2,26.5,51.6,1,-1,-1,-1
382,12,384.6,265.0,41.9,37.9,1,-1,-1,-1
382,15,754.3,250.8,24.0,52.1,1,-1,-1,-1
382,16,498.0,217.3,22.1,61.3,1,-1,-1,-1
382,17,935.6,298.0,36.3,42.8,1,-1,-1,-1
382,18,265.8,329.0,34.0,78.7,1,-1,-1,-1
382,21,651.0,424.0,43.8,105.4,1,-1,-1,-1
382,22,564.7,303.1,26.4,76.4,1,-1,-1,-1
382,24,946.8,218.8,23.8,61.6,1,-1,-1,-1
382,25,672.4,165.8,21.1,50.4,1,-1,-1,-1
382,47,676.2,299.7,33.1,80.3,1,-1,-1,-1
382,53,554.5,105.9,14.9,25.3,1,-1,-1,-1
382,69,197.3,304.1,30.3,32.1,1,-1,-1,-1
382,72,532.3,96.8,17.9,33.8,1,-1,-1,-1
382,90,213.8,217.7,26.8,56.9,1,-1,-1,-1
382,96,229.8,288.3,50.6,39.4,1,-1,-1,-1
382,110,854.0,204.8,21.6,56.4,1,-1,-1,-1
382,145,400.4,116.8,16.7,42.5,1,-1,-1,-1
382,151,561.6,180.8,16.5,34.7,1,-1,-1,-1
382,153,566.7,235.9,15.4,32.1,1,-1,-1,-1
382,159,221.8,137.0,23.3,25.8,1,-1,-1,-1
382,160,334.1,54.3,15.4,27.1,1,-1,-1,-1
382,173,197.3,53.6,17.1,23.4,1,-1,-1,-1
382,174,168.2,95.1,16.6,32.4,1,-1,-1,-1
382,179,35.5,310.7,41.1,47.5,1,-1,-1,-1
382,180,204.1,259.9,51.9,34.7,1,-1,-1,-1
382,186,595.2,368.0,38.1,87.3,1,-1,-1,-1
382,193,187.4,213.0,22.3,61.7,1,-1,-1,-1
382,196,137.4,531.5,67.4,107.7,1,-1,-1,-1
382,204,78.4,117.9,19.1,43.5,1,-1,-1,-1
382,208,103.6,55.1,15.7,28.2,1,-1,-1,-1
382,211,618.2,331.3,29.8,71.4,1,-1,-1,-1
382,217,77.4,100.7,17.4,34.2,1,-1,-1,-1
382,218,377.7,236.4,22.4,32.0,1,-1,-1,-1
382,219,307.9,90.3,18.1,33.7,1,-1,-1,-1
382,220,578.8,331.5,30.1,74.3,1,-1,-1,-1
382,221,196.9,187.0,23.1,56.0,1,-1,-1,-1
382,224,180.7,48.7,14.0,18.3,1,-1,-1,-1
382,230,437.2,331.3,34.7,77.8,1,-1,-1,-1
382,232,16.9,139.4,21.0,40.5,1,-1,-1,-1
382,234,1153.4,210.9,21.9,47.1,1,-1,-1,-1
382,236,195.1,278.2,30.5,31.5,1,-1,-1,-1
382,237,416.1,96.9,12.8,26.5,1,-1,-1,-1
382,238,215.7,403.7,53.8,55.0,1,-1,-1,-1
382,243,189.5,467.4,74.3,59.7,1,-1,-1,-1
382,246,704.0,288.9,11.7,70.5,1,-1,-1,-1
382,247,140.6,131.9,16.2,8.1,1,-1,-1,-1
383,2,201.0,343.2,47.8,53.6,1,-1,-1,-1
383,6,300.0,329.2,26.4,83.7,1,-1,-1,-1
383,7,346.1,349.4,33.7,91.8,1,-1,-1,-1
383,8,729.6,250.8,25.3,51.7,1,-1,-1,-1
383,12,384.8,264.3,44.1,38.4,1,-1,-1,-1
383,15,755.4,249.8,25.0,51.1,1,-1,-1,-1
383,16,498.6,217.2,21.8,61.1,1,-1,-1,-1
383,17,935.6,298.0,36.5,42.7,1,-1,-1,-1
383,18,266.1,328.4,33.9,78.6,1,-1,-1,-1
383,21,658.0,427.8,40.0,103.5,1,-1,-1,-1
383,22,564.9,303.8,26.8,75.7,1,-1,-1,-1
383,24,947.4,215.8,24.3,63.8,1,-1,-1,-1
383,25,672.9,165.8,21.6,51.3,1,-1,-1,-1
383,47,676.1,299.9,33.2,79.6,1,-1,-1,-1
383,53,556.6,107.6,14.5,23.9,1,-1,-1,-1
383,69,197.9,303.5,30.7,31.8,1,-1,-1,-1
383,72,533.3,96.4,16.9,33.8,1,-1,-1,-1
383,90,216.6,216.1,26.3,58.1,1,-1,-1,-1
383,96,228.9,287.3,49.4,40.1,1,-1,-1,-1
383,110,855.4,205.1,22.4,57.0,1,-1,-1,-1
383,145,403.3,116.9,16.3,41.8,1,-1,-1,-1
383,151,563.1,180.6,15.7,34.3,1,-1,-1,-1
383,153,567.4,235.7,15.3,32.0,1,-1,-1,-1
383,159,223.4,137.1,23.2,25.5,1,-1,-1,-1
383,160,336.6,55.0,14.7,26.1,1,-1,-1,-1
383,173,198.5,54.0,17.4,23.6,1,-1,-1,-1
383,174,170.1,94.4,16.9,31.9,1,-1,-1,-1
383,179,36.3,310.0,40.5,48.3,1,-1,-1,-1
383,180,205.4,259.9,51.0,34.2,1,-1,-1,-1
383,186,597.8,367.7,39.6,88.1,1,-1,-1,-1
383,193,186.9,212.7,22.3,62.0,1,-1,-1,-1
383,196,135.8,532.5,68.0,107.0,1,-1,-1,-1
383,204,79.6,120.3,18.6,41.0,1,-1,-1,-1
383,208,106.5,55.2,16.3,28.5,1,-1,-1,-1
383,211,616.1,330.5,30.5,71.8,1,-1,-1,-1
383,217,79.3,99.1,16.6,30.3,1,-1,-1,-1
383,218,378.2,236.0,22.0,31.8,1,-1,-1,-1
383,219,309.2,89.3,18.1,34.0,1,-1,-1,-1
383,220,580.0,333.5,30.9,73.1,1,-1,-1,-1
383,221,198.1,188.1,23.1,55.7,1,-1,-1,-1
383,224,182.8,49.2,14.4,19.6,1,-1,-1,-1
383,230,438.4,330.7,33.6,80.2,1,-1,-1,-1
383,232,19.3,139.7,21.1,39.8,1,-1,-1,-1
383,234,1153.0,209.1,22.9,48.3,1,-1,-1,-1
383,237,418.6,97.1,12.9,25.9,1,-1,-1,-1
383,238,214.7,401.1,53.0,54.7,1,-1,-1,-1
383,243,190.5,466.9,73.4,58.2,1,-1,-1,-1
383,246,704.0,289.2,11.4,70.0,1,-1,-1,-1
383,248,139.4,116.0,16.6,20.9,1,-1,-1,-1
384,2,204.7,344.5,49.1,55.1,1,-1,-1,-1
384,6,300.2,328.9,27.2,84.5,1,-1,-1,-1
384,7,345.5,349.5,33.6,91.3,1,-1,-1,-1
384,8,730.5,250.5,24.5,51.6,1,-1,-1,-1
384,12,387.8,263.9,42.9,37.3,1,-1,-1,-1
384,15,756.0,249.9,25.1,51.1,1,-1,-1,-1
384,16,499.6,216.2,22.2,62.2,1,-1,-1,-1
384,17,935.6,298.0,36.7,42.7,1,-1,-1,-1
384,18,266.3,327.1,33.5,78.8,1,-1,-1,-1
384,21,659.6,431.2,40.5,102.1,1,-1,-1,-1
384,22,564.7,303.8,27.0,75.9,1,-1,-1,-1
384,24,948.0,214.1,24.0,63.2,1,-1,-1,-1
384,25,677.6,166.2,20.0,50.9,1,-1,-1,-1
384,47,677.2,299.4,32.1,79.7,1,-1,-1,-1
384,53,560.5,109.0,13.7,22.5,1,-1,-1,-1
384,69,198.4,303.0,30.8,31.7,1,-1,-1,-1
384,72,535.5,96.2,16.5,34.5,1,-1,-1,-1
384,90,216.4,214.9,27.1,56.6,1,-1,-1,-1
384,96,230.0,286.9,49.0,40.4,1,-1,-1,-1
384,110,855.3,204.7,23.7,58.6,1,-1,-1,-1
384,145,404.1,115.9,16.9,40.6,1,-1,-1,-1
384,151,564.3,181.7,16.7,34.2,1,-1,-1,-1
384,159,225.7,137.3,22.6,25.2,1,-1,-1,-1
384,160,339.4,53.7,14.5,25.4,1,-1,-1,-1
384,173,198.7,54.0,17.4,23.7,1,-1,-1,-1
384,174,172.4,94.4,16.7,31.2,1,-1,-1,-1
384,179,38.1,309.3,38.9,47.5,1,-1,-1,-1
384,180,204.6,259.2,51.6,35.4,1,-1,-1,-1
384,186,600.1,367.8,39.4,87.9,1,-1,-1,-1
384,193,188.3,213.1,22.4,60.7,1,-1,-1,-1
384,196,133.5,529.9,69.6,107.7,1,-1,-1,-1
384,204,77.8,119.4,19.6,38.7,1,-1,-1,-1
384,208,108.8,55.2,16.7,28.5,1,-1,-1,-1
384,211,616.8,332.0,29.3,74.7,1,-1,-1,-1
384,217,81.5,98.8,15.8,27.0,1,-1,-1,-1
384,218,379.6,238.1,24.0,46.9,1,-1,-1,-1
384,219,311.1,88.2,17.9,34.1,1,-1,-1,-1
384,220,580.6,331.9,28.4,74.8,1,-1,-1,-1
384,221,199.6,188.0,22.5,55.4,1,-1,-1,-1
384,224,187.4,50.1,15.5,19.8,1,-1,-1,-1
384,230,437.6,330.2,34.0,80.8,1,-1,-1,-1
384,232,21.2,140.5,20.9,39.0,1,-1,-1,-1
384,234,1155.1,211.2,21.3,48.1,1,-1,-1,-1
384,237,420.3,96.7,12.7,26.3,1,-1,-1,-1
384,238,215.4,400.4,52.3,55.1,1,-1,-1,-1
384,243,189.9,465.7,73.5,57.8,1,-1,-1,-1
384,246,704.1,290.3,11.1,70.3,1,-1,-1,-1
384,248,139.6,102.0,18.3,33.6,1,-1,-1,-1
384,249,592.9,223.6,20.5,43.2,1,-1,-1,-1
385,2,201.6,342.3,50.4,53.5,1,-1,-1,-1
385,6,299.8,328.1,28.0,84.9,1,-1,-1,-1
385,7,344.4,349.1,33.9,91.1,1,-1,-1,-1
385,8,730.6,249.4,23.9,51.8,1,-1,-1,-1
385,12,389.1,264.1,41.6,36.4,1,-1,-1,-1
385,15,756.4,250.1,25.3,50.9,1,-1,-1,-1
385,16,500.1,215.7,22.5,62.3,1,-1,-1,-1
385,17,935.8,297.9,36.6,42.9,1,-1,-1,-1
385,18,266.2,326.3,33.4,79.3,1,-1,-1,-1
385,21,656.0,430.0,44.0,102.9,1,-1,-1,-1
385,22,564.9,303.7,28.1,76.7,1,-1,-1,-1
385,24,948.4,214.5,23.3,60.9,1,-1,-1,-1
385,25,680.1,167.2,19.0,50.3,1,-1,-1,-1
385,47,678.4,298.7,30.4,79.2,1,-1,-1,-1
385,53,562.4,109.6,13.2,21.4,1,-1,-1,-1
385,69,198.9,302.9,30.6,31.9,1,-1,-1,-1
385,72,537.4,96.0,16.2,34.8,1,-1,-1,-1
385,90,216.8,214.5,27.2,57.4,1,-1,-1,-1
385,96,230.7,286.2,48.8,40.6,1,-1,-1,-1
385,110,856.2,204.8,24.7,58.7,1,-1,-1,-1
385,145,406.5,116.5,17.2,41.9,1,-1,-1,-1
385,151,565.0,181.9,17.1,34.1,1,-1,-1,-1
385,153,569.1,236.8,14.8,30.3,1,-1,-1,-1
385,159,227.5,137.3,22.7,25.2,1,-1,-1,-1
385,160,343.8,52.0,14.5,23.1,1,-1,-1,-1
385,173,199.0,52.4,16.9,24.1,1,-1,-1,-1
385,174,174.5,94.3,16.9,31.2,1,-1,-1,-1
385,179,39.5,308.8,37.9,47.4,1,-1,-1,-1
385,180,216.6,258.0,45.2,36.1,1,-1,-1,-1
385,186,600.8,368.7,38.3,86.8,1,-1,-1,-1
385,193,189.6,212.7,23.2,60.5,1,-1,-1,-1
385,196,131.2,527.5,70.8,107.7,1,-1,-1,-1
385,204,80.4,120.6,18.8,38.7,1,-1,-1,-1
385,208,110.5,55.1,16.4,28.7,1,-1,-1,-1
385,211,616.6,332.4,29.1,75.0,1,-1,-1,-1
385,217,83.9,101.8,17.9,35.0,1,-1,-1,-1
385,218,382.0,246.4,24.7,52.7,1,-1,-1,-1
385,219,314.0,88.4,17.9,34.0,1,-1,-1,-1
385,220,579.9,332.2,31.1,74.6,1,-1,-1,-1
385,221,200.2,187.2,22.3,55.0,1,-1,-1,-1
385,224,191.8,49.7,15.6,22.1,1,-1,-1,-1
385,230,438.5,331.0,33.1,81.3,1,-1,-1,-1
385,232,22.9,140.9,21.4,38.7,1,-1,-1,-1
385,234,1156.2,213.1,19.0,45.5,1,-1,-1,-1
385,237,421.7,97.0,13.0,26.5,1,-1,-1,-1
385,238,214.1,400.1,53.4,55.5,1,-1,-1,-1
385,243,188.2,463.5,74.7,57.8,1,-1,-1,-1
385,246,704.1,289.4,11.2,71.3,1,-1,-1,-1
385,248,139.5,84.0,19.2,42.5,1,-1,-1,-1
385,249,593.0,223.1,20.3,39.6,1,-1,-1,-1
386,2,204.2,343.7,49.7,54.6,1,-1,-1,-1
386,6,299.4,327.5,28.7,85.0,1,-1,-1,-1
386,7,343.6,348.2,34.5,91.1,1,-1,-1,-1
386,8,730.9,248.7,23.7,52.4,1,-1,-1,-1
386,12,390.0,264.1,40.3,36.0,1,-1,-1,-1
386,15,756.7,249.8,25.5,51.2,1,-1,-1,-1
386,16,500.7,216.0,23.2,61.9,1,-1,-1,-1
386,17,936.1,297.9,36.4,43.1,1,-1,-1,-1
386,18,266.3,325.6,33.1,78.6,1,-1,-1,-1
386,21,656.2,429.8,45.5,104.2,1,-1,-1,-1
386,22,564.8,304.2,29.1,75.5,1,-1,-1,-1
386,24,949.6,215.9,22.3,58.1,1,-1,-1,-1
386,25,681.0,167.1,18.5,49.6,1,-1,-1,-1
386,47,680.6,298.3,30.3,79.9,1,-1,-1,-1
386,53,562.8,110.0,13.4,21.5,1,-1,-1,-1
386,69,199.6,302.7,30.1,31.5,1,-1,-1,-1
386,72,539.4,95.8,15.9,34.6,1,-1,-1,-1
386,90,217.4,213.9,26.8,57.3,1,-1,-1,-1
386,96,231.9,286.4,49.6,39.9,1,-1,-1,-1
386,110,857.4,205.2,24.9,56.8,1,-1,-1,-1
386,145,408.7,116.5,16.9,40.9,1,-1,-1,-1
386,151,565.8,181.7,17.0,34.2,1,-1,-1,-1
386,153,569.8,237.2,14.6,29.8,1,-1,-1,-1
386,159,229.5,137.2,22.6,25.6,1,-1,-1,-1
386,160,346.0,52.4,14.8,22.4,1,-1,-1,-1
386,173,200.8,52.2,15.8,24.1,1,-1,-1,-1
386,174,176.0,94.1,16.6,31.1,1,-1,-1,-1
386,179,40.3,308.7,36.8,49.1,1,-1,-1,-1
386,180,212.5,257.0,45.0,35.6,1,-1,-1,-1
386,186,601.7,370.3,37.4,86.2,1,-1,-1,-1
386,193,191.9,210.9,23.0,61.2,1,-1,-1,-1
386,204,83.4,119.9,18.6,39.6,1,-1,-1,-1
386,208,113.1,54.6,16.4,28.9,1,-1,-1,-1
386,211,616.1,331.4,28.9,75.3,1,-1,-1,-1
386,217,87.4,107.4,18.4,36.8,1,-1,-1,-1
386,219,317.3,90.0,17.0,34.5,1,-1,-1,-1
386,220,579.5,333.1,32.0,72.7,1,-1,-1,-1
386,221,202.1,186.8,21.4,53.7,1,-1,-1,-1
386,224,193.9,49.4,15.2,24.0,1,-1,-1,-1
386,230,438.9,332.7,32.3,82.3,1,-1,-1,-1
386,232,25.2,140.9,21.6,38.6,1,-1,-1,-1
386,234,1156.5,213.7,17.9,43.6,1,-1,-1,-1
386,236,202.7,273.0,34.2,37.9,1,-1,-1,-1
386,237,423.3,97.3,13.0,26.5,1,-1,-1,-1
386,238,205.3,384.6,52.4,52.8,1,-1,-1,-1
386,243,187.1,463.3,72.6,57.3,1,-1,-1,-1
386,246,704.5,289.1,11.0,71.7,1,-1,-1,-1
386,249,593.8,223.6,20.0,40.7,1,-1,-1,-1
386,250,187.1,556.8,29.1,55.6,1,-1,-1,-1
386,251,379.8,236.4,24.5,50.7,1,-1,-1,-1
386,252,144.4,116.0,20.0,21.3,1,-1,-1,-1
387,2,202.0,340.7,48.7,54.2,1,-1,-1,-1
387,6,299.1,327.5,28.9,85.1,1,-1,-1,-1
387,7,342.7,348.1,35.1,90.9,1,-1,-1,-1
387,8,731.2,249.0,23.3,52.2,1,-1,-1,-1
387,12,390.9,263.6,40.6,36.3,1,-1,-1,-1
387,15,756.8,249.8,25.5,52.0,1,-1,-1,-1
387,16,500.8,216.0,23.7,62.0,1,-1,-1,-1
387,17,936.1,297.8,36.1,42.9,1,-1,-1,-1
387,18,266.0,325.1,33.2,77.7,1,-1,-1,-1
387,21,658.3,429.8,45.0,104.5,1,-1,-1,-1
387,22,564.4,304.7,29.9,75.5,1,-1,-1,-1
387,24,949.5,216.6,22.0,57.4,1,-1,-1,-1
387,25,681.0,167.2,18.2,49.0,1,-1,-1,-1
387,47,681.4,294.4,32.0,83.4,1,-1,-1,-1
387,53,565.8,109.9,13.2,20.8,1,-1,-1,-1
387,69,200.7,302.1,29.3,31.5,1,-1,-1,-1
387,72,541.3,95.7,15.9,34.3,1,-1,-1,-1
387,90,219.5,213.7,25.7,56.5,1,-1,-1,-1
387,96,233.1,286.3,50.5,39.6,1,-1,-1,-1
387,110,858.2,205.1,25.2,56.3,1,-1,-1,-1
387,145,410.5,116.4,17.2,41.2,1,-1,-1,-1
387,151,566.8,181.3,16.7,34.1,1,-1,-1,-1
387,159,231.7,135.7,22.1,25.9,1,-1,-1,-1
387,160,348.4,52.6,14.4,22.6,1,-1,-1,-1
387,173,201.6,51.2,15.3,24.2,1,-1,-1,-1
387,174,177.7,93.8,16.7,31.0,1,-1,-1,-1
387,179,40.7,308.0,36.3,50.3,1,-1,-1,-1
387,180,211.5,256.9,45.1,34.6,1,-1,-1,-1
387,186,602.2,372.8,37.2,86.5,1,-1,-1,-1
387,193,191.9,209.4,24.3,62.6,1,-1,-1,-1
387,204,85.2,120.1,18.0,39.5,1,-1,-1,-1
387,208,116.9,55.0,16.4,28.1,1,-1,-1,-1
387,211,615.2,331.7,29.0,74.3,1,-1,-1,-1
387,219,319.3,88.8,17.3,34.5,1,-1,-1,-1
387,220,580.0,333.3,33.1,72.1,1,-1,-1,-1
387,221,203.9,187.5,21.4,56.5,1,-1,-1,-1
387,224,197.9,49.1,16.9,24.5,1,-1,-1,-1
387,230,438.7,333.7,32.9,84.1,1,-1,-1,-1
387,232,27.4,140.9,21.6,38.2,1,-1,-1,-1
387,234,1154.4,211.5,21.1,47.9,1,-1,-1,-1
387,236,202.1,272.9,35.3,38.3,1,-1,-1,-1
387,238,193.0,363.4,52.0,51.6,1,-1,-1,-1
387,243,186.9,462.5,71.7,58.8,1,-1,-1,-1
387,249,595.0,223.5,19.2,40.6,1,-1,-1,-1
387,250,201.6,607.5,18.2,6.9,1,-1,-1,-1
387,251,381.7,236.2,25.4,49.6,1,-1,-1,-1
387,252,145.6,100.1,18.8,34.8,1,-1,-1,-1
387,253,85.5,99.9,15.9,23.5,1,-1,-1,-1
388,2,203.6,341.5,49.5,54.0,1,-1,-1,-1
388,6,299.3,326.7,29.1,84.5,1,-1,-1,-1
388,7,342.8,346.1,34.7,92.3,1,-1,-1,-1
388,8,731.1,249.3,23.5,52.1,1,-1,-1,-1
388,12,391.5,263.5,40.8,36.3,1,-1,-1,-1
388,15,755.5,250.4,23.5,53.2,1,-1,-1,-1
388,16,501.2,215.4,23.3,60.3,1,-1,-1,-1
388,17,936.2,298.0,36.0,42.6,1,-1,-1,-1
388,18,266.0,324.4,33.3,77.8,1,-1,-1,-1
388,21,660.1,429.8,43.8,103.9,1,-1,-1,-1
388,22,564.1,305.0,30.1,73.6,1,-1,-1,-1
388,24,950.3,217.1,21.5,56.2,1,-1,-1,-1
388,25,679.8,165.1,20.3,51.0,1,-1,-1,-1
388,47,681.1,292.4,33.8,85.6,1,-1,-1,-1
388,53,567.3,109.8,13.3,20.9,1,-1,-1,-1
388,69,202.3,300.1,28.3,33.2,1,-1,-1,-1
388,72,542.9,95.6,16.2,34.2,1,-1,-1,-1
388,90,221.4,213.2,26.2,56.4,1,-1,-1,-1
388,96,232.9,285.7,51.3,40.0,1,-1,-1,-1
388,110,860.1,205.2,25.3,56.1,1,-1,-1,-1
388,145,413.0,116.6,17.2,41.6,1,-1,-1,-1
388,151,568.1,181.1,16.3,33.2,1,-1,-1,-1
388,153,570.7,234.7,15.2,31.2,1,-1,-1,-1
388,159,233.2,135.1,22.4,25.7,1,-1,-1,-1
388,160,350.5,54.1,14.8,23.8,1,-1,-1,-1
388,174,179.6,93.6,17.2,30.7,1,-1,-1,-1
388,179,41.3,306.9,36.8,51.8,1,-1,-1,-1
388,180,212.1,256.8,45.1,33.8,1,-1,-1,-1
388,186,603.3,372.8,36.2,84.9,1,-1,-1,-1
388,193,192.9,208.6,24.5,63.7,1,-1,-1,-1
388,204,86.3,119.7,17.4,39.0,1,-1,-1,-1
388,208,119.3,55.6,16.3,28.3,1,-1,-1,-1
388,211,614.7,332.0,29.2,73.4,1,-1,-1,-1
388,219,320.5,88.4,17.6,33.8,1,-1,-1,-1
388,220,580.1,332.3,33.9,72.9,1,-1,-1,-1
388,221,205.2,186.3,21.5,57.3,1,-1,-1,-1
388,224,202.0,48.3,17.6,25.6,1,-1,-1,-1
388,230,439.0,334.7,33.2,84.8,1,-1,-1,-1
388,232,29.9,140.7,21.7,37.4,1,-1,-1,-1
388,234,1153.9,209.7,22.5,50.7,1,-1,-1,-1
388,236,202.7,272.4,35.3,37.3,1,-1,-1,-1
388,243,185.6,461.9,72.9,60.1,1,-1,-1,-1
388,249,595.3,223.4,18.8,40.7,1,-1,-1,-1
388,251,381.3,236.0,27.3,49.0,1,-1,-1,-1
388,252,144.9,77.8,18.4,44.8,1,-1,-1,-1
388,253,87.0,98.7,17.9,35.9,1,-1,-1,-1
388,254,212.1,398.8,52.8,54.5,1,-1,-1,-1
389,2,204.9,341.3,49.0,52.9,1,-1,-1,-1
389,6,299.1,325.4,29.1,85.1,1,-1,-1,-1
389,7,342.1,345.0,34.3,92.6,1,-1,-1,-1
389,8,731.7,249.6,23.4,51.6,1,-1,-1,-1
389,12,391.8,263.3,40.8,36.1,1,-1,-1,-1
389,15,756.2,249.6,22.5,54.0,1,-1,-1,-1
389,16,501.5,214.9,23.2,59.7,1,-1,-1,-1
389,17,936.4,298.1,36.0,42.7,1,-1,-1,-1
389,18,266.1,323.8,33.3,77.9,1,-1,-1,-1
389,21,663.0,431.4,42.0,105.5,1,-1,-1,-1
389,22,564.3,304.4,29.5,72.7,1,-1,-1,-1
389,24,950.9,217.6,21.3,56.8,1,-1,-1,-1
389,25,679.8,164.2,21.3,52.3,1,-1,-1,-1
389,47,681.0,292.7,34.5,85.9,1,-1,-1,-1
389,53,567.3,109.1,13.8,22.1,1,-1,-1,-1
389,69,202.9,298.7,27.9,33.9,1,-1,-1,-1
389,72,544.5,95.3,15.8,34.3,1,-1,-1,-1
389,90,222.1,212.6,26.5,56.3,1,-1,-1,-1
389,96,233.6,284.9,52.4,40.0,1,-1,-1,-1
389,110,862.9,204.1,24.3,56.0,1,-1,-1,-1
389,145,414.7,116.4,17.5,42.0,1,-1,-1,-1
389,151,568.7,181.0,16.3,32.5,1,-1,-1,-1
389,153,571.1,234.5,15.2,31.3,1,-1,-1,-1
389,159,235.3,135.3,22.0,25.3,1,-1,-1,-1
389,160,354.1,52.7,15.5,23.8,1,-1,-1,-1
389,173,201.7,47.4,15.3,24.6,1,-1,-1,-1
389,174,181.0,93.5,17.1,30.7,1,-1,-1,-1
389,179,41.7,306.2,36.8,52.2,1,-1,-1,-1
389,180,212.3,256.6,46.9,33.6,1,-1,-1,-1
389,186,604.2,374.6,35.8,81.2,1,-1,-1,-1
389,191,770.4,246.4,21.1,52.5,1,-1,-1,-1
389,193,194.0,207.8,24.8,64.9,1,-1,-1,-1
389,196,128.8,521.7,64.6,108.0,1,-1,-1,-1
389,204,86.8,118.0,17.2,37.8,1,-1,-1,-1
389,208,121.0,55.0,16.2,28.5,1,-1,-1,-1
389,211,611.0,330.3,29.8,66.7,1,-1,-1,-1
389,217,96.9,112.8,17.1,33.0,1,-1,-1,-1
389,219,322.0,87.6,17.7,34.3,1,-1,-1,-1
389,220,580.1,331.9,34.4,73.1,1,-1,-1,-1
389,221,206.4,184.6,21.2,55.2,1,-1,-1,-1
389,230,439.1,335.1,33.5,84.7,1,-1,-1,-1
389,232,32.6,140.3,21.4,37.5,1,-1,-1,-1
389,234,1153.0,210.0,23.1,50.8,1,-1,-1,-1
389,236,204.2,272.0,34.9,37.1,1,-1,-1,-1
389,243,185.0,460.9,74.0,60.0,1,-1,-1,-1
389,249,596.1,222.6,18.0,41.5,1,-1,-1,-1
389,251,381.2,236.7,26.8,47.7,1,-1,-1,-1
389,253,88.1,96.1,16.8,33.6,1,-1,-1,-1
389,254,206.8,382.3,47.4,48.8,1,-1,-1,-1
389,256,150.9,100.7,18.0,32.4,1,-1,-1,-1
389,257,1.3,175.5,12.3,23.7,1,-1,-1,-1
390,2,201.9,339.1,48.5,53.6,1,-1,-1,-1
390,6,298.8,324.5,28.8,84.7,1,-1,-1,-1
390,7,341.5,344.4,34.6,93.0,1,-1,-1,-1
390,8,730.5,250.6,24.9,50.5,1,-1,-1,-1
390,12,392.1,262.8,41.2,35.8,1,-1,-1,-1
390,15,757.2,248.8,22.5,54.3,1,-1,-1,-1
390,16,502.0,214.7,22.9,59.3,1,-1,-1,-1
390,17,936.5,298.3,36.1,42.6,1,-1,-1,-1
390,18,266.1,323.5,33.3,77.4,1,-1,-1,-1
390,21,664.5,431.7,41.4,107.6,1,-1,-1,-1
390,22,562.7,303.0,30.6,75.3,1,-1,-1,-1
390,24,951.5,219.6,21.1,55.8,1,-1,-1,-1
390,25,680.8,163.8,21.8,52.9,1,-1,-1,-1
390,47,681.4,296.1,33.8,82.6,1,-1,-1,-1
390,53,567.8,108.3,14.2,22.2,1,-1,-1,-1
390,69,203.4,297.4,27.7,34.6,1,-1,-1,-1
390,72,546.2,95.3,16.3,33.3,1,-1,-1,-1
390,90,222.0,213.0,25.9,56.1,1,-1,-1,-1
390,96,234.5,283.5,49.2,40.7,1,-1,-1,-1
390,110,864.8,204.3,23.1,56.1,1,-1,-1,-1
390,145,416.4,115.4,17.3,42.4,1,-1,-1,-1
390,151,569.3,181.3,16.5,32.1,1,-1,-1,-1
390,153,571.1,234.2,15.3,31.3,1,-1,-1,-1
390,159,237.1,135.9,21.4,24.5,1,-1,-1,-1
390,160,356.1,53.0,15.5,23.9,1,-1,-1,-1
390,173,203.3,46.1,15.0,24.8,1,-1,-1,-1
390,174,183.6,93.9,16.4,30.3,1,-1,-1,-1
390,179,41.4,305.5,36.6,51.2,1,-1,-1,-1
390,180,214.1,256.8,49.6,32.7,1,-1,-1,-1
390,186,606.4,376.8,35.0,82.9,1,-1,-1,-1
390,191,770.7,246.4,21.1,52.8,1,-1,-1,-1
390,193,194.3,207.4,24.1,65.1,1,-1,-1,-1
390,196,128.2,520.1,64.0,108.3,1,-1,-1,-1
390,204,88.7,117.2,17.3,37.4,1,-1,-1,-1
390,208,123.7,54.3,15.3,28.8,1,-1,-1,-1
390,211,609.4,331.2,30.4,66.3,1,-1,-1,-1
390,217,99.7,111.5,16.6,33.3,1,-1,-1,-1
390,219,324.9,87.1,17.8,35.0,1,-1,-1,-1
390,220,580.6,332.9,34.4,72.9,1,-1,-1,-1
390,221,206.9,184.2,21.9,55.3,1,-1,-1,-1
390,230,439.0,335.2,33.0,84.6,1,-1,-1,-1
390,232,35.2,140.4,21.3,36.6,1,-1,-1,-1
390,234,1152.0,210.5,23.6,50.2,1,-1,-1,-1
390,236,205.2,271.7,34.7,36.6,1,-1,-1,-1
390,243,185.7,460.7,73.3,58.7,1,-1,-1,-1
390,249,596.8,222.4,17.5,41.8,1,-1,-1,-1
390,251,381.4,237.3,26.0,46.9,1,-1,-1,-1
390,253,90.3,96.8,16.8,34.3,1,-1,-1,-1
390,254,194.6,346.4,42.4,43.5,1,-1,-1,-1
390,256,154.4,115.2,17.8,22.3,1,-1,-1,-1
390,257,2.9,187.2,14.2,13.5,1,-1,-1,-1
390,259,0.2,153.0,20.4,47.7,1,-1,-1,-1
391,2,204.6,339.7,48.9,53.2,1,-1,-1,-1
391,6,298.5,324.5,28.5,84.4,1,-1,-1,-1
391,7,339.9,343.3,35.6,93.8,1,-1,-1,-1
391,8,731.9,250.1,22.8,51.6,1,-1,-1,-1
391,12,390.0,262.1,42.4,36.6,1,-1,-1,-1
391,15,757.9,247.9,22.7,54.4,1,-1,-1,-1
391,16,502.8,214.7,22.7,59.2,1,-1,-1,-1
391,17,936.4,298.3,36.4,42.3,1,-1,-1,-1
391,18,266.0,322.9,33.3,77.8,1,-1,-1,-1
391,21,666.6,431.5,40.1,108.5,1,-1,-1,-1
391,22,562.5,303.8,28.5,75.9,1,-1,-1,-1
391,24,951.4,219.6,20.7,56.2,1,-1,-1,-1
391,25,681.0,163.4,21.9,53.7,1,-1,-1,-1
391,47,681.3,293.3,30.4,81.7,1,-1,-1,-1
391,53,569.7,106.4,14.7,23.8,1,-1,-1,-1
391,69,204.3,298.0,27.5,34.2,1,-1,-1,-1
391,72,547.8,95.5,16.3,33.8,1,-1,-1,-1
391,90,222.0,212.9,25.6,56.1,1,-1,-1,-1
391,96,235.6,282.9,47.1,40.4,1,-1,-1,-1
391,110,865.1,203.4,23.4,55.5,1,-1,-1,-1
391,145,418.8,115.8,16.6,41.3,1,-1,-1,-1
391,151,570.4,181.4,16.7,32.0,1,-1,-1,-1
391,153,572.3,234.2,15.0,31.3,1,-1,-1,-1
391,159,239.0,135.6,21.3,25.0,1,-1,-1,-1
391,160,358.0,53.4,15.0,23.9,1,-1,-1,-1
391,174,185.3,93.8,16.6,30.7,1,-1,-1,-1
391,179,42.1,305.2,36.2,50.9,1,-1,-1,-1
391,180,213.5,256.4,52.1,33.0,1,-1,-1,-1
391,186,607.5,377.3,34.8,83.6,1,-1,-1,-1
391,191,771.1,246.4,21.2,53.1,1,-1,-1,-1
391,193,197.7,209.0,21.8,62.2,1,-1,-1,-1
391,196,126.5,517.9,62.8,108.9,1,-1,-1,-1
391,204,90.4,117.5,17.5,37.3,1,-1,-1,-1
391,208,127.7,55.1,15.4,27.5,1,-1,-1,-1
391,211,608.6,331.2,30.5,66.1,1,-1,-1,-1
391,217,102.2,111.0,16.3,33.3,1,-1,-1,-1
391,219,327.4,87.2,17.7,35.3,1,-1,-1,-1
391,220,579.7,332.7,34.5,73.3,1,-1,-1,-1
391,221,208.4,184.5,22.7,55.8,1,-1,-1,-1
391,224,208.8,48.5,16.3,27.2,1,-1,-1,-1
391,230,438.0,336.3,33.1,84.2,1,-1,-1,-1
391,232,37.8,141.1,21.5,36.6,1,-1,-1,-1
391,234,1150.5,210.8,23.9,49.9,1,-1,-1,-1
391,236,206.2,271.5,34.6,36.2,1,-1,-1,-1
391,243,185.1,461.0,74.4,58.1,1,-1,-1,-1
391,251,382.3,237.0,24.4,45.4,1,-1,-1,-1
391,253,92.0,95.7,16.1,31.2,1,-1,-1,-1
391,256,159.9,138.7,17.6,14.0,1,-1,-1,-1
391,259,3.7,153.2,22.3,47.9,1,-1,-1,-1
391,260,206.0,381.2,46.5,49.5,1,-1,-1,-1
392,2,205.8,339.4,48.9,53.6,1,-1,-1,-1
392,6,297.9,323.3,26.3,84.8,1,-1,-1,-1
392,7,339.4,344.3,36.3,92.3,1,-1,-1,-1
392,8,733.1,249.7,21.6,52.0,1,-1,-1,-1
392,12,390.5,261.6,42.3,37.0,1,-1,-1,-1
392,15,758.4,247.9,22.6,54.4,1,-1,-1,-1
392,16,503.7,215.5,22.9,59.0,1,-1,-1,-1
392,17,936.2,298.2,36.6,42.3,1,-1,-1,-1
392,18,265.9,321.9,33.5,78.3,1,-1,-1,-1
392,21,669.8,432.3,38.8,106.4,1,-1,-1,-1
392,22,562.9,304.0,27.4,75.9,1,-1,-1,-1
392,24,952.8,219.7,20.6,57.0,1,-1,-1,-1
392,25,682.4,162.9,22.0,53.3,1,-1,-1,-1
392,47,682.8,285.7,27.1,66.0,1,-1,-1,-1
392,53,572.1,105.8,14.9,24.7,1,-1,-1,-1
392,69,204.9,298.0,27.9,33.4,1,-1,-1,-1
392,72,549.5,95.6,16.2,34.2,1,-1,-1,-1
392,90,225.4,211.9,26.5,57.1,1,-1,-1,-1
392,96,236.4,282.6,46.3,38.8,1,-1,-1,-1
392,110,866.7,205.2,23.2,55.4,1,-1,-1,-1
392,145,420.1,116.7,16.2,40.7,1,-1,-1,-1
392,151,571.7,181.3,16.8,31.3,1,-1,-1,-1
392,153,573.3,234.2,15.0,31.3,1,-1,-1,-1
392,159,240.0,134.3,22.0,25.8,1,-1,-1,-1
392,160,360.9,51.5,14.5,23.0,1,-1,-1,-1
392,174,186.7,93.3,16.7,31.1,1,-1,-1,-1
392,179,42.8,304.4,36.0,50.6,1,-1,-1,-1
392,180,217.3,256.0,50.1,32.7,1,-1,-1,-1
392,186,608.6,376.8,35.5,84.3,1,-1,-1,-1
392,193,198.5,209.2,21.2,60.6,1,-1,-1,-1
392,196,123.6,515.7,63.0,109.2,1,-1,-1,-1
392,204,91.8,117.6,18.0,38.0,1,-1,-1,-1
392,208,130.7,54.8,15.4,27.0,1,-1,-1,-1
392,211,607.9,331.0,30.8,65.8,1,-1,-1,-1
392,217,103.2,114.2,16.9,30.6,1,-1,-1,-1
392,219,330.3,88.3,16.9,34.0,1,-1,-1,-1
392,220,579.3,332.4,35.0,73.6,1,-1,-1,-1
392,221,209.9,184.2,23.3,56.2,1,-1,-1,-1
392,224,209.5,48.0,15.6,26.7,1,-1,-1,-1
392,230,437.0,337.6,33.7,83.7,1,-1,-1,-1
392,232,40.9,140.1,22.1,37.2,1,-1,-1,-1
392,234,1150.6,210.4,24.4,50.1,1,-1,-1,-1
392,236,206.3,271.0,35.5,36.4,1,-1,-1,-1
392,243,183.7,461.3,75.4,57.6,1,-1,-1,-1
392,251,382.7,237.0,23.2,45.4,1,-1,-1,-1
392,253,95.0,96.8,16.6,33.8,1,-1,-1,-1
392,259,6.9,151.9,22.8,48.1,1,-1,-1,-1
392,260,205.9,379.8,47.1,50.1,1,-1,-1,-1
392,261,157.3,99.4,17.7,32.2,1,-1,-1,-1
393,2,206.0,338.7,49.0,54.1,1,-1,-1,-1
393,6,297.9,323.0,24.5,84.9,1,-1,-1,-1
393,7,338.8,342.3,36.2,93.7,1,-1,-1,-1
393,8,733.9,249.4,21.1,52.1,1,-1,-1,-1
393,12,390.9,260.8,41.8,37.3,1,-1,-1,-1
393,15,758.5,247.7,22.8,54.5,1,-1,-1,-1
393,16,504.0,214.9,22.8,59.1,1,-1,-1,-1
393,17,936.5,298.4,36.8,42.3,1,-1,-1,-1
393,18,264.3,322.2,31.6,80.5,1,-1,-1,-1
393,21,672.1,432.8,40.4,105.3,1,-1,-1,-1
393,22,563.0,303.7,27.5,75.5,1,-1,-1,-1
393,24,955.9,218.4,21.7,58.6,1,-1,-1,-1
393,25,683.1,162.7,22.0,52.6,1,-1,-1,-1
393,47,683.6,268.6,24.7,57.7,1,-1,-1,-1
393,53,576.1,103.6,14.8,27.0,1,-1,-1,-1
393,69,205.6,297.4,28.1,31.6,1,-1,-1,-1
393,72,551.3,95.3,16.5,34.3,1,-1,-1,-1
393,90,226.3,211.1,26.9,57.7,1,-1,-1,-1
393,96,237.9,282.5,45.9,37.4,1,-1,-1,-1
393,110,867.3,205.9,23.1,56.1,1,-1,-1,-1
393,145,422.0,116.4,16.5,40.1,1,-1,-1,-1
393,151,572.8,181.1,17.0,31.2,1,-1,-1,-1
393,159,241.8,133.8,22.3,26.0,1,-1,-1,-1
393,160,365.2,53.4,14.7,22.9,1,-1,-1,-1
393,174,189.1,93.3,16.3,30.8,1,-1,-1,-1
393,179,43.2,303.3,35.9,51.6,1,-1,-1,-1
393,180,219.8,255.1,47.6,33.1,1,-1,-1,-1
393,186,610.9,375.7,35.8,85.0,1,-1,-1,-1
393,191,771.8,244.9,21.1,48.7,1,-1,-1,-1
393,193,197.3,208.9,22.0,58.8,1,-1,-1,-1
393,196,120.7,518.3,65.3,107.0,1,-1,-1,-1
393,204,93.0,117.2,18.7,40.0,1,-1,-1,-1
393,208,132.8,55.1,15.4,26.0,1,-1,-1,-1
393,211,608.3,331.2,31.9,61.0,1,-1,-1,-1
393,217,106.6,111.2,16.7,31.5,1,-1,-1,-1
393,219,332.7,87.8,17.1,34.0,1,-1,-1,-1
393,220,579.5,332.0,35.0,73.8,1,-1,-1,-1
393,221,211.8,183.5,23.2,59.3,1,-1,-1,-1
393,224,211.5,46.6,14.9,26.3,1,-1,-1,-1
393,230,436.0,337.9,34.1,81.1,1,-1,-1,-1
393,232,43.5,139.4,22.0,37.0,1,-1,-1,-1
393,234,1150.3,209.9,25.3,52.2,1,-1,-1,-1
393,236,207.0,270.0,33.7,33.5,1,-1,-1,-1
393,243,181.4,459.8,76.6,58.4,1,-1,-1,-1
393,246,693.6,298.8,26.0,62.0,1,-1,-1,-1
393,251,383.1,236.7,22.5,45.1,1,-1,-1,-1
393,253,96.1,96.5,17.0,34.7,1,-1,-1,-1
393,259,8.9,150.7,22.0,48.4,1,-1,-1,-1
393,260,206.8,379.4,45.7,47.2,1,-1,-1,-1
393,261,161.3,115.1,17.9,21.7,1,-1,-1,-1
394,2,203.0,334.9,47.1,54.2,1,-1,-1,-1
394,6,298.1,321.9,24.0,84.2,1,-1,-1,-1
394,7,339.0,342.9,35.9,92.5,1,-1,-1,-1
394,8,735.2,249.7,22.0,51.0,1,-1,-1,-1
394,12,391.2,260.1,40.8,37.3,1,-1,-1,-1
394,15,758.7,248.2,23.0,53.8,1,-1,-1,-1
394,16,504.6,214.8,22.6,59.2,1,-1,-1,-1
394,17,936.7,298.6,37.0,42.4,1,-1,-1,-1
394,18,264.4,320.7,31.3,82.3,1,-1,-1,-1
394,21,672.7,432.8,44.0,105.5,1,-1,-1,-1
394,22,562.1,303.1,27.8,76.7,1,-1,-1,-1
394,24,956.8,218.8,22.2,58.6,1,-1,-1,-1
394,25,683.9,162.8,22.1,52.3,1,-1,-1,-1
394,53,578.8,103.4,14.3,27.6,1,-1,-1,-1
394,69,205.9,296.9,28.5,30.7,1,-1,-1,-1
394,72,553.2,95.2,16.6,34.3,1,-1,-1,-1
394,90,227.0,210.5,26.5,56.6,1,-1,-1,-1
394,96,238.8,282.1,46.4,36.7,1,-1,-1,-1
394,110,868.6,206.7,22.4,55.2,1,-1,-1,-1
394,145,424.5,116.0,16.4,40.1,1,-1,-1,-1
394,151,573.9,181.0,17.4,31.5,1,-1,-1,-1
394,159,242.8,133.1,23.6,26.1,1,-1,-1,-1
394,160,367.1,53.3,15.9,23.0,1,-1,-1,-1
394,174,190.6,92.5,16.8,31.6,1,-1,-1,-1
394,179,43.6,301.8,36.1,50.6,1,-1,-1,-1
394,180,216.8,253.5,49.0,33.2,1,-1,-1,-1
394,186,611.6,375.2,36.4,86.5,1,-1,-1,-1
394,191,771.7,245.0,21.3,49.1,1,-1,-1,-1
394,193,197.0,208.5,22.8,58.0,1,-1,-1,-1
394,196,119.1,517.8,67.0,104.9,1,-1,-1,-1
394,204,94.0,116.4,18.9,40.8,1,-1,-1,-1
394,208,135.5,54.8,14.7,25.4,1,-1,-1,-1
394,211,606.9,331.0,30.8,60.1,1,-1,-1,-1
394,217,108.3,110.7,16.7,32.8,1,-1,-1,-1
394,219,334.9,87.1,17.6,34.5,1,-1,-1,-1
394,220,579.1,331.8,35.4,73.9,1,-1,-1,-1
394,221,213.2,182.3,22.9,60.6,1,-1,-1,-1
394,224,213.8,46.5,14.3,26.4,1,-1,-1,-1
394,230,435.3,339.0,34.4,80.2,1,-1,-1,-1
394,232,46.4,139.4,22.4,37.9,1,-1,-1,-1
394,234,1150.3,209.4,25.2,51.4,1,-1,-1,-1
394,236,207.4,270.1,33.0,32.2,1,-1,-1,-1
394,243,180.6,457.8,77.8,59.5,1,-1,-1,-1
394,246,687.7,294.8,28.0,70.7,1,-1,-1,-1
394,251,383.2,235.8,21.8,43.3,1,-1,-1,-1
394,253,96.9,95.3,17.2,33.0,1,-1,-1,-1
394,259,14.0,150.4,21.7,47.4,1,-1,-1,-1
394,260,213.3,393.3,50.7,52.7,1,-1,-1,-1
394,261,166.9,139.9,18.2,13.4,1,-1,-1,-1
395,2,206.3,335.9,47.2,54.7,1,-1,-1,-1
395,6,298.2,321.8,23.8,84.5,1,-1,-1,-1
395,7,338.9,342.7,35.6,92.1,1,-1,-1,-1
395,8,735.3,249.3,23.3,50.9,1,-1,-1,-1
395,12,392.0,259.6,39.9,37.7,1,-1,-1,-1
395,15,758.8,248.1,23.2,53.7,1,-1,-1,-1
395,16,506.0,213.8,22.5,59.0,1,-1,-1,-1
395,17,936.9,298.6,36.9,42.2,1,-1,-1,-1
395,18,265.7,320.8,32.8,80.4,1,-1,-1,-1
395,21,671.4,433.9,47.7,106.1,1,-1,-1,-1
395,22,562.3,303.5,27.6,76.0,1,-1,-1,-1
395,24,957.1,218.2,22.5,58.2,1,-1,-1,-1
395,25,685.2,163.0,21.5,52.0,1,-1,-1,-1
395,53,580.9,103.3,13.0,26.3,1,-1,-1,-1
395,69,206.9,295.5,28.3,32.7,1,-1,-1,-1
395,72,555.1,95.2,16.4,34.1,1,-1,-1,-1
395,90,227.8,210.0,26.2,55.5,1,-1,-1,-1
395,96,239.3,280.8,46.2,36.9,1,-1,-1,-1
395,110,869.7,206.9,22.5,54.7,1,-1,-1,-1
395,145,426.1,116.0,17.0,40.1,1,-1,-1,-1
395,151,575.2,181.0,17.9,32.7,1,-1,-1,-1
395,153,575.9,233.2,15.0,30.9,1,-1,-1,-1
395,159,244.5,133.2,23.9,25.9,1,-1,-1,-1
395,160,368.5,53.7,15.5,23.4,1,-1,-1,-1
395,174,192.1,92.0,16.8,31.8,1,-1,-1,-1
395,179,44.4,300.9,36.6,50.1,1,-1,-1,-1
395,180,212.6,252.5,52.6,33.6,1,-1,-1,-1
395,186,611.1,374.6,38.9,89.6,1,-1,-1,-1
395,191,772.7,245.0,21.3,50.3,1,-1,-1,-1
395,193,198.5,206.3,25.0,60.6,1,-1,-1,-1
395,196,117.9,515.7,65.7,105.1,1,-1,-1,-1
395,204,95.4,115.6,18.9,40.6,1,-1,-1,-1
395,208,139.9,55.5,15.0,25.3,1,-1,-1,-1
395,211,606.3,331.7,30.5,62.9,1,-1,-1,-1
395,217,109.8,114.2,17.9,29.8,1,-1,-1,-1
395,219,338.1,87.3,17.4,35.2,1,-1,-1,-1
395,220,578.9,331.1,35.5,74.9,1,-1,-1,-1
395,221,214.6,181.9,22.3,58.7,1,-1,-1,-1
395,224,218.0,47.8,14.4,24.7,1,-1,-1,-1
395,230,435.1,341.0,34.7,82.8,1,-1,-1,-1
395,232,49.6,138.6,21.2,37.7,1,-1,-1,-1
395,234,1150.3,211.5,22.4,47.0,1,-1,-1,-1
395,236,208.6,269.2,34.0,34.9,1,-1,-1,-1
395,243,179.7,456.1,78.3,60.6,1,-1,-1,-1
395,246,687.2,297.3,29.9,79.7,1,-1,-1,-1
395,251,383.3,235.1,21.4,43.4,1,-1,-1,-1
395,253,98.4,95.6,17.3,31.9,1,-1,-1,-1
395,259,18.4,149.1,21.2,48.3,1,-1,-1,-1
395,260,224.8,415.8,53.0,54.8,1,-1,-1,-1
395,262,164.6,116.0,19.0,20.8,1,-1,-1,-1
395,263,0.0,252.2,10.3,41.7,1,-1,-1,-1
396,2,206.2,335.8,47.8,54.9,1,-1,-1,-1
396,6,298.0,321.5,23.8,84.7,1,-1,-1,-1
396,7,338.6,341.8,35.0,92.2,1,-1,-1,-1
396,8,735.3,249.1,23.8,50.9,1,-1,-1,-1
396,12,392.1,259.3,39.5,37.6,1,-1,-1,-1
396,15,759.2,247.9,23.6,53.7,1,-1,-1,-1
396,16,506.9,213.3,22.4,59.2,1,-1,-1,-1
396,17,937.2,298.4,36.6,41.7,1,-1,-1,-1
396,18,265.6,320.7,33.6,78.8,1,-1,-1,-1
396,21,675.9,445.1,44.8,98.3,1,-1,-1,-1
396,22,561.6,303.9,28.1,75.9,1,-1,-1,-1
396,24,956.6,219.1,22.3,57.4,1,-1,-1,-1
396,25,686.0,163.4,21.1,51.5,1,-1,-1,-1
396,53,581.9,102.9,13.5,26.8,1,-1,-1,-1
396,69,207.3,295.2,28.7,32.1,1,-1,-1,-1
396,72,556.8,94.9,16.5,34.3,1,-1,-1,-1
396,90,229.2,209.7,25.3,54.2,1,-1,-1,-1
396,96,239.2,281.0,46.9,37.6,1,-1,-1,-1
396,110,870.8,207.3,22.8,54.0,1,-1,-1,-1
396,145,427.5,116.1,17.2,40.2,1,-1,-1,-1
396,151,576.8,180.3,17.5,34.0,1,-1,-1,-1
396,153,576.0,232.7,15.1,31.1,1,-1,-1,-1
396,159,246.3,133.8,23.3,25.5,1,-1,-1,-1
396,160,370.3,53.8,14.7,24.1,1,-1,-1,-1
396,174,194.7,91.9,16.2,31.7,1,-1,-1,-1
396,179,46.3,300.3,36.8,47.5,1,-1,-1,-1
396,180,219.0,251.6,47.8,34.8,1,-1,-1,-1
396,186,613.4,377.5,38.3,87.8,1,-1,-1,-1
396,191,772.7,244.8,21.6,50.7,1,-1,-1,-1
396,193,199.2,205.2,26.3,62.7,1,-1,-1,-1
396,196,116.5,513.3,64.9,105.9,1,-1,-1,-1
396,204,96.5,115.0,18.0,40.0,1,-1,-1,-1
396,208,142.5,54.5,15.3,26.3,1,-1,-1,-1
396,211,604.6,331.8,32.7,66.5,1,-1,-1,-1
396,217,111.8,115.8,17.8,27.5,1,-1,-1,-1
396,219,342.0,87.1,17.7,34.9,1,-1,-1,-1
396,220,578.5,329.4,36.3,77.3,1,-1,-1,-1
396,221,216.4,182.1,21.9,58.3,1,-1,-1,-1
396,224,220.2,48.6,14.7,24.4,1,-1,-1,-1
396,230,435.0,342.1,34.9,83.6,1,-1,-1,-1
396,232,52.5,137.6,22.1,38.7,1,-1,-1,-1
396,234,1151.4,210.8,23.9,48.8,1,-1,-1,-1
396,236,210.2,267.8,33.6,36.0,1,-1,-1,-1
396,243,206.3,458.5,54.6,60.1,1,-1,-1,-1
396,246,689.7,295.5,31.5,84.8,1,-1,-1,-1
396,251,383.6,234.4,20.7,43.5,1,-1,-1,-1
396,253,100.7,95.3,16.6,31.3,1,-1,-1,-1
396,259,23.2,149.0,21.7,47.6,1,-1,-1,-1
396,262,166.3,98.5,17.0,31.7,1,-1,-1,-1
396,263,0.0,249.5,11.8,43.2,1,-1,-1,-1
396,264,212.2,391.2,52.3,55.3,1,-1,-1,-1
396,265,162.8,502.8,37.8,93.9,1,-1,-1,-1
396,266,626.0,182.4,15.5,30.9,1,-1,-1,-1
397,2,206.6,335.0,47.4,55.7,1,-1,-1,-1
397,6,297.9,321.1,23.8,85.0,1,-1,-1,-1
397,7,337.7,340.1,35.5,93.7,1,-1,-1,-1
397,8,734.8,248.1,22.6,52.3,1,-1,-1,-1
397,12,391.9,258.6,42.1,37.4,1,-1,-1,-1
397,15,759.4,247.6,23.8,53.7,1,-1,-1,-1
397,16,507.1,212.9,22.6,60.8,1,-1,-1,-1
397,17,937.4,298.8,36.4,41.3,1,-1,-1,-1
397,18,265.6,320.8,33.3,77.9,1,-1,-1,-1
397,21,675.6,436.8,44.5,104.7,1,-1,-1,-1
397,22,559.9,304.9,29.4,75.4,1,-1,-1,-1
397,24,956.8,220.2,22.1,57.3,1,-1,-1,-1
397,25,687.0,163.6,20.8,51.4,1,-1,-1,-1
397,53,583.8,103.1,12.8,26.4,1,-1,-1,-1
397,69,207.7,293.7,28.3,33.6,1,-1,-1,-1
397,72,558.6,94.6,16.5,34.9,1,-1,-1,-1
397,90,228.1,211.1,26.8,55.3,1,-1,-1,-1
397,96,238.7,283.0,37.4,34.7,1,-1,-1,-1
397,110,872.3,206.9,22.5,53.0,1,-1,-1,-1
397,145,429.3,116.1,18.2,40.4,1,-1,-1,-1
397,151,577.9,180.0,17.4,35.2,1,-1,-1,-1
397,153,576.3,231.9,15.4,31.6,1,-1,-1,-1
397,159,248.9,133.8,22.3,25.3,1,-1,-1,-1
397,160,372.9,51.3,14.2,24.4,1,-1,-1,-1
397,174,196.5,92.0,16.2,31.4,1,-1,-1,-1
397,179,47.4,299.8,37.7,46.0,1,-1,-1,-1
397,180,217.7,251.6,49.4,35.8,1,-1,-1,-1
397,186,615.0,378.4,36.0,87.2,1,-1,-1,-1
397,191,773.4,243.9,21.7,51.6,1,-1,-1,-1
397,193,199.6,204.7,26.9,63.8,1,-1,-1,-1
397,196,114.5,512.1,65.3,106.4,1,-1,-1,-1
397,204,96.9,116.1,18.6,37.4,1,-1,-1,-1
397,208,144.5,54.3,15.3,25.7,1,-1,-1,-1
397,211,602.6,331.4,33.3,70.6,1,-1,-1,-1
397,217,115.6,111.1,16.8,30.2,1,-1,-1,-1
397,219,344.2,86.8,17.1,34.3,1,-1,-1,-1
397,220,578.8,329.9,36.5,79.0,1,-1,-1,-1
397,221,218.0,181.3,20.9,56.0,1,-1,-1,-1
397,224,221.3,48.1,14.8,25.7,1,-1,-1,-1
397,230,434.9,342.8,35.0,84.7,1,-1,-1,-1
397,232,56.6,137.0,21.6,38.3,1,-1,-1,-1
397,234,1150.6,209.8,25.1,50.2,1,-1,-1,-1
397,236,209.2,268.1,32.8,34.0,1,-1,-1,-1
397,243,231.6,461.7,43.2,60.2,1,-1,-1,-1
397,246,690.4,295.8,30.8,84.9,1,-1,-1,-1
397,251,383.9,233.7,20.7,43.2,1,-1,-1,-1
397,253,103.1,95.6,16.1,29.9,1,-1,-1,-1
397,259,27.8,147.8,24.0,48.7,1,-1,-1,-1
397,262,166.0,71.1,16.0,40.0,1,-1,-1,-1
397,263,-0.1,239.9,12.3,51.6,1,-1,-1,-1
397,264,210.9,390.5,53.6,54.9,1,-1,-1,-1
397,265,169.7,542.0,29.0,63.9,1,-1,-1,-1
397,266,624.2,183.5,16.2,29.9,1,-1,-1,-1
398,2,203.7,332.3,49.5,55.6,1,-1,-1,-1
398,6,297.9,320.7,24.0,85.4,1,-1,-1,-1
398,7,337.5,339.0,35.9,94.3,1,-1,-1,-1
398,8,734.7,247.9,22.4,52.9,1,-1,-1,-1
398,12,393.4,257.8,42.9,36.1,1,-1,-1,-1
398,15,759.6,247.3,23.8,53.3,1,-1,-1,-1
398,16,507.6,212.6,22.4,61.6,1,-1,-1,-1
398,17,937.7,298.7,36.1,41.3,1,-1,-1,-1
398,18,263.8,317.7,31.9,79.1,1,-1,-1,-1
398,21,677.4,434.2,43.2,106.7,1,-1,-1,-1
398,22,558.4,303.3,32.5,75.1,1,-1,-1,-1
398,24,957.4,220.2,22.1,57.4,1,-1,-1,-1
398,25,688.2,163.5,20.8,50.7,1,-1,-1,-1
398,53,588.3,104.1,12.6,25.7,1,-1,-1,-1
398,69,208.1,292.0,28.3,34.6,1,-1,-1,-1
398,72,560.3,94.6,16.5,35.1,1,-1,-1,-1
398,90,228.0,210.2,27.3,55.8,1,-1,-1,-1
398,96,240.6,284.0,30.2,32.3,1,-1,-1,-1
398,110,873.5,207.1,22.0,52.4,1,-1,-1,-1
398,145,430.3,116.2,18.3,40.3,1,-1,-1,-1
398,151,579.3,179.9,17.6,36.4,1,-1,-1,-1
398,153,576.3,231.1,15.5,31.9,1,-1,-1,-1
398,159,250.9,133.3,21.7,25.3,1,-1,-1,-1
398,160,376.2,49.9,14.7,24.9,1,-1,-1,-1
398,174,198.4,91.6,16.2,31.4,1,-1,-1,-1
398,179,48.0,298.9,37.9,45.4,1,-1,-1,-1
398,180,221.1,251.1,47.0,36.1,1,-1,-1,-1
398,186,614.7,376.2,36.1,88.6,1,-1,-1,-1
398,191,773.8,244.0,21.6,51.3,1,-1,-1,-1
398,193,202.0,204.0,26.2,64.3,1,-1,-1,-1
398,196,112.7,512.5,65.6,105.5,1,-1,-1,-1
398,204,99.7,115.0,17.6,34.8,1,-1,-1,-1
398,208,146.9,54.1,15.2,25.8,1,-1,-1,-1
398,211,600.7,329.9,34.6,73.8,1,-1,-1,-1
398,217,118.0,106.7,16.9,32.9,1,-1,-1,-1
398,219,345.7,86.4,16.5,34.2,1,-1,-1,-1
398,220,578.1,331.2,37.3,80.5,1,-1,-1,-1
398,221,218.9,181.2,21.1,54.2,1,-1,-1,-1
398,224,222.7,46.6,14.5,26.9,1,-1,-1,-1
398,230,435.5,342.0,34.6,84.3,1,-1,-1,-1
398,232,59.3,136.2,20.8,38.8,1,-1,-1,-1
398,234,1157.6,211.4,21.5,47.8,1,-1,-1,-1
398,236,211.8,267.5,34.1,35.2,1,-1,-1,-1
398,246,691.4,293.1,32.1,84.9,1,-1,-1,-1
398,251,382.7,231.3,21.8,43.6,1,-1,-1,-1
398,253,106.8,95.8,16.7,29.8,1,-1,-1,-1
398,259,31.1,147.4,23.9,47.1,1,-1,-1,-1
398,263,-0.0,227.0,13.6,61.9,1,-1,-1,-1
398,264,210.1,390.0,53.1,52.5,1,-1,-1,-1
398,265,179.7,603.9,21.1,36.6,1,-1,-1,-1
398,266,624.0,183.7,16.3,29.3,1,-1,-1,-1
398,268,177.6,453.8,77.0,60.9,1,-1,-1,-1
398,269,171.0,96.8,18.8,34.7,1,-1,-1,-1
399,2,202.7,330.4,50.3,54.3,1,-1,-1,-1
399,6,297.5,320.0,24.1,85.8,1,-1,-1,-1
399,7,337.1,338.2,36.3,94.9,1,-1,-1,-1
399,8,735.0,247.8,22.6,53.2,1,-1,-1,-1
399,12,394.4,258.0,42.7,35.1,1,-1,-1,-1
399,15,759.8,247.2,23.8,53.5,1,-1,-1,-1
399,16,508.5,212.2,21.7,60.8,1,-1,-1,-1
399,17,937.8,298.7,35.7,41.3,1,-1,-1,-1
399,18,263.9,316.8,31.1,79.3,1,-1,-1,-1
399,21,680.2,433.5,41.0,109.5,1,-1,-1,-1
399,22,557.9,305.7,32.2,74.3,1,-1,-1,-1
399,24,957.5,222.4,22.2,56.4,1,-1,-1,-1
399,25,689.2,163.7,21.5,50.4,1,-1,-1,-1
399,53,588.9,104.2,12.7,25.7,1,-1,-1,-1
399,69,208.6,290.7,28.4,35.0,1,-1,-1,-1
399,72,561.9,94.1,16.8,35.3,1,-1,-1,-1
399,90,229.7,208.7,26.5,54.8,1,-1,-1,-1
399,96,243.5,283.6,27.6,31.6,1,-1,-1,-1
399,110,877.3,206.7,20.7,52.8,1,-1,-1,-1
399,145,432.0,116.0,18.2,39.9,1,-1,-1,-1
399,151,580.5,179.3,17.3,36.7,1,-1,-1,-1
399,153,577.1,230.9,15.6,32.0,1,-1,-1,-1
399,159,253.2,132.8,21.8,25.7,1,-1,-1,-1
399,160,377.8,51.0,15.3,25.0,1,-1,-1,-1
399,174,200.8,91.5,16.3,31.6,1,-1,-1,-1
399,179,49.5,298.3,37.4,45.0,1,-1,-1,-1
399,180,222.4,250.5,45.9,35.9,1,-1,-1,-1
399,186,616.8,377.7,34.0,87.3,1,-1,-1,-1
399,191,773.9,244.0,21.7,51.0,1,-1,-1,-1
399,193,204.2,204.4,24.0,61.0,1,-1,-1,-1
399,196,110.5,512.2,66.1,104.7,1,-1,-1,-1
399,204,101.1,114.2,17.1,32.9,1,-1,-1,-1
399,208,151.0,53.5,15.3,25.5,1,-1,-1,-1
399,211,600.9,329.7,34.8,74.2,1,-1,-1,-1
399,217,119.3,112.3,18.9,28.5,1,-1,-1,-1
399,219,349.1,85.9,15.8,33.8,1,-1,-1,-1
399,220,576.1,332.4,37.8,80.1,1,-1,-1,-1
399,221,219.1,181.7,22.2,54.4,1,-1,-1,-1
399,224,224.7,45.9,14.2,28.0,1,-1,-1,-1
399,230,436.3,342.1,34.1,83.4,1,-1,-1,-1
399,232,61.4,134.7,19.8,38.9,1,-1,-1,-1
399,234,1164.8,212.3,20.1,46.9,1,-1,-1,-1
399,236,213.5,266.6,34.1,35.5,1,-1,-1,-1
399,246,692.0,296.6,32.7,81.6,1,-1,-1,-1
399,251,381.4,230.0,22.8,44.6,1,-1,-1,-1
399,253,107.9,95.9,17.4,31.6,1,-1,-1,-1
399,259,33.7,148.0,23.2,45.5,1,-1,-1,-1
399,263,0.2,219.5,15.8,69.1,1,-1,-1,-1
399,264,204.0,373.2,50.7,50.6,1,-1,-1,-1
399,266,625.3,183.3,15.6,29.7,1,-1,-1,-1
399,268,177.6,453.6,77.8,59.4,1,-1,-1,-1
399,269,173.5,96.6,17.8,33.2,1,-1,-1,-1
399,271,1149.1,209.2,25.7,51.4,1,-1,-1,-1
400,2,202.6,329.9,50.2,53.6,1,-1,-1,-1
400,6,297.4,319.0,24.1,86.0,1,-1,-1,-1
400,7,336.9,337.6,36.6,94.4,1,-1,-1,-1
400,8,735.1,247.4,23.0,53.4,1,-1,-1,-1
400,12,394.1,257.9,42.3,35.5,1,-1,-1,-1
400,15,760.8,247.5,25.7,51.1,1,-1,-1,-1
400,16,509.1,211.8,21.2,60.0,1,-1,-1,-1
400,17,937.9,298.8,35.5,41.4,1,-1,-1,-1
400,18,264.4,315.2,30.7,80.5,1,-1,-1,-1
400,21,684.3,435.0,40.4,111.2,1,-1,-1,-1
400,22,557.6,305.9,33.7,74.6,1,-1,-1,-1
400,24,957.4,224.4,22.3,56.1,1,-1,-1,-1
400,25,691.0,164.2,22.2,50.4,1,-1,-1,-1
400,53,589.6,103.4,13.0,26.1,1,-1,-1,-1
400,69,209.9,292.3,27.9,33.6,1,-1,-1,-1
400,72,563.9,93.6,16.9,35.2,1,-1,-1,-1
400,90,231.0,207.5,25.7,54.0,1,-1,-1,-1
400,96,245.1,284.8,25.4,30.1,1,-1,-1,-1
400,110,878.3,206.7,20.8,54.1,1,-1,-1,-1
400,145,434.6,115.8,18.8,39.1,1,-1,-1,-1
400,151,582.0,179.0,17.0,37.1,1,-1,-1,-1
400,153,577.8,227.6,15.9,34.6,1,-1,-1,-1
400,159,255.6,131.6,21.5,26.2,1,-1,-1,-1
400,160,378.8,49.9,15.6,24.8,1,-1,-1,-1
400,174,202.9,90.9,15.9,30.7,1,-1,-1,-1
400,179,51.0,298.4,35.6,47.5,1,-1,-1,-1
400,180,222.6,251.0,48.9,33.8,1,-1,-1,-1
400,186,616.4,376.5,34.8,86.3,1,-1,-1,-1
400,191,773.7,243.8,21.7,51.0,1,-1,-1,-1
400,193,205.3,203.2,25.2,62.4,1,-1,-1,-1
400,196,108.5,509.9,65.9,105.6,1,-1,-1,-1
400,204,102.9,117.0,18.3,35.2,1,-1,-1,-1
400,208,153.7,53.0,15.4,25.6,1,-1,-1,-1
400,211,601.0,329.0,32.8,73.7,1,-1,-1,-1
400,217,120.6,107.5,18.9,32.3,1,-1,-1,-1
400,219,353.0,85.6,16.8,34.9,1,-1,-1,-1
400,220,574.9,332.6,36.8,78.0,1,-1,-1,-1
400,221,219.1,180.3,23.6,58.7,1,-1,-1,-1
400,224,226.8,45.3,14.6,27.6,1,-1,-1,-1
400,230,437.9,344.1,33.8,84.2,1,-1,-1,-1
400,232,62.5,133.4,20.6,41.7,1,-1,-1,-1
400,236,214.7,265.6,33.1,35.4,1,-1,-1,-1
400,246,692.9,300.6,32.7,77.9,1,-1,-1,-1
400,251,380.9,228.2,22.9,46.2,1,-1,-1,-1
400,253,108.1,95.1,17.4,32.2,1,-1,-1,-1
400,259,37.4,146.9,24.7,46.1,1,-1,-1,-1
400,263,0.1,217.2,17.7,70.2,1,-1,-1,-1
400,264,194.5,349.7,49.6,48.8,1,-1,-1,-1
400,266,626.3,182.6,14.8,30.3,1,-1,-1,-1
400,268,176.4,453.2,76.9,58.7,1,-1,-1,-1
400,269,175.4,97.1,16.8,31.0,1,-1,-1,-1
400,270,1212.2,399.1,16.7,31.4,1,-1,-1,-1
400,271,1148.3,208.9,25.8,53.9,1,-1,-1,-1
400,272,158.6,500.8,34.6,98.2,1,-1,-1,-1
401,2,203.3,330.2,50.7,52.9,1,-1,-1,-1
401,6,297.2,318.3,24.4,86.1,1,-1,-1,-1
401,7,336.5,337.5,36.5,93.9,1,-1,-1,-1
401,8,735.1,246.7,23.2,53.5,1,-1,-1,-1
401,12,394.2,257.8,41.7,35.6,1,-1,-1,-1
401,15,761.4,247.8,26.2,49.7,1,-1,-1,-1
401,16,510.0,211.4,21.0,60.5,1,-1,-1,-1
401,17,937.6,298.8,36.0,41.1,1,-1,-1,-1
401,18,264.5,314.3,30.5,81.2,1,-1,-1,-1
401,21,686.1,436.4,41.7,113.9,1,-1,-1,-1
401,22,557.3,306.2,34.4,73.1,1,-1,-1,-1
401,24,957.8,224.6,22.5,56.8,1,-1,-1,-1
401,25,692.2,164.0,22.7,50.8,1,-1,-1,-1
401,53,591.1,104.3,12.4,24.7,1,-1,-1,-1
401,69,209.9,290.7,28.6,33.7,1,-1,-1,-1
401,72,565.9,93.5,16.3,34.2,1,-1,-1,-1
401,90,232.5,206.9,24.8,52.8,1,-1,-1,-1
401,96,244.8,278.8,38.8,35.5,1,-1,-1,-1
401,110,878.5,206.4,21.1,54.4,1,-1,-1,-1
401,145,436.6,114.7,18.5,39.6,1,-1,-1,-1
401,151,583.0,179.6,17.3,37.9,1,-1,-1,-1
401,153,579.1,230.3,15.4,32.7,1,-1,-1,-1
401,159,257.2,131.2,21.2,26.3,1,-1,-1,-1
401,160,379.7,51.1,15.3,25.3,1,-1,-1,-1
401,174,205.9,91.2,15.5,30.3,1,-1,-1,-1
401,179,51.7,296.9,34.8,49.1,1,-1,-1,-1
401,180,226.5,249.6,47.9,36.1,1,-1,-1,-1
401,186,617.5,375.7,35.6,88.2,1,-1,-1,-1
401,193,207.5,202.7,23.6,60.3,1,-1,-1,-1
401,196,107.1,509.3,65.1,104.5,1,-1,-1,-1
401,204,104.1,116.8,19.5,36.5,1,-1,-1,-1
401,208,155.2,52.2,15.7,26.7,1,-1,-1,-1
401,211,600.2,327.3,32.7,75.9,1,-1,-1,-1
401,217,123.2,105.6,18.3,33.5,1,-1,-1,-1
401,219,355.0,86.0,17.1,34.6,1,-1,-1,-1
401,220,575.5,332.5,33.3,74.6,1,-1,-1,-1
401,221,220.5,178.7,24.3,59.6,1,-1,-1,-1
401,224,229.4,45.6,14.9,26.0,1,-1,-1,-1
401,230,438.0,346.0,33.7,86.1,1,-1,-1,-1
401,232,65.9,133.5,20.9,42.1,1,-1,-1,-1
401,236,215.1,265.2,31.4,34.1,1,-1,-1,-1
401,246,694.7,301.3,31.0,75.4,1,-1,-1,-1
401,251,380.3,225.4,23.8,48.3,1,-1,-1,-1
401,253,109.3,94.4,17.0,33.0,1,-1,-1,-1
401,259,42.8,145.4,23.9,47.1,1,-1,-1,-1
401,263,0.0,217.9,19.2,66.7,1,-1,-1,-1
401,266,627.5,182.0,14.0,30.9,1,-1,-1,-1
401,268,176.8,454.0,75.4,56.0,1,-1,-1,-1
401,269,177.0,97.2,16.1,30.5,1,-1,-1,-1
401,270,1209.7,399.0,17.6,31.9,1,-1,-1,-1
401,271,1150.1,208.7,24.8,52.2,1,-1,-1,-1
401,272,158.3,500.2,34.2,97.7,1,-1,-1,-1
401,273,204.4,372.4,48.6,48.9,1,-1,-1,-1
402,2,203.4,330.1,50.6,52.3,1,-1,-1,-1
402,6,297.3,317.3,24.2,86.2,1,-1,-1,-1
402,7,336.4,336.6,36.4,94.4,1,-1,-1,-1
402,8,735.4,246.0,23.3,53.9,1,-1,-1,-1
402,12,397.5,257.1,40.2,35.3,1,-1,-1,-1
402,15,761.0,247.4,26.5,49.4,1,-1,-1,-1
402,16,510.6,210.6,21.1,61.1,1,-1,-1,-1
402,17,937.8,298.8,36.2,41.1,1,-1,-1,-1
402,18,264.4,312.4,31.1,82.4,1,-1,-1,-1
402,21,686.6,436.9,43.3,114.6,1,-1,-1,-1
402,22,556.8,308.1,33.9,69.6,1,-1,-1,-1
402,24,957.6,223.8,22.8,56.9,1,-1,-1,-1
402,25,691.9,162.3,23.0,51.7,1,-1,-1,-1
402,53,591.5,103.4,12.8,25.6,1,-1,-1,-1
402,69,211.3,291.8,28.1,32.0,1,-1,-1,-1
402,72,568.1,93.6,16.3,34.7,1,-1,-1,-1
402,90,233.1,206.5,24.6,52.3,1,-1,-1,-1
402,96,243.7,274.9,41.7,39.4,1,-1,-1,-1
402,110,877.9,205.8,23.0,54.4,1,-1,-1,-1
402,145,438.0,113.5,18.4,40.6,1,-1,-1,-1
402,151,584.5,177.8,17.0,35.4,1,-1,-1,-1
402,153,579.9,230.5,15.1,32.1,1,-1,-1,-1
402,159,258.2,130.8,21.5,26.6,1,-1,-1,-1
402,160,381.2,49.4,14.9,27.0,1,-1,-1,-1
402,174,207.9,91.6,15.4,30.2,1,-1,-1,-1
402,179,51.6,295.8,36.2,49.7,1,-1,-1,-1
402,180,222.6,248.3,47.9,34.0,1,-1,-1,-1
402,186,617.3,376.8,36.4,88.5,1,-1,-1,-1
402,193,208.2,202.7,24.6,61.5,1,-1,-1,-1
402,196,106.9,508.6,65.7,104.2,1,-1,-1,-1
402,204,104.6,115.6,20.1,37.6,1,-1,-1,-1
402,208,157.3,52.5,15.4,26.9,1,-1,-1,-1
402,211,600.4,326.7,31.7,76.7,1,-1,-1,-1
402,217,126.3,105.9,17.3,33.3,1,-1,-1,-1
402,219,357.1,85.6,16.3,34.2,1,-1,-1,-1
402,220,572.4,332.3,35.2,75.7,1,-1,-1,-1
402,221,221.7,178.3,24.3,62.1,1,-1,-1,-1
402,224,230.6,46.0,15.2,25.0,1,-1,-1,-1
402,230,438.4,346.2,32.8,86.9,1,-1,-1,-1
402,232,70.0,135.0,19.3,39.6,1,-1,-1,-1
402,236,215.7,264.5,32.9,36.0,1,-1,-1,-1
402,246,697.3,301.6,28.9,74.1,1,-1,-1,-1
402,251,380.4,224.1,23.5,48.8,1,-1,-1,-1
402,253,110.9,93.2,16.0,31.2,1,-1,-1,-1
402,259,46.4,144.4,24.2,47.1,1,-1,-1,-1
402,263,-0.4,219.3,19.1,62.4,1,-1,-1,-1
402,266,627.1,181.8,14.0,31.0,1,-1,-1,-1
402,268,176.4,452.5,75.6,56.1,1,-1,-1,-1
402,269,178.9,97.2,17.3,32.8,1,-1,-1,-1
402,270,1207.8,398.7,17.9,32.5,1,-1,-1,-1
402,271,1151.0,208.3,24.0,48.9,1,-1,-1,-1
402,272,157.0,498.4,34.6,95.1,1,-1,-1,-1
402,273,204.7,372.5,47.0,46.9,1,-1,-1,-1
403,2,203.6,329.1,51.4,52.3,1,-1,-1,-1
403,6,297.6,316.7,24.3,86.0,1,-1,-1,-1
403,7,336.3,336.1,36.2,94.2,1,-1,-1,-1
403,8,736.2,246.2,23.0,53.6,1,-1,-1,-1
403,12,396.5,256.4,40.0,36.3,1,-1,-1,-1
403,15,761.5,247.9,25.9,49.1,1,-1,-1,-1
403,16,511.5,210.4,21.6,61.2,1,-1,-1,-1
403,17,938.0,299.0,36.5,41.1,1,-1,-1,-1
403,18,266.0,313.0,32.6,79.6,1,-1,-1,-1
403,21,687.4,437.5,43.8,114.0,1,-1,-1,-1
403,22,556.7,310.6,34.7,71.7,1,-1,-1,-1
403,24,957.6,224.5,22.5,56.3,1,-1,-1,-1
403,25,692.2,162.0,23.0,52.0,1,-1,-1,-1
403,53,592.1,101.5,13.6,26.8,1,-1,-1,-1
403,69,211.4,291.1,28.0,32.0,1,-1,-1,-1
403,72,569.8,93.2,16.6,35.7,1,-1,-1,-1
403,90,233.6,206.8,25.5,52.4,1,-1,-1,-1
403,96,244.1,274.9,43.5,39.7,1,-1,-1,-1
403,110,879.0,207.0,24.2,56.5,1,-1,-1,-1
403,145,439.4,113.0,18.8,40.5,1,-1,-1,-1
403,151,586.1,177.9,16.3,33.6,1,-1,-1,-1
403,153,580.9,231.2,15.0,31.8,1,-1,-1,-1
403,159,259.5,130.8,21.9,26.4,1,-1,-1,-1
403,160,383.4,49.4,14.7,27.5,1,-1,-1,-1
403,174,210.7,90.8,15.2,30.9,1,-1,-1,-1
403,179,52.0,295.0,36.8,49.9,1,-1,-1,-1
403,180,222.8,249.2,48.5,32.3,1,-1,-1,-1
403,186,617.6,376.0,39.3,91.4,1,-1,-1,-1
403,193,209.1,202.7,24.8,61.4,1,-1,-1,-1
403,196,106.4,507.8,64.9,102.8,1,-1,-1,-1
403,204,105.5,114.8,20.1,38.1,1,-1,-1,-1
403,208,159.6,52.1,15.2,26.7,1,-1,-1,-1
403,211,601.1,326.5,31.2,76.3,1,-1,-1,-1
403,217,128.7,106.0,16.9,33.5,1,-1,-1,-1
403,219,359.7,85.5,15.9,33.6,1,-1,-1,-1
403,220,570.4,332.9,36.7,75.8,1,-1,-1,-1
403,221,223.6,177.7,23.5,60.8,1,-1,-1,-1
403,224,232.2,46.5,15.2,25.4,1,-1,-1,-1
403,230,437.0,345.7,33.1,84.5,1,-1,-1,-1
403,232,72.1,133.8,19.2,39.9,1,-1,-1,-1
403,236,216.6,263.1,34.0,36.9,1,-1,-1,-1
403,246,699.3,301.5,27.5,74.5,1,-1,-1,-1
403,251,380.6,223.7,23.3,49.3,1,-1,-1,-1
403,253,112.9,93.9,15.3,30.6,1,-1,-1,-1
403,259,51.3,144.0,23.2,47.6,1,-1,-1,-1
403,263,-0.0,221.2,20.3,60.3,1,-1,-1,-1
403,266,627.1,181.5,14.3,31.3,1,-1,-1,-1
403,268,173.3,449.1,78.4,58.5,1,-1,-1,-1
403,269,181.8,96.4,18.5,34.0,1,-1,-1,-1
403,271,1150.5,209.0,23.8,48.3,1,-1,-1,-1
403,272,152.5,493.2,35.2,101.6,1,-1,-1,-1
403,273,205.0,372.2,46.7,46.0,1,-1,-1,-1
403,274,579.3,210.0,17.3,30.4,1,-1,-1,-1
404,2,203.6,327.4,51.0,53.7,1,-1,-1,-1
404,6,297.6,316.1,24.5,86.0,1,-1,-1,-1
404,7,336.1,334.4,36.4,94.8,1,-1,-1,-1
404,8,736.5,246.0,22.7,53.4,1,-1,-1,-1
404,12,397.7,256.2,40.1,35.8,1,-1,-1,-1
404,15,762.2,248.1,25.7,49.1,1,-1,-1,-1
404,16,512.1,210.3,22.5,61.7,1,-1,-1,-1
404,17,938.7,299.0,36.0,40.9,1,-1,-1,-1
404,18,266.2,312.9,32.8,78.6,1,-1,-1,-1
404,21,688.6,439.1,43.1,110.1,1,-1,-1,-1
404,22,556.0,311.1,34.3,73.9,1,-1,-1,-1
404,24,957.8,225.7,22.0,54.1,1,-1,-1,-1
404,25,693.4,162.0,22.6,51.8,1,-1,-1,-1
404,53,593.4,101.8,13.4,26.8,1,-1,-1,-1
404,69,212.6,288.4,27.7,33.7,1,-1,-1,-1
404,72,571.3,93.2,16.4,35.6,1,-1,-1,-1
404,90,235.1,206.9,25.4,55.1,1,-1,-1,-1
404,96,245.1,275.8,42.4,38.7,1,-1,-1,-1
404,110,880.3,205.9,24.9,58.4,1,-1,-1,-1
404,145,440.9,115.5,18.0,38.7,1,-1,-1,-1
404,151,588.0,178.7,16.5,32.4,1,-1,-1,-1
404,159,261.3,130.6,22.5,25.6,1,-1,-1,-1
404,160,386.7,49.9,15.0,26.6,1,-1,-1,-1
404,174,213.0,90.6,15.2,31.2,1,-1,-1,-1
404,179,53.0,294.3,36.4,49.5,1,-1,-1,-1
404,180,222.6,248.4,49.7,32.2,1,-1,-1,-1
404,186,617.6,375.9,41.0,94.0,1,-1,-1,-1
404,193,209.2,202.4,25.1,60.2,1,-1,-1,-1
404,196,105.6,507.4,64.3,102.0,1,-1,-1,-1
404,204,108.7,112.5,19.0,39.4,1,-1,-1,-1
404,208,163.8,51.8,15.2,26.7,1,-1,-1,-1
404,211,601.5,326.5,31.4,75.6,1,-1,-1,-1
404,217,130.6,105.6,16.7,33.3,1,-1,-1,-1
404,219,364.3,84.7,15.9,33.2,1,-1,-1,-1
404,220,569.3,332.7,37.4,76.1,1,-1,-1,-1
404,221,225.6,177.6,23.1,59.3,1,-1,-1,-1
404,224,233.5,47.1,15.0,24.7,1,-1,-1,-1
404,230,437.0,346.8,33.3,84.9,1,-1,-1,-1
404,232,75.0,135.0,18.3,37.6,1,-1,-1,-1
404,236,216.7,262.2,33.1,35.9,1,-1,-1,-1
404,246,700.8,300.8,27.0,75.5,1,-1,-1,-1
404,251,380.8,224.2,22.5,48.5,1,-1,-1,-1
404,253,114.7,94.2,15.2,29.6,1,-1,-1,-1
404,259,54.6,143.9,22.8,47.6,1,-1,-1,-1
404,263,0.3,220.6,22.0,60.9,1,-1,-1,-1
404,266,628.4,181.0,14.0,31.9,1,-1,-1,-1
404,268,172.8,447.7,79.0,59.8,1,-1,-1,-1
404,269,184.5,95.5,18.0,33.4,1,-1,-1,-1
404,271,1146.8,214.0,21.8,51.3,1,-1,-1,-1
404,272,150.3,491.2,36.0,103.1,1,-1,-1,-1
404,273,205.3,371.6,46.3,45.1,1,-1,-1,-1
404,274,579.5,210.2,17.0,30.4,1,-1,-1,-1
404,275,586.6,220.6,20.5,37.8,1,-1,-1,-1
405,2,203.6,326.8,50.8,54.2,1,-1,-1,-1
405,6,297.6,315.8,24.6,85.7,1,-1,-1,-1
405,7,335.9,334.9,36.2,94.2,1,-1,-1,-1
405,8,737.2,245.6,22.4,53.2,1,-1,-1,-1
405,12,398.5,255.5,40.2,36.0,1,-1,-1,-1
405,15,762.7,248.1,25.3,50.5,1,-1,-1,-1
405,16,512.3,210.1,23.1,62.3,1,-1,-1,-1
405,17,938.9,298.5,36.0,41.5,1,-1,-1,-1
405,18,266.1,312.7,32.5,77.8,1,-1,-1,-1
405,21,689.2,441.4,42.7,109.1,1,-1,-1,-1
405,22,555.7,310.7,34.1,72.2,1,-1,-1,-1
405,24,958.4,225.3,21.6,53.2,1,-1,-1,-1
405,25,694.9,162.6,22.3,51.1,1,-1,-1,-1
405,53,593.8,103.1,14.4,27.0,1,-1,-1,-1
405,69,212.5,288.6,27.5,33.1,1,-1,-1,-1
405,72,572.2,92.7,17.0,34.6,1,-1,-1,-1
405,90,238.1,207.0,25.5,54.9,1,-1,-1,-1
405,96,245.9,276.7,40.5,36.9,1,-1,-1,-1
405,110,882.2,205.9,24.5,58.1,1,-1,-1,-1
405,145,443.3,115.0,17.2,38.1,1,-1,-1,-1
405,151,588.7,179.1,17.0,31.9,1,-1,-1,-1
405,159,263.6,130.8,22.4,25.3,1,-1,-1,-1
405,160,388.2,50.0,15.2,25.1,1,-1,-1,-1
405,174,215.2,90.2,15.0,31.5,1,-1,-1,-1
405,179,53.5,293.5,35.9,48.1,1,-1,-1,-1
405,180,224.8,248.3,50.0,31.9,1,-1,-1,-1
405,186,619.0,376.7,40.1,93.9,1,-1,-1,-1
405,193,210.1,202.0,24.7,59.4,1,-1,-1,-1
405,196,105.1,505.7,64.0,102.6,1,-1,-1,-1
405,204,111.1,111.6,18.3,40.1,1,-1,-1,-1
405,208,166.5,52.1,15.4,27.4,1,-1,-1,-1
405,211,602.1,326.8,31.5,74.8,1,-1,-1,-1
405,217,132.0,105.3,17.0,32.7,1,-1,-1,-1
405,219,366.7,85.6,15.0,33.7,1,-1,-1,-1
405,220,569.1,332.9,37.7,77.6,1,-1,-1,-1
405,221,228.7,176.3,20.7,53.1,1,-1,-1,-1
405,224,234.7,47.4,14.4,23.8,1,-1,-1,-1
405,230,437.8,347.2,33.2,85.5,1,-1,-1,-1
405,232,75.4,133.2,19.2,37.9,1,-1,-1,-1
405,236,217.8,261.8,33.6,33.7,1,-1,-1,-1
405,246,703.0,300.2,27.1,75.6,1,-1,-1,-1
405,251,381.4,225.5,21.4,47.3,1,-1,-1,-1
405,253,117.3,94.3,15.5,28.4,1,-1,-1,-1
405,259,58.0,143.3,23.0,46.9,1,-1,-1,-1
405,263,0.2,219.1,23.5,61.4,1,-1,-1,-1
405,266,628.2,180.2,14.0,32.4,1,-1,-1,-1
405,268,170.2,447.0,80.7,60.1,1,-1,-1,-1
405,269,185.8,94.8,17.6,32.1,1,-1,-1,-1
405,271,1146.1,214.4,20.0,44.1,1,-1,-1,-1
405,272,151.5,491.6,35.8,94.3,1,-1,-1,-1
405,273,205.6,370.3,45.5,44.6,1,-1,-1,-1
405,274,579.5,211.6,16.6,30.2,1,-1,-1,-1
405,275,586.4,220.2,21.3,38.4,1,-1,-1,-1
406,2,203.8,326.7,50.3,53.9,1,-1,-1,-1
406,6,297.5,315.6,24.7,85.7,1,-1,-1,-1
406,7,335.6,335.4,36.1,93.2,1,-1,-1,-1
406,8,738.1,245.6,21.9,53.0,1,-1,-1,-1
406,12,398.4,255.0,40.5,36.3,1,-1,-1,-1
406,15,763.5,247.9,25.3,51.0,1,-1,-1,-1
406,16,510.7,208.0,24.5,61.1,1,-1,-1,-1
406,17,939.3,298.3,35.9,41.7,1,-1,-1,-1
406,18,266.1,312.0,32.4,78.1,1,-1,-1,-1
406,21,689.9,441.3,41.9,109.4,1,-1,-1,-1
406,22,552.6,309.7,33.2,72.2,1,-1,-1,-1
406,24,958.7,223.8,21.5,54.2,1,-1,-1,-1
406,25,695.6,162.8,22.2,51.1,1,-1,-1,-1
406,53,595.7,101.6,15.0,28.6,1,-1,-1,-1
406,69,213.6,287.4,27.8,34.0,1,-1,-1,-1
406,72,574.3,92.7,16.9,35.4,1,-1,-1,-1
406,90,239.0,205.5,25.3,55.1,1,-1,-1,-1
406,96,246.6,274.5,37.0,36.4,1,-1,-1,-1
406,110,884.4,206.0,24.4,58.1,1,-1,-1,-1
406,145,445.6,116.7,17.1,36.9,1,-1,-1,-1
406,151,589.0,179.3,17.3,32.0,1,-1,-1,-1
406,153,580.7,212.5,18.6,46.3,1,-1,-1,-1
406,159,265.4,130.4,22.9,25.5,1,-1,-1,-1
406,160,389.1,49.2,15.3,24.0,1,-1,-1,-1
406,174,218.2,88.6,16.2,31.9,1,-1,-1,-1
406,179,53.6,292.1,35.8,48.3,1,-1,-1,-1
406,180,227.9,248.0,49.1,31.9,1,-1,-1,-1
406,186,621.1,377.6,38.8,92.6,1,-1,-1,-1
406,193,213.4,201.7,24.6,59.5,1,-1,-1,-1
406,196,104.1,504.2,63.8,103.6,1,-1,-1,-1
406,204,113.0,111.2,17.4,39.7,1,-1,-1,-1
406,208,168.4,52.0,15.4,27.3,1,-1,-1,-1
406,211,602.5,326.6,31.8,74.6,1,-1,-1,-1
406,217,134.2,105.1,17.3,32.3,1,-1,-1,-1
406,219,368.9,83.3,14.9,32.3,1,-1,-1,-1
406,220,569.2,332.6,37.2,79.9,1,-1,-1,-1
406,221,229.8,178.1,21.2,55.4,1,-1,-1,-1
406,224,236.8,47.7,13.7,22.6,1,-1,-1,-1
406,230,439.3,347.4,32.4,85.9,1,-1,-1,-1
406,232,78.0,132.0,19.4,37.0,1,-1,-1,-1
406,236,220.2,261.3,33.2,32.6,1,-1,-1,-1
406,246,704.7,299.4,28.4,76.3,1,-1,-1,-1
406,251,381.0,224.2,21.8,47.1,1,-1,-1,-1
406,253,119.1,94.5,15.9,28.0,1,-1,-1,-1
406,259,62.1,141.9,22.8,46.9,1,-1,-1,-1
406,263,0.3,217.3,24.7,60.9,1,-1,-1,-1
406,266,627.4,179.7,14.1,32.8,1,-1,-1,-1
406,268,173.3,446.2,76.1,59.9,1,-1,-1,-1
406,269,187.6,95.1,17.2,32.5,1,-1,-1,-1
406,271,1146.7,214.5,19.5,41.1,1,-1,-1,-1
406,272,150.9,492.7,34.3,91.7,1,-1,-1,-1
406,273,205.9,370.1,43.5,44.9,1,-1,-1,-1
407,2,204.4,326.4,50.4,53.0,1,-1,-1,-1
407,6,297.5,314.3,24.6,85.7,1,-1,-1,-1
407,7,335.3,335.0,36.4,92.3,1,-1,-1,-1
407,8,739.8,245.9,22.2,52.4,1,-1,-1,-1
407,12,399.3,255.0,41.1,35.5,1,-1,-1,-1
407,15,763.9,247.1,25.3,51.6,1,-1,-1,-1
407,16,510.7,207.2,25.1,60.6,1,-1,-1,-1
407,17,939.0,298.3,36.1,41.6,1,-1,-1,-1
407,18,265.9,311.3,32.7,78.1,1,-1,-1,-1
407,21,690.7,440.6,41.7,110.3,1,-1,-1,-1
407,22,552.6,310.2,32.0,68.8,1,-1,-1,-1
407,24,959.1,223.8,22.4,55.4,1,-1,-1,-1
407,25,697.2,162.7,21.5,51.1,1,-1,-1,-1
407,53,595.7,101.7,15.4,28.5,1,-1,-1,-1
407,69,213.1,286.9,28.1,33.5,1,-1,-1,-1
407,72,576.8,92.0,17.8,34.7,1,-1,-1,-1
407,90,237.3,204.0,27.3,54.9,1,-1,-1,-1
407,96,248.1,273.0,36.2,36.1,1,-1,-1,-1
407,110,886.5,205.8,24.1,57.7,1,-1,-1,-1
407,145,446.7,116.5,17.4,37.2,1,-1,-1,-1
407,151,589.9,179.6,17.3,31.3,1,-1,-1,-1
407,153,581.0,209.5,19.1,50.6,1,-1,-1,-1
407,159,267.3,129.7,22.8,26.0,1,-1,-1,-1
407,160,389.4,49.6,15.8,24.0,1,-1,-1,-1
407,174,220.4,89.0,15.5,32.2,1,-1,-1,-1
407,179,54.2,291.1,35.4,47.2,1,-1,-1,-1
407,180,230.0,248.2,47.7,31.4,1,-1,-1,-1
407,186,622.1,377.8,38.4,92.1,1,-1,-1,-1
407,193,215.6,201.4,24.0,59.9,1,-1,-1,-1
407,196,103.4,502.8,62.4,104.4,1,-1,-1,-1
407,204,114.7,111.2,17.4,39.7,1,-1,-1,-1
407,208,170.9,52.4,15.3,27.5,1,-1,-1,-1
407,211,603.1,325.3,32.1,75.3,1,-1,-1,-1
407,217,137.3,105.4,17.1,32.3,1,-1,-1,-1
407,219,371.7,83.1,15.3,33.5,1,-1,-1,-1
407,220,568.9,332.0,37.1,81.3,1,-1,-1,-1
407,221,230.5,177.9,22.5,56.0,1,-1,-1,-1
407,224,238.2,47.8,13.3,21.9,1,-1,-1,-1
407,230,437.3,347.3,33.7,86.7,1,-1,-1,-1
407,232,81.7,132.7,19.7,36.8,1,-1,-1,-1
407,236,221.4,260.9,33.5,31.9,1,-1,-1,-1
407,246,706.4,299.4,30.1,76.4,1,-1,-1,-1
407,251,380.0,222.8,22.5,46.9,1,-1,-1,-1
407,253,120.7,94.4,15.8,27.7,1,-1,-1,-1
407,259,63.2,139.7,23.1,47.8,1,-1,-1,-1
407,263,1.0,216.1,26.3,57.8,1,-1,-1,-1
407,266,627.2,179.4,14.3,32.9,1,-1,-1,-1
407,268,172.2,445.3,76.3,59.7,1,-1,-1,-1
407,269,189.9,95.1,17.5,33.2,1,-1,-1,-1
407,271,1151.6,213.5,20.9,42.4,1,-1,-1,-1
407,272,148.1,491.1,34.3,96.0,1,-1,-1,-1
407,273,206.3,369.4,42.7,44.1,1,-1,-1,-1
407,277,1144.4,232.9,7.6,35.6,1,-1,-1,-1
408,2,204.7,326.0,50.7,52.9,1,-1,-1,-1
408,6,297.5,313.6,24.3,85.3,1,-1,-1,-1
408,7,334.8,334.5,36.7,91.9,1,-1,-1,-1
408,8,740.2,246.0,22.9,52.2,1,-1,-1,-1
408,12,399.4,254.6,40.6,35.4,1,-1,-1,-1
408,15,764.4,246.1,25.2,52.1,1,-1,-1,-1
408,16,513.2,209.9,23.8,58.9,1,-1,-1,-1
408,17,939.1,298.4,36.4,41.7,1,-1,-1,-1
408,18,266.0,311.8,32.7,78.0,1,-1,-1,-1
408,21,693.1,440.8,41.0,110.4,1,-1,-1,-1
408,22,550.9,312.8,32.8,70.1,1,-1,-1,-1
408,24,959.5,223.1,22.7,55.3,1,-1,-1,-1
408,25,699.0,162.5,21.1,50.8,1,-1,-1,-1
408,53,597.3,102.2,15.6,28.3,1,-1,-1,-1
408,69,214.5,287.0,27.5,33.9,1,-1,-1,-1
408,72,579.2,92.5,18.0,33.8,1,-1,-1,-1
408,90,237.2,203.1,28.8,56.1,1,-1,-1,-1
408,96,249.3,272.6,35.5,36.2,1,-1,-1,-1
408,110,887.6,205.4,23.8,58.1,1,-1,-1,-1
408,145,447.7,116.2,17.6,37.3,1,-1,-1,-1
408,151,590.5,180.0,17.1,30.8,1,-1,-1,-1
408,153,581.4,210.0,19.2,51.1,1,-1,-1,-1
408,159,269.4,129.7,22.3,25.6,1,-1,-1,-1
408,160,390.1,50.0,15.8,23.9,1,-1,-1,-1
408,174,222.5,88.8,15.4,31.8,1,-1,-1,-1
408,179,54.8,290.6,35.5,46.4,1,-1,-1,-1
408,180,234.8,248.4,44.1,30.9,1,-1,-1,-1
408,186,623.7,377.4,37.7,92.3,1,-1,-1,-1
408,193,216.6,200.7,23.1,60.4,1,-1,-1,-1
408,196,102.7,500.6,60.1,104.9,1,-1,-1,-1
408,204,116.2,113.7,18.2,38.1,1,-1,-1,-1
408,208,174.9,51.6,15.3,26.6,1,-1,-1,-1
408,211,603.5,325.1,32.3,75.3,1,-1,-1,-1
408,217,139.4,105.2,16.5,31.6,1,-1,-1,-1
408,219,375.4,82.6,16.2,33.8,1,-1,-1,-1
408,220,568.7,332.0,37.3,81.6,1,-1,-1,-1
408,221,230.5,177.5,23.8,58.4,1,-1,-1,-1
408,224,239.1,48.2,13.6,21.5,1,-1,-1,-1
408,230,435.9,347.3,33.7,88.2,1,-1,-1,-1
408,232,83.5,132.1,20.2,37.3,1,-1,-1,-1
408,236,222.2,261.1,34.2,31.3,1,-1,-1,-1
408,246,709.6,321.6,28.9,58.7,1,-1,-1,-1
408,251,379.5,221.5,22.9,45.6,1,-1,-1,-1
408,253,122.1,93.8,15.7,29.6,1,-1,-1,-1
408,259,64.9,138.5,23.6,49.2,1,-1,-1,-1
408,263,1.3,215.7,28.5,57.8,1,-1,-1,-1
408,266,625.9,178.6,15.1,32.6,1,-1,-1,-1
408,268,169.9,444.8,77.4,59.5,1,-1,-1,-1
408,269,191.6,94.8,18.2,34.3,1,-1,-1,-1
408,270,1190.7,387.3,19.7,34.9,1,-1,-1,-1
408,271,1152.4,210.6,21.9,45.3,1,-1,-1,-1
408,272,145.6,490.5,35.7,99.5,1,-1,-1,-1
408,273,206.5,369.5,41.4,42.1,1,-1,-1,-1
408,277,1144.6,231.3,7.4,36.7,1,-1,-1,-1
409,2,204.4,325.6,51.2,52.7,1,-1,-1,-1
409,6,297.4,313.0,24.4,85.6,1,-1,-1,-1
409,7,334.4,333.4,37.2,92.0,1,-1,-1,-1
409,8,740.5,246.5,22.8,51.4,1,-1,-1,-1
409,12,400.1,254.2,41.0,35.4,1,-1,-1,-1
409,16,514.7,210.9,23.1,57.4,1,-1,-1,-1
409,17,939.3,298.5,36.7,41.9,1,-1,-1,-1
409,18,266.5,311.5,32.3,77.9,1,-1,-1,-1
409,21,695.7,441.1,40.8,111.7,1,-1,-1,-1
409,22,550.5,315.1,33.1,68.1,1,-1,-1,-1
409,24,960.6,222.0,22.7,55.8,1,-1,-1,-1
409,25,700.3,162.5,21.5,50.4,1,-1,-1,-1
409,53,599.2,101.9,15.9,28.9,1,-1,-1,-1
409,69,216.2,286.9,26.8,33.5,1,-1,-1,-1
409,72,580.1,92.3,18.0,33.1,1,-1,-1,-1
409,90,237.0,202.0,29.1,57.6,1,-1,-1,-1
409,96,250.5,272.8,34.8,35.7,1,-1,-1,-1
409,110,888.4,206.0,24.1,58.6,1,-1,-1,-1
409,145,449.0,116.1,17.7,37.3,1,-1,-1,-1
409,151,591.5,179.8,16.9,30.8,1,-1,-1,-1
409,153,582.1,206.8,18.4,42.8,1,-1,-1,-1
409,159,271.1,129.4,21.9,25.3,1,-1,-1,-1
409,160,390.8,49.7,15.1,23.4,1,-1,-1,-1
409,174,225.5,89.0,15.0,31.5,1,-1,-1,-1
409,179,55.9,290.1,35.5,46.5,1,-1,-1,-1
409,180,235.8,247.2,42.6,30.6,1,-1,-1,-1
409,186,626.2,377.5,36.5,92.0,1,-1,-1,-1
409,191,762.6,245.6,24.8,55.3,1,-1,-1,-1
409,193,218.0,199.8,22.9,59.6,1,-1,-1,-1
409,196,100.6,499.1,61.1,105.1,1,-1,-1,-1
409,204,117.9,111.7,17.8,39.4,1,-1,-1,-1
409,208,177.0,51.2,15.4,26.8,1,-1,-1,-1
409,211,603.7,324.8,32.4,74.7,1,-1,-1,-1
409,217,141.8,104.7,16.7,32.3,1,-1,-1,-1
409,219,377.1,82.8,17.1,33.0,1,-1,-1,-1
409,220,568.9,333.3,37.5,80.6,1,-1,-1,-1
409,221,231.1,176.3,24.5,60.6,1,-1,-1,-1
409,224,242.1,48.3,14.3,21.5,1,-1,-1,-1
409,230,434.9,347.6,33.8,88.7,1,-1,-1,-1
409,232,85.2,131.1,20.8,37.2,1,-1,-1,-1
409,236,222.0,260.8,35.0,31.0,1,-1,-1,-1
409,246,712.7,344.1,28.9,50.0,1,-1,-1,-1
409,251,379.5,221.3,22.7,44.6,1,-1,-1,-1
409,253,123.8,93.0,14.6,29.2,1,-1,-1,-1
409,259,69.3,138.7,23.0,48.0,1,-1,-1,-1
409,263,1.6,214.9,30.6,58.1,1,-1,-1,-1
409,266,626.0,178.2,15.4,32.6,1,-1,-1,-1
409,268,168.2,444.5,78.1,59.3,1,-1,-1,-1
409,269,196.2,107.1,18.6,27.3,1,-1,-1,-1
409,270,1186.5,385.0,19.4,35.0,1,-1,-1,-1
409,271,1147.2,214.5,22.6,48.5,1,-1,-1,-1
409,272,147.1,489.6,34.5,95.3,1,-1,-1,-1
409,273,205.9,370.0,41.0,40.5,1,-1,-1,-1
409,277,1144.9,229.2,7.2,38.3,1,-1,-1,-1
409,278,778.1,242.4,22.0,49.0,1,-1,-1,-1
409,279,705.5,300.3,34.8,77.5,1,-1,-1,-1
409,280,659.1,69.2,10.2,20.2,1,-1,-1,-1
410,2,204.9,324.5,51.5,52.8,1,-1,-1,-1
410,6,297.3,312.4,24.4,85.3,1,-1,-1,-1
410,7,333.2,331.3,38.0,94.0,1,-1,-1,-1
410,8,740.5,246.2,23.1,51.5,1,-1,-1,-1
410,12,401.1,253.3,38.7,35.9,1,-1,-1,-1
410,16,515.3,210.5,22.5,57.0,1,-1,-1,-1
410,17,939.6,298.6,36.8,41.8,1,-1,-1,-1
410,18,266.4,310.6,32.2,77.7,1,-1,-1,-1
410,21,697.3,441.6,42.0,111.2,1,-1,-1,-1
410,22,551.8,318.2,32.2,68.9,1,-1,-1,-1
410,24,960.9,223.0,21.6,54.5,1,-1,-1,-1
410,25,700.9,162.0,21.7,51.0,1,-1,-1,-1
410,53,599.7,101.4,15.8,29.4,1,-1,-1,-1
410,69,217.2,286.4,27.9,32.8,1,-1,-1,-1
410,72,580.3,91.3,18.1,32.7,1,-1,-1,-1
410,90,239.4,201.8,27.4,56.6,1,-1,-1,-1
410,96,251.3,272.8,34.3,35.6,1,-1,-1,-1
410,110,888.3,206.6,25.0,56.7,1,-1,-1,-1
410,145,449.9,115.8,17.3,36.6,1,-1,-1,-1
410,151,592.9,179.6,16.0,30.9,1,-1,-1,-1
410,153,581.4,209.0,19.6,48.6,1,-1,-1,-1
410,159,273.3,129.1,21.6,24.9,1,-1,-1,-1
410,160,392.4,49.3,14.7,23.7,1,-1,-1,-1
410,174,227.7,88.8,14.9,31.3,1,-1,-1,-1
410,179,57.5,289.5,36.3,47.4,1,-1,-1,-1
410,180,231.2,246.3,46.8,31.8,1,-1,-1,-1
410,186,629.5,381.0,33.5,89.3,1,-1,-1,-1
410,191,762.6,245.3,25.2,55.5,1,-1,-1,-1
410,193,218.6,199.4,23.1,59.7,1,-1,-1,-1
410,196,99.1,497.9,61.9,103.6,1,-1,-1,-1
410,204,119.7,114.7,18.6,37.2,1,-1,-1,-1
410,208,178.7,51.6,15.3,26.9,1,-1,-1,-1
410,211,605.8,322.5,30.5,75.0,1,-1,-1,-1
410,217,143.1,104.3,17.2,32.1,1,-1,-1,-1
410,219,379.0,82.6,17.3,32.2,1,-1,-1,-1
410,220,568.8,333.8,37.9,79.7,1,-1,-1,-1
410,221,232.4,175.9,24.7,60.4,1,-1,-1,-1
410,224,243.9,47.4,14.2,20.8,1,-1,-1,-1
410,230,433.7,349.7,34.5,87.5,1,-1,-1,-1
410,232,87.1,130.9,21.7,36.4,1,-1,-1,-1
410,236,221.7,258.8,35.9,36.2,1,-1,-1,-1
410,251,379.3,221.6,22.3,43.7,1,-1,-1,-1
410,253,128.0,93.0,15.1,30.7,1,-1,-1,-1
410,259,73.3,137.8,23.1,47.7,1,-1,-1,-1
410,263,3.4,212.8,32.1,57.6,1,-1,-1,-1
410,266,626.9,178.3,15.0,32.4,1,-1,-1,-1
410,268,167.2,444.3,76.4,58.5,1,-1,-1,-1
410,269,201.1,118.3,19.0,24.9,1,-1,-1,-1
410,271,1148.0,210.7,25.2,53.0,1,-1,-1,-1
410,272,144.6,488.2,35.0,98.8,1,-1,-1,-1
410,273,205.6,371.5,41.0,39.6,1,-1,-1,-1
410,278,778.3,242.8,21.6,50.9,1,-1,-1,-1
410,279,706.3,300.4,34.2,77.5,1,-1,-1,-1
410,280,660.3,69.3,10.4,20.0,1,-1,-1,-1
410,283,1166.1,239.7,16.6,38.0,1,-1,-1,-1
411,2,205.2,323.5,52.3,52.8,1,-1,-1,-1
411,6,297.4,312.3,24.2,84.9,1,-1,-1,-1
411,7,332.8,330.4,38.4,95.1,1,-1,-1,-1
411,8,740.6,245.8,23.3,52.1,1,-1,-1,-1
411,12,402.7,252.8,37.9,36.3,1,-1,-1,-1
411,16,516.4,208.9,22.7,59.5,1,-1,-1,-1
411,17,940.0,299.1,36.9,41.3,1,-1,-1,-1
411,18,266.0,311.2,32.3,76.9,1,-1,-1,-1
411,21,698.4,443.6,43.5,108.6,1,-1,-1,-1
411,22,550.1,318.5,30.9,67.2,1,-1,-1,-1
411,24,961.9,220.5,22.5,56.1,1,-1,-1,-1
411,25,702.0,162.1,22.1,50.8,1,-1,-1,-1
411,53,600.9,101.7,15.4,29.4,1,-1,-1,-1
411,69,217.2,286.3,28.9,32.6,1,-1,-1,-1
411,72,581.7,92.1,17.3,33.1,1,-1,-1,-1
411,90,241.4,202.4,25.7,55.0,1,-1,-1,-1
411,96,251.8,272.7,33.8,35.1,1,-1,-1,-1
411,110,888.9,209.4,25.8,55.7,1,-1,-1,-1
411,145,452.0,116.0,17.2,36.6,1,-1,-1,-1
411,151,593.9,178.9,15.2,31.0,1,-1,-1,-1
411,153,582.1,209.4,19.9,46.7,1,-1,-1,-1
411,159,274.6,129.1,21.6,24.8,1,-1,-1,-1
411,160,394.8,48.5,14.0,23.1,1,-1,-1,-1
411,174,230.3,88.8,14.6,30.8,1,-1,-1,-1
411,179,58.0,288.5,38.1,47.8,1,-1,-1,-1
411,180,232.9,246.0,46.9,31.8,1,-1,-1,-1
411,186,630.4,380.1,32.8,90.4,1,-1,-1,-1
411,191,762.7,244.9,25.6,55.8,1,-1,-1,-1
411,193,218.6,200.3,23.4,58.9,1,-1,-1,-1
411,196,97.8,497.1,61.6,102.2,1,-1,-1,-1
411,204,121.6,111.8,18.5,39.2,1,-1,-1,-1
411,208,181.2,50.6,15.2,25.4,1,-1,-1,-1
411,211,606.8,322.2,29.5,74.1,1,-1,-1,-1
411,217,145.3,103.6,17.5,32.1,1,-1,-1,-1
411,219,380.8,82.9,17.3,32.7,1,-1,-1,-1
411,220,569.3,334.0,37.6,79.2,1,-1,-1,-1
411,221,234.0,175.4,24.6,60.5,1,-1,-1,-1
411,224,245.4,47.4,14.0,20.1,1,-1,-1,-1
411,230,433.8,353.7,35.2,83.0,1,-1,-1,-1
411,232,90.4,130.8,21.7,36.4,1,-1,-1,-1
411,236,222.7,260.1,34.6,32.2,1,-1,-1,-1
411,251,379.3,221.7,22.1,43.2,1,-1,-1,-1
411,253,130.2,92.6,15.7,31.1,1,-1,-1,-1
411,259,76.0,137.5,22.9,47.1,1,-1,-1,-1
411,263,7.0,209.9,32.3,55.5,1,-1,-1,-1
411,266,627.5,178.1,14.4,32.0,1,-1,-1,-1
411,268,167.7,442.8,74.8,58.4,1,-1,-1,-1
411,271,1145.6,212.7,23.7,50.4,1,-1,-1,-1
411,272,142.9,486.3,35.9,100.2,1,-1,-1,-1
411,273,205.7,369.6,41.9,40.4,1,-1,-1,-1
411,278,778.3,240.6,20.5,48.8,1,-1,-1,-1
411,279,706.7,300.4,33.4,76.8,1,-1,-1,-1
411,280,660.1,68.1,10.5,20.2,1,-1,-1,-1
411,283,1165.9,241.6,16.4,35.5,1,-1,-1,-1
411,284,198.0,93.9,17.3,33.5,1,-1,-1,-1
412,2,205.8,322.6,51.8,53.6,1,-1,-1,-1
412,6,297.6,311.3,24.3,84.8,1,-1,-1,-1
412,7,332.7,329.8,38.5,95.3,1,-1,-1,-1
412,8,741.0,245.4,23.6,52.3,1,-1,-1,-1
412,12,404.3,252.8,40.5,35.4,1,-1,-1,-1
412,16,517.2,208.1,22.8,60.3,1,-1,-1,-1
412,17,940.7,299.5,36.2,40.8,1,-1,-1,-1
412,18,266.8,311.5,31.4,75.1,1,-1,-1,-1
412,21,699.6,443.5,44.5,110.9,1,-1,-1,-1
412,22,547.5,317.6,31.6,66.7,1,-1,-1,-1
412,24,962.1,221.1,22.7,56.8,1,-1,-1,-1
412,25,703.6,162.5,22.8,50.6,1,-1,-1,-1
412,53,603.5,102.3,14.2,27.3,1,-1,-1,-1
412,69,217.8,284.6,29.0,33.5,1,-1,-1,-1
412,72,584.4,92.6,16.5,35.0,1,-1,-1,-1
412,90,245.2,202.5,24.4,53.2,1,-1,-1,-1
412,96,252.5,272.9,32.3,34.5,1,-1,-1,-1
412,110,889.8,209.8,27.0,54.5,1,-1,-1,-1
412,145,453.6,115.9,17.2,36.2,1,-1,-1,-1
412,151,595.5,178.5,14.4,31.1,1,-1,-1,-1
412,153,585.1,222.8,17.9,39.4,1,-1,-1,-1
412,159,277.5,128.9,20.9,24.6,1,-1,-1,-1
412,160,398.8,48.9,13.9,22.9,1,-1,-1,-1
412,174,233.1,88.4,14.6,30.4,1,-1,-1,-1
412,179,59.3,287.5,37.7,47.2,1,-1,-1,-1
412,180,236.6,245.4,44.8,31.6,1,-1,-1,-1
412,186,633.4,378.1,35.8,92.3,1,-1,-1,-1
412,191,763.4,244.6,25.4,55.8,1,-1,-1,-1
412,193,220.7,200.5,23.3,58.1,1,-1,-1,-1
412,196,96.2,496.0,61.9,102.1,1,-1,-1,-1
412,204,122.9,110.2,18.5,40.0,1,-1,-1,-1
412,208,184.8,51.4,16.0,26.8,1,-1,-1,-1
412,211,607.4,321.3,29.6,75.2,1,-1,-1,-1
412,217,148.4,104.0,16.8,31.7,1,-1,-1,-1
412,219,385.0,83.5,18.5,33.1,1,-1,-1,-1
412,220,569.5,333.8,37.6,79.5,1,-1,-1,-1
412,221,237.6,172.8,21.2,53.6,1,-1,-1,-1
412,224,247.1,46.7,13.6,20.3,1,-1,-1,-1
412,230,433.5,356.0,35.3,81.3,1,-1,-1,-1
412,232,93.8,130.9,21.1,37.4,1,-1,-1,-1
412,236,226.2,260.9,31.8,30.8,1,-1,-1,-1
412,251,380.0,221.2,21.9,42.9,1,-1,-1,-1
412,253,133.0,92.4,15.6,30.6,1,-1,-1,-1
412,259,79.2,136.5,23.4,47.2,1,-1,-1,-1
412,263,10.1,209.3,32.1,55.8,1,-1,-1,-1
412,266,627.3,177.8,14.5,31.4,1,-1,-1,-1
412,268,166.8,440.9,74.9,59.5,1,-1,-1,-1
412,271,1145.1,213.1,21.6,44.8,1,-1,-1,-1
412,272,141.3,483.3,36.5,102.2,1,-1,-1,-1
412,273,212.2,378.4,47.4,47.3,1,-1,-1,-1
412,278,779.2,240.2,20.1,47.6,1,-1,-1,-1
412,279,712.6,297.4,30.8,78.1,1,-1,-1,-1
412,283,1167.1,242.1,16.3,33.2,1,-1,-1,-1
412,284,200.6,93.8,16.6,32.5,1,-1,-1,-1
413,2,206.5,322.2,51.4,53.8,1,-1,-1,-1
413,6,297.7,310.9,24.2,84.4,1,-1,-1,-1
413,7,332.2,329.6,38.6,95.6,1,-1,-1,-1
413,8,741.6,245.9,23.9,52.0,1,-1,-1,-1
413,12,404.1,252.5,41.1,35.9,1,-1,-1,-1
413,16,517.7,208.0,22.9,61.1,1,-1,-1,-1
413,17,941.4,299.7,35.7,40.8,1,-1,-1,-1
413,18,267.2,311.7,31.2,74.5,1,-1,-1,-1
413,21,701.3,446.4,45.9,108.2,1,-1,-1,-1
413,22,545.7,317.5,32.1,66.4,1,-1,-1,-1
413,24,963.1,221.2,22.5,56.9,1,-1,-1,-1
413,25,704.5,162.3,22.4,51.0,1,-1,-1,-1
413,53,604.7,103.6,14.4,26.6,1,-1,-1,-1
413,69,218.4,283.0,28.6,34.2,1,-1,-1,-1
413,72,586.5,91.7,15.7,34.8,1,-1,-1,-1
413,90,245.7,203.8,24.1,53.1,1,-1,-1,-1
413,96,254.2,272.8,29.6,33.2,1,-1,-1,-1
413,110,893.0,208.8,25.7,55.5,1,-1,-1,-1
413,145,455.5,116.0,16.8,35.9,1,-1,-1,-1
413,151,596.6,177.0,14.4,30.2,1,-1,-1,-1
413,153,587.7,236.5,17.4,36.2,1,-1,-1,-1
413,159,279.4,128.9,21.0,25.6,1,-1,-1,-1
413,160,400.2,48.7,14.3,23.3,1,-1,-1,-1
413,174,235.6,88.4,14.9,30.6,1,-1,-1,-1
413,179,60.9,287.2,37.0,46.2,1,-1,-1,-1
413,180,239.3,243.2,45.4,35.2,1,-1,-1,-1
413,186,633.1,378.2,39.8,94.3,1,-1,-1,-1
413,191,765.0,244.9,24.3,55.2,1,-1,-1,-1
413,193,221.5,200.4,23.1,58.9,1,-1,-1,-1
413,196,95.2,494.5,62.0,102.9,1,-1,-1,-1
413,204,124.4,114.0,19.2,36.7,1,-1,-1,-1
413,208,187.5,50.3,15.7,26.3,1,-1,-1,-1
413,211,605.8,322.1,31.9,75.0,1,-1,-1,-1
413,217,150.8,104.2,16.3,31.6,1,-1,-1,-1
413,219,387.3,83.4,18.9,33.4,1,-1,-1,-1
413,220,569.5,334.0,37.7,79.7,1,-1,-1,-1
413,221,240.3,173.4,19.1,46.5,1,-1,-1,-1
413,224,249.3,46.9,13.7,21.3,1,-1,-1,-1
413,230,432.2,355.9,35.9,79.3,1,-1,-1,-1
413,232,96.1,130.5,20.2,36.7,1,-1,-1,-1
413,236,228.2,261.1,29.3,30.1,1,-1,-1,-1
413,251,380.7,220.4,21.1,42.8,1,-1,-1,-1
413,253,134.6,92.1,14.9,30.1,1,-1,-1,-1
413,259,82.4,136.0,22.6,47.2,1,-1,-1,-1
413,263,14.3,208.8,30.1,54.9,1,-1,-1,-1
413,266,627.0,178.0,14.3,30.4,1,-1,-1,-1
413,268,166.5,441.9,75.1,56.6,1,-1,-1,-1
413,271,1145.9,213.4,19.5,40.0,1,-1,-1,-1
413,272,140.4,483.4,36.4,101.7,1,-1,-1,-1
413,273,213.8,379.0,48.2,50.1,1,-1,-1,-1
413,277,1143.6,228.1,8.4,41.4,1,-1,-1,-1
413,278,779.7,241.3,20.5,48.4,1,-1,-1,-1
413,279,714.4,297.5,29.7,78.1,1,-1,-1,-1
413,284,202.9,93.3,17.9,33.3,1,-1,-1,-1
413,285,666.2,68.7,10.9,19.9,1,-1,-1,-1
414,2,206.8,321.6,50.9,53.9,1,-1,-1,-1
414,6,297.7,310.7,24.2,84.5,1,-1,-1,-1
414,7,331.7,329.4,38.1,95.3,1,-1,-1,-1
414,8,741.8,245.8,24.3,51.7,1,-1,-1,-1
414,12,404.6,252.6,42.8,35.2,1,-1,-1,-1
414,16,518.1,207.6,22.6,61.0,1,-1,-1,-1
414,17,941.8,299.4,35.7,41.0,1,-1,-1,-1
414,18,267.1,309.5,32.0,75.2,1,-1,-1,-1
414,21,701.9,446.1,48.0,109.2,1,-1,-1,-1
414,22,544.3,318.4,32.7,69.3,1,-1,-1,-1
414,24,963.9,220.4,22.1,56.1,1,-1,-1,-1
414,25,705.0,161.4,22.1,51.6,1,-1,-1,-1
414,53,605.5,104.0,14.2,26.5,1,-1,-1,-1
414,69,219.3,282.2,28.3,34.2,1,-1,-1,-1
414,72,588.2,91.4,15.3,34.9,1,-1,-1,-1
414,90,245.8,203.4,25.6,54.4,1,-1,-1,-1
414,96,254.6,273.1,28.8,32.4,1,-1,-1,-1
414,110,895.1,210.3,25.3,56.1,1,-1,-1,-1
414,145,457.4,116.0,16.5,35.5,1,-1,-1,-1
414,151,597.3,175.3,14.4,28.8,1,-1,-1,-1
414,159,281.3,129.0,21.2,25.3,1,-1,-1,-1
414,160,401.0,49.1,14.7,22.9,1,-1,-1,-1
414,174,238.2,88.4,14.8,30.4,1,-1,-1,-1
414,179,62.9,287.7,35.5,47.6,1,-1,-1,-1
414,180,238.7,243.4,45.2,34.5,1,-1,-1,-1
414,186,633.5,377.8,41.2,96.1,1,-1,-1,-1
414,191,765.8,245.3,23.3,53.9,1,-1,-1,-1
414,193,223.2,198.2,21.9,59.7,1,-1,-1,-1
414,196,94.3,492.0,62.2,104.7,1,-1,-1,-1
414,204,126.7,115.9,18.8,34.9,1,-1,-1,-1
414,208,189.5,50.3,15.6,27.4,1,-1,-1,-1
414,211,605.4,322.1,33.3,75.7,1,-1,-1,-1
414,217,153.3,103.6,16.4,31.7,1,-1,-1,-1
414,219,389.4,82.3,17.8,32.3,1,-1,-1,-1
414,220,569.9,334.3,37.8,80.0,1,-1,-1,-1
414,221,242.7,175.0,18.6,44.6,1,-1,-1,-1
414,224,251.7,47.2,12.7,23.0,1,-1,-1,-1
414,230,428.7,355.3,38.3,78.1,1,-1,-1,-1
414,232,97.7,129.8,19.6,36.3,1,-1,-1,-1
414,236,228.8,260.8,30.8,28.7,1,-1,-1,-1
414,251,380.6,219.7,20.8,42.5,1,-1,-1,-1
414,253,137.0,92.4,14.8,29.4,1,-1,-1,-1
414,259,84.7,135.3,22.3,46.4,1,-1,-1,-1
414,263,19.0,208.5,28.0,54.6,1,-1,-1,-1
414,266,626.7,177.0,14.4,30.3,1,-1,-1,-1
414,268,165.8,441.0,76.3,56.0,1,-1,-1,-1
414,271,1146.9,214.6,19.0,36.7,1,-1,-1,-1
414,272,139.0,481.3,36.7,100.9,1,-1,-1,-1
414,273,216.4,381.2,50.0,53.1,1,-1,-1,-1
414,277,1140.5,223.6,11.0,45.2,1,-1,-1,-1
414,278,780.8,242.1,20.2,47.9,1,-1,-1,-1
414,279,715.3,299.6,29.3,76.6,1,-1,-1,-1
414,284,206.8,93.5,17.4,31.9,1,-1,-1,-1
414,285,669.1,69.1,10.3,19.9,1,-1,-1,-1
414,286,588.7,228.1,14.7,31.1,1,-1,-1,-1
414,287,38.3,67.4,12.2,24.9,1,-1,-1,-1
415,2,207.2,321.3,50.9,54.1,1,-1,-1,-1
415,6,297.6,310.6,24.3,84.5,1,-1,-1,-1
415,7,331.1,329.1,37.3,95.2,1,-1,-1,-1
415,8,742.1,246.4,23.8,51.3,1,-1,-1,-1
415,12,404.5,252.3,40.2,34.6,1,-1,-1,-1
415,16,518.8,207.6,22.4,61.0,1,-1,-1,-1
415,17,941.5,299.5,36.3,41.4,1,-1,-1,-1
415,18,266.6,308.4,32.8,76.3,1,-1,-1,-1
415,21,706.4,458.7,43.3,100.5,1,-1,-1,-1
415,22,542.8,317.0,34.3,68.5,1,-1,-1,-1
415,24,964.4,220.5,21.7,55.0,1,-1,-1,-1
415,25,706.0,161.7,22.0,51.5,1,-1,-1,-1
415,53,607.2,103.5,13.9,27.2,1,-1,-1,-1
415,69,220.4,283.3,29.1,33.3,1,-1,-1,-1
415,72,590.8,91.1,16.4,34.0,1,-1,-1,-1
415,90,248.0,202.1,25.9,55.0,1,-1,-1,-1
415,96,255.4,272.6,29.5,32.9,1,-1,-1,-1
415,110,896.5,212.5,25.3,55.5,1,-1,-1,-1
415,145,458.6,116.2,16.6,35.7,1,-1,-1,-1
415,151,598.2,172.9,14.2,28.1,1,-1,-1,-1
415,159,283.0,128.6,21.3,24.7,1,-1,-1,-1
415,160,401.8,48.4,15.3,24.0,1,-1,-1,-1
415,174,240.3,88.5,15.3,30.8,1,-1,-1,-1
415,179,63.6,286.9,35.2,49.2,1,-1,-1,-1
415,180,239.3,242.2,44.7,34.5,1,-1,-1,-1
415,186,635.5,384.4,40.3,89.9,1,-1,-1,-1
415,191,766.5,246.0,22.6,53.1,1,-1,-1,-1
415,193,226.1,199.5,21.8,58.7,1,-1,-1,-1
415,196,92.7,491.0,62.3,105.3,1,-1,-1,-1
415,204,128.7,111.4,18.4,37.8,1,-1,-1,-1
415,208,192.5,49.7,15.6,26.8,1,-1,-1,-1
415,211,605.6,322.0,33.4,75.3,1,-1,-1,-1
415,217,154.5,103.0,16.8,31.3,1,-1,-1,-1
415,219,392.6,82.0,17.6,31.1,1,-1,-1,-1
415,220,570.2,334.8,37.6,79.9,1,-1,-1,-1
415,221,242.1,175.6,22.7,55.4,1,-1,-1,-1
415,224,254.1,46.5,13.3,23.3,1,-1,-1,-1
415,230,424.8,357.0,41.0,76.8,1,-1,-1,-1
415,232,99.6,129.8,19.5,35.8,1,-1,-1,-1
415,236,231.9,260.2,33.4,29.2,1,-1,-1,-1
415,251,381.1,218.2,20.5,42.4,1,-1,-1,-1
415,253,140.8,93.0,15.0,28.7,1,-1,-1,-1
415,259,87.5,134.9,21.4,45.8,1,-1,-1,-1
415,263,22.5,206.3,26.5,56.1,1,-1,-1,-1
415,266,627.1,176.4,14.3,30.8,1,-1,-1,-1
415,268,166.1,439.8,77.0,56.4,1,-1,-1,-1
415,271,1147.2,214.9,23.0,44.5,1,-1,-1,-1
415,272,137.0,480.1,37.9,101.4,1,-1,-1,-1
415,277,1139.5,232.2,12.1,39.7,1,-1,-1,-1
415,278,781.3,242.5,20.3,47.7,1,-1,-1,-1
415,279,716.1,300.5,29.3,76.3,1,-1,-1,-1
415,284,207.8,93.1,17.8,32.3,1,-1,-1,-1
415,285,670.7,69.2,10.3,20.0,1,-1,-1,-1
415,286,594.7,250.4,8.3,12.4,1,-1,-1,-1
415,287,40.7,65.7,14.8,26.8,1,-1,-1,-1
415,288,206.4,363.5,47.0,46.5,1,-1,-1,-1
415,289,1167.8,225.9,17.4,39.1,1,-1,-1,-1
416,2,207.6,320.7,50.9,54.0,1,-1,-1,-1
416,6,297.4,310.0,24.5,84.3,1,-1,-1,-1
416,7,332.0,331.5,32.2,89.1,1,-1,-1,-1
416,8,741.1,246.9,23.7,50.1,1,-1,-1,-1
416,12,404.8,252.0,40.6,34.8,1,-1,-1,-1
416,16,519.7,207.4,22.3,60.4,1,-1,-1,-1
416,17,942.1,299.4,36.8,41.7,1,-1,-1,-1
416,18,267.4,310.3,31.7,74.4,1,-1,-1,-1
416,21,707.7,462.2,41.3,96.2,1,-1,-1,-1
416,22,540.7,317.3,34.1,67.1,1,-1,-1,-1
416,24,964.5,220.6,21.4,54.2,1,-1,-1,-1
416,25,707.2,161.9,21.4,51.3,1,-1,-1,-1
416,53,610.7,104.1,12.9,26.6,1,-1,-1,-1
416,69,221.1,283.0,29.3,33.3,1,-1,-1,-1
416,72,591.8,89.7,16.8,34.0,1,-1,-1,-1
416,90,249.6,201.5,25.0,53.8,1,-1,-1,-1
416,96,255.9,272.1,30.4,33.3,1,-1,-1,-1
416,110,898.2,212.6,24.5,55.2,1,-1,-1,-1
416,145,459.6,116.1,16.3,35.6,1,-1,-1,-1
416,159,285.1,128.3,21.5,24.2,1,-1,-1,-1
416,160,403.0,48.6,15.1,24.8,1,-1,-1,-1
416,174,243.2,88.3,15.1,30.6,1,-1,-1,-1
416,179,64.8,285.8,35.0,49.8,1,-1,-1,-1
416,180,239.6,242.1,47.3,34.8,1,-1,-1,-1
416,186,636.1,379.6,39.3,93.4,1,-1,-1,-1
416,191,767.6,246.3,22.0,52.8,1,-1,-1,-1
416,193,226.8,199.9,22.3,58.4,1,-1,-1,-1
416,196,90.8,490.7,63.8,104.9,1,-1,-1,-1
416,204,130.9,109.7,18.8,39.8,1,-1,-1,-1
416,208,196.1,49.6,15.9,26.1,1,-1,-1,-1
416,211,606.0,322.2,33.0,76.1,1,-1,-1,-1
416,217,157.6,103.0,16.5,31.3,1,-1,-1,-1
416,219,396.6,82.2,17.5,30.9,1,-1,-1,-1
416,220,570.1,335.6,38.0,80.0,1,-1,-1,-1
416,221,244.1,173.3,20.8,50.8,1,-1,-1,-1
416,224,255.2,45.8,13.6,23.0,1,-1,-1,-1
416,230,421.5,357.8,39.0,77.1,1,-1,-1,-1
416,232,102.2,129.6,20.5,36.9,1,-1,-1,-1
416,236,230.5,260.3,33.9,28.8,1,-1,-1,-1
416,251,381.7,216.0,20.8,43.3,1,-1,-1,-1
416,253,143.3,93.2,15.5,28.7,1,-1,-1,-1
416,259,89.8,134.9,21.3,45.8,1,-1,-1,-1
416,263,24.5,205.0,25.9,56.0,1,-1,-1,-1
416,266,627.3,175.2,14.2,31.4,1,-1,-1,-1
416,268,163.0,438.4,80.8,57.4,1,-1,-1,-1
416,271,1146.3,214.1,24.7,47.2,1,-1,-1,-1
416,272,140.2,481.7,37.1,97.9,1,-1,-1,-1
416,277,1139.6,237.6,12.5,35.2,1,-1,-1,-1
416,278,782.0,242.8,21.2,49.8,1,-1,-1,-1
416,279,716.3,300.3,29.3,77.8,1,-1,-1,-1
416,284,209.0,92.8,17.9,34.2,1,-1,-1,-1
416,285,671.9,69.2,10.8,19.9,1,-1,-1,-1
416,287,42.7,67.7,14.5,26.0,1,-1,-1,-1
416,288,207.1,363.3,45.9,46.0,1,-1,-1,-1
416,289,1167.5,223.2,21.3,43.5,1,-1,-1,-1
416,290,590.6,227.9,15.4,31.4,1,-1,-1,-1
417,2,208.3,320.2,50.8,54.0,1,-1,-1,-1
417,6,297.8,309.4,24.4,83.3,1,-1,-1,-1
417,7,332.8,332.5,29.6,86.3,1,-1,-1,-1
417,8,742.3,244.6,22.2,52.3,1,-1,-1,-1
417,12,406.0,251.8,40.5,34.6,1,-1,-1,-1
417,16,521.3,207.5,22.1,60.3,1,-1,-1,-1
417,17,942.4,299.4,36.9,41.5,1,-1,-1,-1
417,18,267.5,309.2,31.5,75.3,1,-1,-1,-1
417,21,705.7,449.9,45.7,106.3,1,-1,-1,-1
417,22,539.6,319.0,34.5,68.8,1,-1,-1,-1
417,24,964.8,219.6,21.9,55.2,1,-1,-1,-1
417,25,708.6,161.4,21.4,52.1,1,-1,-1,-1
417,53,613.2,105.0,12.2,25.5,1,-1,-1,-1
417,69,222.8,280.9,28.4,34.1,1,-1,-1,-1
417,72,593.1,91.2,16.2,33.8,1,-1,-1,-1
417,90,250.7,201.3,24.7,55.1,1,-1,-1,-1
417,96,256.8,271.9,30.6,33.1,1,-1,-1,-1
417,110,899.2,211.7,24.5,56.2,1,-1,-1,-1
417,145,461.6,112.1,16.9,38.8,1,-1,-1,-1
417,159,286.6,128.0,21.6,23.9,1,-1,-1,-1
417,160,405.7,47.7,14.1,24.4,1,-1,-1,-1
417,174,246.0,88.2,15.2,30.5,1,-1,-1,-1
417,179,65.7,284.8,35.5,50.0,1,-1,-1,-1
417,180,241.3,243.4,48.0,34.4,1,-1,-1,-1
417,186,639.7,382.0,35.5,89.9,1,-1,-1,-1
417,191,768.7,245.8,22.1,53.2,1,-1,-1,-1
417,193,226.1,199.3,23.3,58.3,1,-1,-1,-1
417,196,90.1,490.0,64.3,104.5,1,-1,-1,-1
417,204,133.1,113.6,18.3,36.8,1,-1,-1,-1
417,208,198.7,49.6,16.1,26.8,1,-1,-1,-1
417,211,609.2,322.4,31.0,74.3,1,-1,-1,-1
417,217,160.5,102.8,16.5,32.1,1,-1,-1,-1
417,219,398.8,82.3,17.7,31.1,1,-1,-1,-1
417,220,570.0,336.4,37.8,79.6,1,-1,-1,-1
417,221,246.6,172.8,19.6,47.7,1,-1,-1,-1
417,224,256.8,45.1,13.6,22.4,1,-1,-1,-1
417,230,421.3,359.3,38.3,79.9,1,-1,-1,-1
417,232,104.7,129.9,20.5,40.9,1,-1,-1,-1
417,236,229.5,260.5,34.6,28.4,1,-1,-1,-1
417,251,381.6,213.1,21.1,46.2,1,-1,-1,-1
417,253,145.8,93.1,14.9,28.6,1,-1,-1,-1
417,259,92.8,134.6,20.8,44.6,1,-1,-1,-1
417,263,27.9,203.0,25.8,58.0,1,-1,-1,-1
417,266,627.2,174.1,14.7,32.7,1,-1,-1,-1
417,268,162.3,437.0,80.8,58.3,1,-1,-1,-1
417,271,1145.6,213.6,24.9,48.8,1,-1,-1,-1
417,272,141.0,483.7,35.6,95.5,1,-1,-1,-1
417,277,1139.9,239.4,12.4,33.1,1,-1,-1,-1
417,278,782.3,242.3,21.7,51.1,1,-1,-1,-1
417,279,717.3,300.0,29.9,78.9,1,-1,-1,-1
417,284,211.2,92.0,18.3,35.2,1,-1,-1,-1
417,285,675.1,68.6,10.4,19.8,1,-1,-1,-1
417,287,45.3,66.7,13.5,25.7,1,-1,-1,-1
417,288,208.7,363.5,45.1,43.5,1,-1,-1,-1
417,289,1166.5,223.1,22.7,44.6,1,-1,-1,-1
417,290,591.1,228.6,15.6,30.9,1,-1,-1,-1
417,291,582.0,209.4,18.5,38.9,1,-1,-1,-1
418,2,209.1,319.5,50.4,54.0,1,-1,-1,-1
418,6,297.9,308.8,24.3,83.1,1,-1,-1,-1
418,7,333.3,332.7,29.0,85.7,1,-1,-1,-1
418,8,744.1,243.6,21.6,54.0,1,-1,-1,-1
418,12,407.7,251.7,40.4,34.5,1,-1,-1,-1
418,16,522.7,207.4,22.5,60.5,1,-1,-1,-1
418,17,942.1,299.3,36.1,41.5,1,-1,-1,-1
418,18,268.3,307.1,30.9,75.9,1,-1,-1,-1
418,21,711.9,450.9,43.2,107.3,1,-1,-1,-1
418,22,538.7,319.5,34.2,68.0,1,-1,-1,-1
418,24,966.8,218.3,23.8,60.4,1,-1,-1,-1
418,25,710.4,161.5,21.9,51.8,1,-1,-1,-1
418,53,614.8,105.6,12.1,25.1,1,-1,-1,-1
418,69,223.9,281.4,27.5,33.9,1,-1,-1,-1
418,72,595.4,92.3,15.4,35.1,1,-1,-1,-1
418,90,250.3,201.8,26.8,55.7,1,-1,-1,-1
418,96,257.1,271.5,30.5,32.8,1,-1,-1,-1
418,110,900.1,210.9,24.3,57.2,1,-1,-1,-1
418,145,463.2,114.3,17.3,37.2,1,-1,-1,-1
418,159,288.7,127.8,21.7,23.9,1,-1,-1,-1
418,160,409.8,48.7,14.1,24.5,1,-1,-1,-1
418,174,249.1,87.6,15.2,30.8,1,-1,-1,-1
418,179,65.9,284.5,35.6,48.4,1,-1,-1,-1
418,180,254.9,243.3,38.2,37.9,1,-1,-1,-1
418,186,644.1,384.8,31.4,87.2,1,-1,-1,-1
418,191,769.5,244.8,23.0,54.3,1,-1,-1,-1
418,193,227.6,198.9,23.7,57.6,1,-1,-1,-1
418,196,87.7,487.6,65.5,105.1,1,-1,-1,-1
418,204,135.1,110.3,19.2,38.8,1,-1,-1,-1
418,208,200.8,49.5,16.1,27.0,1,-1,-1,-1
418,211,608.4,323.2,31.9,75.5,1,-1,-1,-1
418,217,163.6,102.7,16.6,32.3,1,-1,-1,-1
418,219,400.3,82.3,17.8,30.5,1,-1,-1,-1
418,220,570.2,338.1,36.6,77.7,1,-1,-1,-1
418,221,248.5,173.4,18.6,47.6,1,-1,-1,-1
418,224,259.4,44.8,13.3,21.9,1,-1,-1,-1
418,230,421.6,359.5,36.6,80.4,1,-1,-1,-1
418,232,106.0,128.0,21.0,40.0,1,-1,-1,-1
418,251,380.9,209.9,21.7,49.2,1,-1,-1,-1
418,253,148.1,93.0,14.7,28.5,1,-1,-1,-1
418,259,95.6,133.7,20.0,43.9,1,-1,-1,-1
418,263,31.4,202.9,25.0,58.5,1,-1,-1,-1
418,266,627.7,173.7,15.7,33.2,1,-1,-1,-1
418,268,184.5,439.1,62.2,57.5,1,-1,-1,-1
418,271,1145.0,214.0,21.8,44.3,1,-1,-1,-1
418,272,139.8,482.4,35.2,95.7,1,-1,-1,-1
418,277,1140.7,233.9,11.7,35.8,1,-1,-1,-1
418,278,783.2,241.9,21.8,51.0,1,-1,-1,-1
418,279,717.9,300.3,30.9,77.8,1,-1,-1,-1
418,284,214.1,91.8,18.6,35.1,1,-1,-1,-1
418,285,677.6,68.2,10.1,18.7,1,-1,-1,-1
418,287,45.9,65.2,13.4,26.5,1,-1,-1,-1
418,288,208.4,362.5,45.7,43.9,1,-1,-1,-1
418,289,1166.0,223.6,22.7,43.5,1,-1,-1,-1
418,290,591.1,227.7,15.8,31.1,1,-1,-1,-1
418,291,582.2,209.1,18.7,38.0,1,-1,-1,-1
419,2,210.3,318.7,49.6,53.4,1,-1,-1,-1
419,6,298.3,308.1,24.0,82.2,1,-1,-1,-1
419,7,333.8,332.4,28.7,85.9,1,-1,-1,-1
419,8,745.1,243.4,21.9,54.8,1,-1,-1,-1
419,12,408.6,251.5,40.4,34.3,1,-1,-1,-1
419,16,523.6,207.6,22.5,60.1,1,-1,-1,-1
419,17,943.6,299.1,36.3,41.9,1,-1,-1,-1
419,18,269.1,307.7,30.8,74.3,1,-1,-1,-1
419,21,711.1,448.9,48.5,118.0,1,-1,-1,-1
419,22,537.9,319.4,34.7,69.5,1,-1,-1,-1
419,24,968.0,220.1,25.0,63.0,1,-1,-1,-1
419,25,712.3,162.0,22.2,50.8,1,-1,-1,-1
419,53,615.5,104.1,14.1,26.5,1,-1,-1,-1
419,69,224.9,280.0,28.2,34.6,1,-1,-1,-1
419,72,597.5,90.5,16.8,34.0,1,-1,-1,-1
419,90,253.6,201.4,25.1,53.3,1,-1,-1,-1
419,96,261.0,270.8,34.7,38.1,1,-1,-1,-1
419,110,902.0,212.3,24.5,57.2,1,-1,-1,-1
419,145,465.1,111.3,17.2,39.5,1,-1,-1,-1
419,159,291.4,127.7,21.6,23.8,1,-1,-1,-1
419,160,411.8,48.6,14.3,24.6,1,-1,-1,-1
419,174,252.0,87.1,15.3,31.3,1,-1,-1,-1
419,179,67.3,284.1,35.7,49.4,1,-1,-1,-1
419,180,261.0,244.4,33.3,37.6,1,-1,-1,-1
419,186,646.0,380.0,34.6,91.7,1,-1,-1,-1
419,191,770.3,244.3,23.4,55.0,1,-1,-1,-1
419,193,229.7,198.5,23.6,57.4,1,-1,-1,-1
419,196,86.8,486.6,67.2,105.2,1,-1,-1,-1
419,204,137.8,109.1,19.2,39.7,1,-1,-1,-1
419,208,204.3,49.0,16.0,26.9,1,-1,-1,-1
419,211,610.8,325.3,29.9,74.3,1,-1,-1,-1
419,217,165.7,102.6,16.6,31.4,1,-1,-1,-1
419,219,403.4,82.3,17.7,30.9,1,-1,-1,-1
419,220,570.2,339.9,36.0,76.4,1,-1,-1,-1
419,221,250.8,173.7,18.0,46.0,1,-1,-1,-1
419,224,262.6,45.0,12.1,22.4,1,-1,-1,-1
419,230,422.5,360.6,35.4,83.1,1,-1,-1,-1
419,232,110.3,129.4,20.7,38.1,1,-1,-1,-1
419,236,238.8,252.2,32.4,29.0,1,-1,-1,-1
419,251,381.5,208.5,21.5,50.0,1,-1,-1,-1
419,253,152.0,93.1,15.2,27.8,1,-1,-1,-1
419,259,97.0,131.5,21.8,45.4,1,-1,-1,-1
419,263,34.9,203.5,25.1,57.0,1,-1,-1,-1
419,266,628.8,175.7,16.2,32.3,1,-1,-1,-1
419,268,206.3,441.8,53.5,57.4,1,-1,-1,-1
419,271,1142.6,211.9,20.9,43.3,1,-1,-1,-1
419,272,138.3,480.0,35.8,95.4,1,-1,-1,-1
419,277,1142.7,231.9,10.2,37.2,1,-1,-1,-1
419,278,784.1,242.0,22.2,51.2,1,-1,-1,-1
419,279,717.0,301.6,29.2,77.6,1,-1,-1,-1
419,284,217.8,91.8,18.4,35.0,1,-1,-1,-1
419,285,680.6,67.9,9.7,18.2,1,-1,-1,-1
419,287,50.0,65.2,13.4,25.6,1,-1,-1,-1
419,288,208.4,361.8,46.1,44.1,1,-1,-1,-1
419,289,1167.1,224.0,22.5,44.3,1,-1,-1,-1
419,290,593.6,227.8,15.4,30.4,1,-1,-1,-1
419,292,178.6,420.6,48.0,45.2,1,-1,-1,-1
420,2,211.3,318.7,48.4,52.0,1,-1,-1,-1
420,6,299.1,308.2,23.9,81.2,1,-1,-1,-1
420,7,331.0,327.8,33.0,89.9,1,-1,-1,-1
420,8,745.9,243.7,22.0,54.9,1,-1,-1,-1
420,12,410.8,251.0,39.2,34.5,1,-1,-1,-1
420,16,524.7,206.4,22.2,59.3,1,-1,-1,-1
420,17,945.6,299.5,35.7,42.6,1,-1,-1,-1
420,18,269.6,309.4,30.8,72.0,1,-1,-1,-1
420,21,711.2,448.0,51.3,122.1,1,-1,-1,-1
420,22,536.4,320.2,36.2,70.2,1,-1,-1,-1
420,24,968.2,221.8,25.0,63.3,1,-1,-1,-1
420,25,714.2,162.1,22.3,50.5,1,-1,-1,-1
420,53,617.7,102.6,14.6,28.7,1,-1,-1,-1
420,69,225.5,278.1,29.0,35.9,1,-1,-1,-1
420,72,599.4,89.8,17.8,34.1,1,-1,-1,-1
420,90,256.6,202.4,23.9,51.5,1,-1,-1,-1
420,96,259.3,267.2,35.9,38.7,1,-1,-1,-1
420,110,904.0,214.1,24.7,58.4,1,-1,-1,-1
420,145,467.3,109.8,17.5,40.8,1,-1,-1,-1
420,159,295.4,127.7,20.9,23.5,1,-1,-1,-1
420,160,413.6,48.2,14.8,23.8,1,-1,-1,-1
420,174,255.4,86.9,15.6,31.5,1,-1,-1,-1
420,179,68.9,283.0,35.1,49.7,1,-1,-1,-1
420,180,258.6,238.8,36.1,37.6,1,-1,-1,-1
420,186,646.2,378.8,37.2,96.4,1,-1,-1,-1
420,191,771.1,244.0,23.7,55.3,1,-1,-1,-1
420,193,231.8,198.6,23.7,57.8,1,-1,-1,-1
420,196,86.3,486.1,68.4,104.3,1,-1,-1,-1
420,204,140.4,108.0,19.7,40.1,1,-1,-1,-1
420,208,209.0,48.9,16.0,26.9,1,-1,-1,-1
420,211,611.4,326.5,30.3,71.9,1,-1,-1,-1
420,217,168.8,101.6,16.5,31.8,1,-1,-1,-1
420,219,407.7,81.9,17.7,31.1,1,-1,-1,-1
420,220,570.3,340.2,35.5,75.9,1,-1,-1,-1
420,221,251.4,174.3,21.7,53.2,1,-1,-1,-1
420,224,265.6,45.4,13.2,22.5,1,-1,-1,-1
420,230,422.9,362.2,34.8,83.2,1,-1,-1,-1
420,232,113.3,128.2,21.1,34.3,1,-1,-1,-1
420,236,240.0,252.9,33.7,29.5,1,-1,-1,-1
420,251,380.9,207.7,21.8,50.4,1,-1,-1,-1
420,253,156.2,93.5,14.8,27.7,1,-1,-1,-1
420,259,99.5,130.6,22.3,46.0,1,-1,-1,-1
420,263,37.0,200.2,25.2,57.6,1,-1,-1,-1
420,266,630.2,177.7,16.6,32.2,1,-1,-1,-1
420,272,136.1,476.8,35.8,94.7,1,-1,-1,-1
420,277,1144.4,228.5,9.6,37.5,1,-1,-1,-1
420,278,785.5,242.2,21.8,51.8,1,-1,-1,-1
420,279,717.6,301.6,29.4,77.6,1,-1,-1,-1
420,284,220.0,92.0,18.0,35.6,1,-1,-1,-1
420,285,682.1,68.9,10.2,18.3,1,-1,-1,-1
420,287,52.7,65.6,14.0,25.4,1,-1,-1,-1
420,288,209.5,361.1,46.3,44.4,1,-1,-1,-1
420,289,1168.3,224.1,21.9,42.9,1,-1,-1,-1
420,290,595.3,228.4,15.2,30.2,1,-1,-1,-1
420,291,584.2,209.3,19.1,42.5,1,-1,-1,-1
420,292,178.8,419.9,47.3,45.7,1,-1,-1,-1
421,2,216.3,320.6,46.5,50.0,1,-1,-1,-1
421,6,300.0,307.7,24.2,80.7,1,-1,-1,-1
421,7,331.2,324.7,34.0,93.0,1,-1,-1,-1
421,8,747.8,243.9,22.2,54.1,1,-1,-1,-1
421,12,412.9,250.0,38.8,34.7,1,-1,-1,-1
421,16,525.8,206.3,22.3,58.9,1,-1,-1,-1
421,17,947.5,299.5,35.2,43.1,1,-1,-1,-1
421,18,270.3,308.1,31.6,72.9,1,-1,-1,-1
421,21,711.5,449.9,53.1,122.3,1,-1,-1,-1
421,22,535.8,320.3,37.0,71.1,1,-1,-1,-1
421,24,969.6,221.1,25.0,63.0,1,-1,-1,-1
421,25,715.5,161.7,22.2,50.9,1,-1,-1,-1
421,53,621.3,103.7,13.6,26.5,1,-1,-1,-1
421,69,227.4,279.2,29.0,34.6,1,-1,-1,-1
421,72,602.0,90.1,18.2,33.5,1,-1,-1,-1
421,90,257.5,202.4,24.5,50.3,1,-1,-1,-1
421,96,260.0,267.0,35.5,37.9,1,-1,-1,-1
421,110,905.7,212.9,24.1,57.3,1,-1,-1,-1
421,145,469.2,109.4,17.9,41.7,1,-1,-1,-1
421,159,297.3,127.5,20.9,23.8,1,-1,-1,-1
421,160,415.6,48.8,14.4,24.6,1,-1,-1,-1
421,174,259.1,86.6,15.5,31.9,1,-1,-1,-1
421,179,71.6,282.4,34.6,48.0,1,-1,-1,-1
421,180,251.7,239.5,41.1,35.4,1,-1,-1,-1
421,186,646.4,378.1,39.0,99.0,1,-1,-1,-1
421,191,772.0,244.2,23.3,54.4,1,-1,-1,-1
421,193,234.4,196.7,23.4,59.6,1,-1,-1,-1
421,196,86.7,485.8,68.9,103.6,1,-1,-1,-1
421,204,143.4,107.9,19.1,39.8,1,-1,-1,-1
421,208,212.2,49.0,15.9,27.1,1,-1,-1,-1
421,211,613.6,327.7,27.1,70.3,1,-1,-1,-1
421,217,171.9,101.8,16.0,31.9,1,-1,-1,-1
421,219,410.1,82.4,17.7,31.3,1,-1,-1,-1
421,220,569.9,339.6,35.5,76.8,1,-1,-1,-1
421,221,254.3,172.3,20.5,50.6,1,-1,-1,-1
421,224,268.1,45.2,13.4,22.1,1,-1,-1,-1
421,230,423.1,362.7,34.6,84.1,1,-1,-1,-1
421,232,119.2,130.4,21.8,34.9,1,-1,-1,-1
421,236,239.6,254.7,38.2,31.9,1,-1,-1,-1
421,251,382.7,206.6,21.1,49.5,1,-1,-1,-1
421,253,158.3,91.7,14.3,28.6,1,-1,-1,-1
421,259,103.7,130.0,22.7,46.4,1,-1,-1,-1
421,263,41.4,198.7,26.6,59.2,1,-1,-1,-1
421,278,787.1,240.2,20.3,48.8,1,-1,-1,-1
421,279,718.5,301.9,29.3,77.8,1,-1,-1,-1
421,284,223.2,91.3,18.2,35.5,1,-1,-1,-1
421,285,684.2,69.6,10.1,18.0,1,-1,-1,-1
421,287,54.4,65.4,14.7,26.5,1,-1,-1,-1
421,288,210.1,361.0,46.4,44.9,1,-1,-1,-1
421,289,1169.5,224.9,21.2,41.0,1,-1,-1,-1
421,290,596.5,228.9,15.3,30.0,1,-1,-1,-1
421,291,585.6,208.8,18.7,42.5,1,-1,-1,-1
421,292,179.4,419.4,46.7,45.0,1,-1,-1,-1
421,293,1149.4,214.4,23.8,47.1,1,-1,-1,-1
421,294,190.9,438.4,54.0,56.8,1,-1,-1,-1
422,2,218.0,321.1,45.5,49.3,1,-1,-1,-1
422,6,300.7,305.9,24.7,80.1,1,-1,-1,-1
422,7,332.0,323.4,34.6,94.3,1,-1,-1,-1
422,8,749.7,243.8,21.3,53.3,1,-1,-1,-1
422,12,413.6,250.3,40.6,34.8,1,-1,-1,-1
422,16,528.1,207.1,22.9,60.0,1,-1,-1,-1
422,17,948.1,299.7,35.3,42.8,1,-1,-1,-1
422,18,271.2,305.4,31.0,75.8,1,-1,-1,-1
422,21,711.2,451.7,53.6,121.5,1,-1,-1,-1
422,22,535.8,320.0,37.2,69.0,1,-1,-1,-1
422,24,971.9,222.9,24.1,61.9,1,-1,-1,-1
422,25,716.6,161.9,22.1,50.5,1,-1,-1,-1
422,53,624.3,105.5,12.4,24.8,1,-1,-1,-1
422,69,229.0,279.3,28.7,33.9,1,-1,-1,-1
422,72,603.7,90.8,17.4,34.3,1,-1,-1,-1
422,90,258.5,202.1,26.1,49.0,1,-1,-1,-1
422,96,262.5,268.7,34.1,36.2,1,-1,-1,-1
422,110,908.8,211.4,23.6,57.8,1,-1,-1,-1
422,145,470.1,107.4,19.4,41.8,1,-1,-1,-1
422,159,300.4,127.2,21.1,25.3,1,-1,-1,-1
422,160,420.1,48.5,14.3,23.9,1,-1,-1,-1
422,174,261.9,86.6,15.8,31.9,1,-1,-1,-1
422,179,74.7,281.8,35.1,49.3,1,-1,-1,-1
422,180,249.4,240.0,43.6,35.7,1,-1,-1,-1
422,186,646.8,379.2,40.4,98.0,1,-1,-1,-1
422,191,773.0,246.5,24.9,51.7,1,-1,-1,-1
422,193,237.6,196.6,23.2,60.6,1,-1,-1,-1
422,196,86.7,484.3,68.6,103.3,1,-1,-1,-1
422,204,146.7,107.5,19.4,39.4,1,-1,-1,-1
422,208,216.1,49.1,15.5,26.1,1,-1,-1,-1
422,211,615.4,327.6,24.6,70.5,1,-1,-1,-1
422,217,175.2,100.6,16.0,31.8,1,-1,-1,-1
422,219,412.1,81.4,17.4,31.1,1,-1,-1,-1
422,220,569.6,338.8,35.7,77.5,1,-1,-1,-1
422,221,257.9,171.3,19.4,46.2,1,-1,-1,-1
422,224,270.9,44.9,13.3,21.6,1,-1,-1,-1
422,230,423.5,363.6,34.5,85.0,1,-1,-1,-1
422,232,121.8,129.7,20.9,31.6,1,-1,-1,-1
422,236,240.3,259.0,40.5,33.0,1,-1,-1,-1
422,251,382.0,207.0,22.0,48.4,1,-1,-1,-1
422,253,160.2,89.6,15.3,29.2,1,-1,-1,-1
422,259,109.4,131.9,21.9,46.2,1,-1,-1,-1
422,263,45.9,197.3,26.1,57.5,1,-1,-1,-1
422,278,788.7,240.0,19.2,46.9,1,-1,-1,-1
422,279,720.0,301.8,29.4,78.3,1,-1,-1,-1
422,284,227.6,91.0,18.0,34.0,1,-1,-1,-1
422,287,56.3,64.2,14.3,27.0,1,-1,-1,-1
422,288,210.4,360.8,46.4,44.8,1,-1,-1,-1
422,289,1170.7,226.3,20.9,40.0,1,-1,-1,-1
422,290,597.2,228.2,15.3,30.3,1,-1,-1,-1
422,291,587.9,208.3,18.7,40.8,1,-1,-1,-1
422,292,179.8,418.6,46.4,45.1,1,-1,-1,-1
422,293,1149.6,215.3,23.7,49.1,1,-1,-1,-1
422,294,190.8,436.9,55.2,50.5,1,-1,-1,-1
422,295,737.9,289.3,23.4,69.4,1,-1,-1,-1
423,2,216.5,316.9,49.2,50.4,1,-1,-1,-1
423,6,301.8,305.4,24.9,81.1,1,-1,-1,-1
423,7,331.7,323.6,35.9,93.5,1,-1,-1,-1
423,8,750.5,243.6,21.7,52.8,1,-1,-1,-1
423,12,415.3,249.9,40.1,34.5,1,-1,-1,-1
423,16,529.8,206.9,22.4,59.7,1,-1,-1,-1
423,17,949.1,300.4,35.5,42.4,1,-1,-1,-1
423,18,272.6,302.8,30.8,78.1,1,-1,-1,-1
423,21,711.4,452.4,51.9,121.0,1,-1,-1,-1
423,22,536.8,320.8,36.7,69.1,1,-1,-1,-1
423,24,974.4,223.2,23.0,61.4,1,-1,-1,-1
423,25,719.6,162.7,23.2,50.1,1,-1,-1,-1
423,53,627.6,106.4,11.8,23.5,1,-1,-1,-1
423,69,231.3,278.3,28.8,34.0,1,-1,-1,-1
423,72,608.3,89.8,17.9,34.2,1,-1,-1,-1
423,90,261.3,201.6,26.2,46.8,1,-1,-1,-1
423,96,264.6,267.5,33.6,36.2,1,-1,-1,-1
423,110,911.6,212.6,24.4,60.4,1,-1,-1,-1
423,145,472.8,108.4,18.6,41.5,1,-1,-1,-1
423,159,303.7,127.1,20.7,24.5,1,-1,-1,-1
423,160,422.5,48.5,14.6,24.2,1,-1,-1,-1
423,174,264.8,85.5,16.8,31.1,1,-1,-1,-1
423,179,76.5,281.3,34.7,48.0,1,-1,-1,-1
423,180,255.2,238.5,42.6,37.9,1,-1,-1,-1
423,186,649.2,381.0,40.9,96.6,1,-1,-1,-1
423,191,773.7,245.7,25.0,53.8,1,-1,-1,-1
423,193,238.9,195.6,24.3,61.0,1,-1,-1,-1
423,196,87.0,482.6,68.2,103.6,1,-1,-1,-1
423,204,150.1,107.0,19.7,39.6,1,-1,-1,-1
423,208,221.1,48.7,15.5,25.4,1,-1,-1,-1
423,211,616.5,325.9,23.2,72.5,1,-1,-1,-1
423,217,178.0,99.9,16.0,32.0,1,-1,-1,-1
423,219,415.2,81.0,17.3,31.0,1,-1,-1,-1
423,220,569.7,338.6,36.3,77.7,1,-1,-1,-1
423,221,259.9,172.5,18.7,46.8,1,-1,-1,-1
423,224,275.1,45.2,13.6,21.2,1,-1,-1,-1
423,230,423.5,364.6,35.7,85.1,1,-1,-1,-1
423,232,125.4,130.2,21.2,33.3,1,-1,-1,-1
423,251,382.9,207.4,22.1,47.9,1,-1,-1,-1
423,253,164.2,89.1,15.9,31.2,1,-1,-1,-1
423,259,114.0,131.0,20.6,45.6,1,-1,-1,-1
423,263,50.8,196.6,25.9,55.1,1,-1,-1,-1
423,272,137.1,473.7,37.3,98.1,1,-1,-1,-1
423,278,790.2,240.9,18.8,47.2,1,-1,-1,-1
423,279,723.1,299.4,29.6,80.1,1,-1,-1,-1
423,284,230.1,90.6,18.0,33.4,1,-1,-1,-1
423,287,61.1,63.8,14.4,25.7,1,-1,-1,-1
423,288,212.1,359.4,45.6,46.3,1,-1,-1,-1
423,289,1174.2,227.9,21.4,40.9,1,-1,-1,-1
423,290,598.8,227.5,16.3,30.7,1,-1,-1,-1
423,291,589.0,208.6,19.1,41.0,1,-1,-1,-1
423,292,180.8,418.0,45.7,45.2,1,-1,-1,-1
423,293,1152.3,217.1,26.0,49.6,1,-1,-1,-1
423,294,194.6,438.3,51.5,51.7,1,-1,-1,-1
423,295,738.8,284.0,26.0,73.8,1,-1,-1,-1
423,296,1166.9,378.6,15.7,31.9,1,-1,-1,-1
424,2,216.7,317.2,50.2,50.0,1,-1,-1,-1
424,6,303.0,305.6,24.2,81.9,1,-1,-1,-1
424,7,331.6,323.5,36.4,93.0,1,-1,-1,-1
424,8,751.3,244.6,21.2,55.9,1,-1,-1,-1
424,12,417.5,249.0,39.0,34.7,1,-1,-1,-1
424,16,531.6,206.3,22.1,60.4,1,-1,-1,-1
424,17,949.7,300.6,35.9,41.9,1,-1,-1,-1
424,18,273.3,301.7,30.8,79.3,1,-1,-1,-1
424,21,711.9,453.2,48.7,117.7,1,-1,-1,-1
424,22,537.3,321.3,36.4,69.8,1,-1,-1,-1
424,24,975.7,225.0,22.0,59.0,1,-1,-1,-1
424,25,722.0,162.6,22.3,49.7,1,-1,-1,-1
424,53,629.0,105.1,13.2,26.1,1,-1,-1,-1
424,69,233.9,279.6,28.5,32.9,1,-1,-1,-1
424,72,610.7,91.1,16.1,34.7,1,-1,-1,-1
424,90,265.4,201.5,25.2,47.2,1,-1,-1,-1
424,96,267.3,267.2,31.9,34.8,1,-1,-1,-1
424,110,913.6,210.6,25.0,64.8,1,-1,-1,-1
424,145,476.8,108.9,18.8,41.5,1,-1,-1,-1
424,159,306.9,126.8,20.8,24.1,1,-1,-1,-1
424,160,424.1,48.8,15.3,24.2,1,-1,-1,-1
424,174,267.2,84.3,16.7,31.1,1,-1,-1,-1
424,179,77.3,280.2,34.4,49.4,1,-1,-1,-1
424,180,266.2,238.1,35.5,39.8,1,-1,-1,-1
424,186,651.9,382.0,41.1,95.6,1,-1,-1,-1
424,191,774.4,246.5,25.3,54.0,1,-1,-1,-1
424,193,241.8,195.3,21.7,58.5,1,-1,-1,-1
424,196,87.5,481.7,67.9,103.7,1,-1,-1,-1
424,204,153.1,113.2,20.1,34.6,1,-1,-1,-1
424,208,224.8,48.7,15.1,24.5,1,-1,-1,-1
424,211,619.0,326.3,27.7,75.0,1,-1,-1,-1
424,217,182.0,100.9,16.0,31.7,1,-1,-1,-1
424,219,419.7,81.0,17.0,30.6,1,-1,-1,-1
424,220,569.7,339.0,36.7,77.3,1,-1,-1,-1
424,221,262.6,172.3,18.5,45.4,1,-1,-1,-1
424,224,277.7,44.2,14.0,21.9,1,-1,-1,-1
424,230,423.2,364.9,37.0,85.8,1,-1,-1,-1
424,232,131.2,131.8,19.8,33.3,1,-1,-1,-1
424,236,245.6,254.3,40.8,32.4,1,-1,-1,-1
424,251,384.6,207.5,22.3,47.4,1,-1,-1,-1
424,253,168.4,88.1,15.2,31.0,1,-1,-1,-1
424,259,117.6,129.9,20.4,44.7,1,-1,-1,-1
424,263,54.6,195.5,25.4,55.3,1,-1,-1,-1
424,272,136.4,472.0,38.3,98.8,1,-1,-1,-1
424,278,791.1,241.1,19.5,46.9,1,-1,-1,-1
424,279,724.5,299.5,28.9,79.4,1,-1,-1,-1
424,284,233.4,90.1,17.1,33.0,1,-1,-1,-1
424,287,63.6,64.8,14.6,25.4,1,-1,-1,-1
424,288,213.8,358.9,44.5,47.3,1,-1,-1,-1
424,289,1177.1,228.4,21.9,41.6,1,-1,-1,-1
424,290,601.5,227.7,15.9,30.5,1,-1,-1,-1
424,291,590.7,208.6,19.1,39.3,1,-1,-1,-1
424,292,181.9,417.6,44.8,44.9,1,-1,-1,-1
424,293,1152.0,214.1,26.4,53.8,1,-1,-1,-1
424,294,199.2,444.5,50.1,50.1,1,-1,-1,-1
424,295,741.0,285.9,26.6,71.7,1,-1,-1,-1
424,296,1165.7,378.5,16.2,32.2,1,-1,-1,-1
424,297,0.0,182.4,17.4,49.4,1,-1,-1,-1
425,2,218.5,317.0,49.7,49.4,1,-1,-1,-1
425,6,304.4,304.6,24.0,82.7,1,-1,-1,-1
425,7,331.6,323.7,36.9,92.3,1,-1,-1,-1
425,8,752.4,244.0,21.7,59.3,1,-1,-1,-1
425,12,419.9,248.5,37.1,32.3,1,-1,-1,-1
425,16,533.4,206.2,22.5,60.7,1,-1,-1,-1
425,17,950.4,300.6,37.2,41.8,1,-1,-1,-1
425,18,274.1,302.4,29.7,79.5,1,-1,-1,-1
425,21,712.9,453.2,45.1,114.7,1,-1,-1,-1
425,22,537.3,320.8,37.2,70.2,1,-1,-1,-1
425,24,977.5,225.6,22.2,57.9,1,-1,-1,-1
425,25,724.3,162.3,22.2,50.3,1,-1,-1,-1
425,53,631.3,106.0,13.3,26.4,1,-1,-1,-1
425,69,235.7,278.8,27.6,33.0,1,-1,-1,-1
425,72,613.6,90.8,16.6,32.9,1,-1,-1,-1
425,90,269.1,201.9,24.7,50.9,1,-1,-1,-1
425,96,267.7,266.7,34.1,35.7,1,-1,-1,-1
425,110,913.9,208.7,25.0,66.4,1,-1,-1,-1
425,145,479.1,108.8,18.6,41.4,1,-1,-1,-1
425,159,308.9,125.5,20.9,24.9,1,-1,-1,-1
425,160,426.5,47.6,14.6,22.6,1,-1,-1,-1
425,174,272.3,85.6,16.3,31.4,1,-1,-1,-1
425,179,79.6,278.7,34.2,48.0,1,-1,-1,-1
425,180,279.0,238.5,32.4,41.1,1,-1,-1,-1
425,186,658.4,386.8,37.6,90.9,1,-1,-1,-1
425,191,776.2,246.3,24.3,53.4,1,-1,-1,-1
425,193,244.5,194.5,20.6,57.0,1,-1,-1,-1
425,196,88.1,481.0,67.7,103.1,1,-1,-1,-1
425,204,156.2,115.9,20.6,30.9,1,-1,-1,-1
425,208,230.4,48.9,15.0,23.5,1,-1,-1,-1
425,211,617.8,327.5,31.8,75.1,1,-1,-1,-1
425,217,185.9,100.1,16.3,32.2,1,-1,-1,-1
425,219,422.0,81.4,17.6,30.3,1,-1,-1,-1
425,220,570.0,339.7,36.6,77.3,1,-1,-1,-1
425,221,264.1,172.5,21.1,56.3,1,-1,-1,-1
425,224,280.2,44.5,14.0,21.9,1,-1,-1,-1
425,230,422.8,365.1,37.8,87.2,1,-1,-1,-1
425,232,133.4,127.7,18.5,32.6,1,-1,-1,-1
425,236,243.1,250.5,39.7,31.1,1,-1,-1,-1
425,251,387.8,206.5,21.5,46.1,1,-1,-1,-1
425,253,173.7,86.5,15.2,29.9,1,-1,-1,-1
425,259,119.7,126.9,21.2,43.7,1,-1,-1,-1
425,263,58.6,194.0,27.3,54.5,1,-1,-1,-1
425,272,139.8,492.8,35.3,81.1,1,-1,-1,-1
425,278,792.5,242.1,19.8,45.8,1,-1,-1,-1
425,279,725.7,299.5,30.0,79.2,1,-1,-1,-1
425,284,236.8,90.2,17.6,34.1,1,-1,-1,-1
425,287,65.2,62.3,14.4,26.3,1,-1,-1,-1
425,288,214.7,357.6,43.7,47.6,1,-1,-1,-1
425,289,1176.0,232.7,21.1,42.0,1,-1,-1,-1
425,290,603.3,227.3,15.3,30.9,1,-1,-1,-1
425,291,593.5,209.2,18.7,40.3,1,-1,-1,-1
425,292,183.2,417.1,44.1,44.7,1,-1,-1,-1
425,293,1152.4,215.7,25.0,53.8,1,-1,-1,-1
425,295,743.7,286.4,27.5,72.2,1,-1,-1,-1
425,296,1163.0,377.9,16.6,32.3,1,-1,-1,-1
425,297,0.0,180.9,23.1,51.7,1,-1,-1,-1
425,298,635.9,227.2,18.4,32.2,1,-1,-1,-1
426,2,219.5,316.5,49.4,49.4,1,-1,-1,-1
426,6,305.9,304.5,23.6,80.7,1,-1,-1,-1
426,7,331.7,323.3,36.9,92.1,1,-1,-1,-1
426,8,751.6,245.2,24.6,56.9,1,-1,-1,-1
426,12,420.6,248.9,38.7,34.0,1,-1,-1,-1
426,16,534.4,206.2,22.7,60.0,1,-1,-1,-1
426,17,951.2,300.4,37.9,42.2,1,-1,-1,-1
426,18,274.8,301.7,28.7,79.7,1,-1,-1,-1
426,21,713.5,453.9,43.9,116.1,1,-1,-1,-1
426,22,536.2,320.8,39.0,72.5,1,-1,-1,-1
426,24,978.3,226.6,22.4,55.9,1,-1,-1,-1
426,25,726.0,161.7,22.1,50.9,1,-1,-1,-1
426,53,634.5,106.4,13.4,26.4,1,-1,-1,-1
426,69,237.0,277.0,27.0,32.6,1,-1,-1,-1
426,72,614.7,90.6,16.6,32.3,1,-1,-1,-1
426,90,270.4,202.3,24.9,52.3,1,-1,-1,-1
426,96,269.5,267.0,34.4,35.6,1,-1,-1,-1
426,110,914.4,208.6,25.9,68.9,1,-1,-1,-1
426,145,482.0,113.8,18.4,37.1,1,-1,-1,-1
426,159,311.3,124.9,21.9,24.9,1,-1,-1,-1
426,160,431.2,49.0,14.0,22.3,1,-1,-1,-1
426,174,275.7,85.6,16.7,30.4,1,-1,-1,-1
426,179,81.2,277.7,36.8,47.6,1,-1,-1,-1
426,186,661.0,387.8,34.6,90.9,1,-1,-1,-1
426,191,778.6,246.7,23.0,52.6,1,-1,-1,-1
426,193,247.2,195.0,20.6,55.5,1,-1,-1,-1
426,196,88.0,479.9,67.2,102.4,1,-1,-1,-1
426,204,159.2,108.8,20.0,35.2,1,-1,-1,-1
426,208,233.2,49.4,15.1,24.5,1,-1,-1,-1
426,211,618.3,328.0,32.7,74.4,1,-1,-1,-1
426,217,188.7,99.4,16.1,32.2,1,-1,-1,-1
426,219,423.0,79.1,18.0,30.8,1,-1,-1,-1
426,220,570.3,339.9,36.2,77.0,1,-1,-1,-1
426,221,266.9,170.0,19.5,51.6,1,-1,-1,-1
426,224,283.0,44.5,14.4,21.4,1,-1,-1,-1
426,230,422.2,366.4,38.9,87.3,1,-1,-1,-1
426,232,136.6,126.9,18.6,31.0,1,-1,-1,-1
426,236,238.3,242.9,40.0,31.2,1,-1,-1,-1
426,251,389.3,205.6,21.2,45.2,1,-1,-1,-1
426,253,177.0,87.3,14.6,27.9,1,-1,-1,-1
426,259,122.4,126.2,21.8,44.1,1,-1,-1,-1
426,263,62.5,193.0,29.0,53.8,1,-1,-1,-1
426,272,138.8,476.3,34.9,90.2,1,-1,-1,-1
426,278,793.7,242.6,21.9,49.6,1,-1,-1,-1
426,279,726.5,300.3,30.2,79.1,1,-1,-1,-1
426,284,240.3,90.3,17.6,33.1,1,-1,-1,-1
426,287,66.9,63.5,14.3,25.4,1,-1,-1,-1
426,288,214.9,357.3,43.7,48.0,1,-1,-1,-1
426,289,1178.5,234.3,21.1,41.1,1,-1,-1,-1
426,290,605.0,227.0,15.1,31.0,1,-1,-1,-1
426,291,595.7,209.1,18.6,41.0,1,-1,-1,-1
426,293,1158.6,215.7,24.3,46.0,1,-1,-1,-1
426,295,745.8,287.3,27.2,73.5,1,-1,-1,-1
426,297,3.4,178.9,24.9,51.8,1,-1,-1,-1
426,298,636.5,227.1,19.2,31.3,1,-1,-1,-1
426,299,163.5,427.5,83.5,61.4,1,-1,-1,-1
426,300,0.1,236.7,17.3,54.8,1,-1,-1,-1
426,301,252.4,243.8,38.5,31.6,1,-1,-1,-1
427,2,220.8,316.0,49.1,50.0,1,-1,-1,-1
427,6,307.2,304.2,23.2,80.8,1,-1,-1,-1
427,7,332.5,323.7,36.2,90.9,1,-1,-1,-1
427,8,755.1,244.8,24.7,55.3,1,-1,-1,-1
427,12,421.6,248.5,39.3,34.5,1,-1,-1,-1
427,16,535.4,205.5,23.0,59.4,1,-1,-1,-1
427,17,952.3,301.1,38.3,41.7,1,-1,-1,-1
427,18,275.2,301.4,28.6,79.4,1,-1,-1,-1
427,21,712.9,454.0,44.3,118.8,1,-1,-1,-1
427,22,535.7,320.2,39.9,73.3,1,-1,-1,-1
427,24,979.0,226.3,22.3,55.7,1,-1,-1,-1
427,25,727.4,161.6,22.0,51.2,1,-1,-1,-1
427,53,636.1,105.4,13.7,27.2,1,-1,-1,-1
427,69,239.3,275.6,27.0,33.5,1,-1,-1,-1
427,72,617.2,91.2,16.1,32.6,1,-1,-1,-1
427,90,271.9,202.7,25.0,54.2,1,-1,-1,-1
427,96,271.4,266.6,34.3,35.2,1,-1,-1,-1
427,110,917.2,209.7,27.1,69.7,1,-1,-1,-1
427,145,483.9,110.3,18.3,37.8,1,-1,-1,-1
427,159,314.2,125.3,21.9,24.7,1,-1,-1,-1
427,160,433.4,49.0,14.5,22.5,1,-1,-1,-1
427,174,278.8,85.7,16.1,30.9,1,-1,-1,-1
427,179,83.8,277.0,37.1,45.1,1,-1,-1,-1
427,186,663.4,388.1,33.0,90.5,1,-1,-1,-1
427,191,780.6,245.3,22.9,53.5,1,-1,-1,-1
427,193,248.6,195.5,21.0,55.2,1,-1,-1,-1
427,196,87.6,477.9,67.8,102.9,1,-1,-1,-1
427,204,162.4,105.9,19.9,37.6,1,-1,-1,-1
427,208,236.5,48.9,14.7,24.4,1,-1,-1,-1
427,211,619.5,328.1,24.4,72.4,1,-1,-1,-1
427,217,192.1,99.3,16.1,32.6,1,-1,-1,-1
427,219,425.6,78.5,18.2,31.6,1,-1,-1,-1
427,220,570.7,340.1,35.3,76.5,1,-1,-1,-1
427,221,269.8,169.6,18.6,46.4,1,-1,-1,-1
427,224,286.3,44.6,14.9,21.3,1,-1,-1,-1
427,230,421.8,368.7,40.0,86.4,1,-1,-1,-1
427,232,139.3,124.4,18.2,30.1,1,-1,-1,-1
427,251,390.1,206.1,21.6,45.8,1,-1,-1,-1
427,253,180.2,88.7,14.3,28.4,1,-1,-1,-1
427,259,127.6,126.7,21.2,44.2,1,-1,-1,-1
427,263,66.9,193.9,29.3,53.1,1,-1,-1,-1
427,272,137.8,462.1,34.2,90.5,1,-1,-1,-1
427,278,795.3,242.6,22.0,50.1,1,-1,-1,-1
427,279,727.7,301.8,30.3,78.1,1,-1,-1,-1
427,284,243.2,89.8,16.9,32.4,1,-1,-1,-1
427,287,69.3,63.8,14.2,25.4,1,-1,-1,-1
427,288,216.1,356.9,43.7,46.3,1,-1,-1,-1
427,289,1180.1,236.6,21.0,40.9,1,-1,-1,-1
427,291,597.8,208.7,17.7,40.2,1,-1,-1,-1
427,293,1159.6,218.7,23.2,42.7,1,-1,-1,-1
427,295,749.9,288.3,26.9,74.1,1,-1,-1,-1
427,296,1160.6,373.8,16.3,32.3,1,-1,-1,-1
427,297,8.7,178.4,27.9,51.7,1,-1,-1,-1
427,298,637.2,226.3,19.9,30.3,1,-1,-1,-1
427,299,167.2,427.8,78.3,59.0,1,-1,-1,-1
427,300,0.1,227.7,23.6,60.4,1,-1,-1,-1
427,301,256.1,238.1,40.3,35.1,1,-1,-1,-1
427,302,252.6,266.3,24.1,21.0,1,-1,-1,-1
427,304,586.7,116.0,12.4,6.8,1,-1,-1,-1
428,2,225.6,315.4,46.3,50.9,1,-1,-1,-1
428,6,308.3,303.8,23.2,81.7,1,-1,-1,-1
428,7,338.0,325.9,31.2,87.2,1,-1,-1,-1
428,8,756.2,244.5,25.0,54.3,1,-1,-1,-1
428,12,422.7,247.8,37.4,31.0,1,-1,-1,-1
428,16,538.0,205.9,22.6,59.7,1,-1,-1,-1
428,17,953.1,301.0,38.8,41.4,1,-1,-1,-1
428,18,275.3,300.1,29.2,79.1,1,-1,-1,-1
428,21,712.5,453.6,44.3,119.9,1,-1,-1,-1
428,22,535.2,319.6,40.7,74.2,1,-1,-1,-1
428,24,979.0,228.1,22.4,55.4,1,-1,-1,-1
428,25,728.8,161.3,21.9,51.9,1,-1,-1,-1
428,53,638.9,105.7,13.9,27.0,1,-1,-1,-1
428,69,240.6,275.6,27.3,33.1,1,-1,-1,-1
428,72,619.6,91.1,15.8,32.9,1,-1,-1,-1
428,90,270.1,199.7,27.8,51.4,1,-1,-1,-1
428,96,274.0,266.8,32.7,34.9,1,-1,-1,-1
428,110,919.8,210.7,28.2,68.4,1,-1,-1,-1
428,145,487.0,114.2,18.6,34.5,1,-1,-1,-1
428,159,317.5,125.5,21.2,24.5,1,-1,-1,-1
428,160,435.0,48.1,14.7,21.8,1,-1,-1,-1
428,174,282.4,85.7,15.7,31.0,1,-1,-1,-1
428,179,84.9,277.4,36.2,45.4,1,-1,-1,-1
428,186,667.5,387.7,34.9,89.9,1,-1,-1,-1
428,191,781.5,244.6,23.7,54.4,1,-1,-1,-1
428,193,250.5,194.4,21.0,54.5,1,-1,-1,-1
428,196,87.2,476.0,67.7,103.1,1,-1,-1,-1
428,204,165.4,105.7,19.7,37.6,1,-1,-1,-1
428,208,241.5,48.4,14.9,23.6,1,-1,-1,-1
428,211,622.0,329.5,18.2,70.9,1,-1,-1,-1
428,217,195.2,99.6,16.3,31.5,1,-1,-1,-1
428,219,430.3,79.4,18.1,30.6,1,-1,-1,-1
428,220,571.2,338.9,34.5,76.8,1,-1,-1,-1
428,221,271.5,170.6,18.2,45.4,1,-1,-1,-1
428,224,288.6,44.6,14.9,21.2,1,-1,-1,-1
428,230,421.8,371.6,41.4,85.8,1,-1,-1,-1
428,251,391.1,205.1,20.8,43.8,1,-1,-1,-1
428,253,184.7,87.7,14.9,28.7,1,-1,-1,-1
428,259,131.3,126.4,20.6,44.4,1,-1,-1,-1
428,263,71.7,191.6,29.6,52.9,1,-1,-1,-1
428,278,797.0,242.6,21.4,50.2,1,-1,-1,-1
428,279,729.8,301.4,29.9,79.1,1,-1,-1,-1
428,284,246.7,89.4,17.1,32.8,1,-1,-1,-1
428,287,74.2,64.4,14.1,24.8,1,-1,-1,-1
428,288,216.5,357.1,44.0,45.5,1,-1,-1,-1
428,291,599.9,208.2,17.3,40.7,1,-1,-1,-1
428,293,1162.0,217.3,23.8,46.2,1,-1,-1,-1
428,295,754.9,288.4,26.6,73.2,1,-1,-1,-1
428,296,1160.2,373.8,16.9,33.0,1,-1,-1,-1
428,297,13.6,177.4,29.2,50.0,1,-1,-1,-1
428,299,166.6,427.8,79.7,57.7,1,-1,-1,-1
428,300,0.3,225.4,29.7,62.2,1,-1,-1,-1
428,301,269.3,236.0,32.3,36.4,1,-1,-1,-1
428,302,252.4,265.9,25.4,20.6,1,-1,-1,-1
428,304,589.2,115.9,12.1,6.6,1,-1,-1,-1
429,2,227.0,314.7,44.9,50.8,1,-1,-1,-1
429,6,308.1,301.3,23.2,86.0,1,-1,-1,-1
429,7,340.3,326.3,29.9,85.8,1,-1,-1,-1
429,8,757.3,244.2,23.1,54.2,1,-1,-1,-1
429,12,425.2,248.6,38.5,32.9,1,-1,-1,-1
429,16,539.2,205.6,22.5,59.9,1,-1,-1,-1
429,17,955.0,300.9,39.2,41.6,1,-1,-1,-1
429,18,276.1,298.6,30.0,79.2,1,-1,-1,-1
429,21,712.5,453.7,42.5,115.3,1,-1,-1,-1
429,22,534.7,319.1,41.1,75.2,1,-1,-1,-1
429,24,979.6,229.7,21.4,53.3,1,-1,-1,-1
429,25,731.1,161.6,22.2,51.2,1,-1,-1,-1
429,53,642.6,106.0,13.1,25.3,1,-1,-1,-1
429,69,241.8,276.2,28.6,31.8,1,-1,-1,-1
429,72,622.1,90.7,17.2,33.2,1,-1,-1,-1
429,90,275.1,200.0,26.2,52.6,1,-1,-1,-1
429,96,275.9,265.7,32.1,35.7,1,-1,-1,-1
429,110,922.3,209.4,28.1,68.2,1,-1,-1,-1
429,145,489.6,109.6,18.7,36.9,1,-1,-1,-1
429,159,319.8,123.8,21.4,25.4,1,-1,-1,-1
429,160,436.9,47.9,14.4,21.6,1,-1,-1,-1
429,174,285.8,84.4,16.4,31.1,1,-1,-1,-1
429,179,86.2,276.2,36.3,46.2,1,-1,-1,-1
429,186,667.1,385.2,38.8,94.9,1,-1,-1,-1
429,191,783.2,244.9,24.8,52.3,1,-1,-1,-1
429,193,252.8,194.2,21.4,53.9,1,-1,-1,-1
429,196,87.7,474.7,66.9,102.6,1,-1,-1,-1
429,204,168.5,105.2,19.6,39.4,1,-1,-1,-1
429,208,244.5,48.5,15.0,24.0,1,-1,-1,-1
429,211,625.8,329.4,29.7,72.4,1,-1,-1,-1
429,217,198.0,98.8,16.1,31.0,1,-1,-1,-1
429,219,432.4,78.9,17.9,30.9,1,-1,-1,-1
429,220,571.7,337.8,33.9,77.5,1,-1,-1,-1
429,221,274.4,170.2,18.3,43.0,1,-1,-1,-1
429,224,291.3,44.4,14.5,20.6,1,-1,-1,-1
429,230,423.5,374.0,40.8,87.9,1,-1,-1,-1
429,232,147.3,127.4,19.4,34.4,1,-1,-1,-1
429,251,392.2,202.9,20.1,43.8,1,-1,-1,-1
429,253,187.2,86.9,14.9,28.5,1,-1,-1,-1
429,259,133.3,125.2,21.3,43.4,1,-1,-1,-1
429,263,76.0,190.7,28.0,52.2,1,-1,-1,-1
429,278,798.2,242.0,21.4,50.7,1,-1,-1,-1
429,279,731.0,300.6,28.7,79.6,1,-1,-1,-1
429,284,250.8,89.3,17.2,32.3,1,-1,-1,-1
429,287,76.5,67.3,13.8,22.9,1,-1,-1,-1
429,288,216.1,355.3,45.2,45.1,1,-1,-1,-1
429,291,602.3,208.1,16.8,40.6,1,-1,-1,-1
429,293,1162.1,219.0,24.1,49.3,1,-1,-1,-1
429,295,757.8,289.5,29.6,70.5,1,-1,-1,-1
429,296,1159.9,373.9,17.9,33.0,1,-1,-1,-1
429,297,18.4,176.6,28.5,49.3,1,-1,-1,-1
429,299,163.4,427.3,83.2,57.6,1,-1,-1,-1
429,300,1.4,225.6,31.8,61.0,1,-1,-1,-1
429,301,286.1,232.3,28.2,38.3,1,-1,-1,-1
429,302,252.3,264.5,28.9,22.2,1,-1,-1,-1
429,304,591.9,115.7,12.0,5.8,1,-1,-1,-1
430,2,227.7,314.3,44.8,51.1,1,-1,-1,-1
430,6,308.0,300.5,24.5,87.2,1,-1,-1,-1
430,7,341.3,326.5,30.6,84.3,1,-1,-1,-1
430,8,758.5,244.0,22.2,52.6,1,-1,-1,-1
430,12,425.2,247.8,33.6,30.4,1,-1,-1,-1
430,16,540.2,205.0,22.0,58.9,1,-1,-1,-1
430,17,955.5,300.9,39.2,42.4,1,-1,-1,-1
430,18,277.9,298.2,29.6,79.0,1,-1,-1,-1
430,21,712.5,452.9,41.5,114.8,1,-1,-1,-1
430,22,535.2,319.0,40.2,74.6,1,-1,-1,-1
430,24,980.8,231.4,21.4,53.5,1,-1,-1,-1
430,25,732.8,162.2,22.7,50.8,1,-1,-1,-1
430,53,645.6,106.1,12.7,24.2,1,-1,-1,-1
430,69,243.5,275.5,28.3,31.6,1,-1,-1,-1
430,72,624.5,90.8,17.4,32.6,1,-1,-1,-1
430,90,275.4,199.5,26.6,52.5,1,-1,-1,-1
430,96,275.7,263.9,33.5,36.3,1,-1,-1,-1
430,110,924.0,211.1,27.3,65.5,1,-1,-1,-1
430,145,493.4,113.9,18.4,34.3,1,-1,-1,-1
430,159,322.5,123.0,21.8,25.5,1,-1,-1,-1
430,160,439.9,47.7,13.5,21.7,1,-1,-1,-1
430,174,288.5,83.5,16.5,30.8,1,-1,-1,-1
430,179,89.0,275.7,35.1,45.8,1,-1,-1,-1
430,186,669.2,388.2,39.1,93.1,1,-1,-1,-1
430,191,783.6,245.1,23.4,52.4,1,-1,-1,-1
430,193,253.7,192.5,24.5,57.0,1,-1,-1,-1
430,196,88.1,474.1,65.9,101.8,1,-1,-1,-1
430,204,171.6,104.4,20.2,39.5,1,-1,-1,-1
430,208,246.9,48.6,15.0,25.0,1,-1,-1,-1
430,211,626.1,328.9,34.0,73.4,1,-1,-1,-1
430,217,200.8,98.9,15.8,31.3,1,-1,-1,-1
430,219,433.5,77.9,17.9,31.5,1,-1,-1,-1
430,220,571.9,337.3,33.8,77.9,1,-1,-1,-1
430,221,276.5,170.3,18.2,42.9,1,-1,-1,-1
430,224,292.6,43.9,15.1,21.0,1,-1,-1,-1
430,230,427.5,374.6,40.3,90.6,1,-1,-1,-1
430,232,149.8,127.8,20.3,35.7,1,-1,-1,-1
430,251,392.8,201.1,20.3,45.1,1,-1,-1,-1
430,253,190.1,86.6,14.3,28.7,1,-1,-1,-1
430,259,137.7,125.9,20.7,43.6,1,-1,-1,-1
430,263,80.8,189.1,27.0,52.5,1,-1,-1,-1
430,279,729.4,300.7,31.6,79.9,1,-1,-1,-1
430,284,252.7,88.5,17.1,30.4,1,-1,-1,-1
430,287,77.4,64.0,14.3,25.0,1,-1,-1,-1
430,288,216.1,353.6,46.1,44.9,1,-1,-1,-1
430,291,604.3,209.2,17.3,42.5,1,-1,-1,-1
430,293,1162.4,218.9,24.7,51.7,1,-1,-1,-1
430,295,761.9,289.5,27.3,69.9,1,-1,-1,-1
430,296,1160.0,375.4,17.8,32.1,1,-1,-1,-1
430,297,23.9,175.9,26.7,49.1,1,-1,-1,-1
430,299,162.1,425.6,85.1,59.0,1,-1,-1,-1
430,300,4.3,224.9,33.0,59.8,1,-1,-1,-1
430,302,254.9,264.8,28.6,21.5,1,-1,-1,-1
430,304,593.9,115.8,12.4,5.4,1,-1,-1,-1
430,305,269.1,237.0,33.2,31.0,1,-1,-1,-1
431,2,226.8,312.4,45.3,50.9,1,-1,-1,-1
431,6,308.5,300.3,25.2,86.8,1,-1,-1,-1
431,7,341.3,326.0,30.7,84.3,1,-1,-1,-1
431,8,759.8,243.7,22.0,51.9,1,-1,-1,-1
431,12,426.8,247.9,29.1,27.7,1,-1,-1,-1
431,16,541.7,205.3,21.4,58.6,1,-1,-1,-1
431,17,956.2,301.2,39.2,42.9,1,-1,-1,-1
431,18,282.1,301.2,29.0,73.8,1,-1,-1,-1
431,21,712.6,453.6,40.9,113.9,1,-1,-1,-1
431,22,536.2,319.0,37.6,73.0,1,-1,-1,-1
431,24,981.6,228.7,21.7,54.6,1,-1,-1,-1
431,25,735.7,162.1,22.3,50.5,1,-1,-1,-1
431,53,647.9,105.5,14.2,26.9,1,-1,-1,-1
431,69,245.4,275.2,27.4,30.8,1,-1,-1,-1
431,72,626.2,91.0,15.3,32.4,1,-1,-1,-1
431,90,279.3,198.5,25.6,51.6,1,-1,-1,-1
431,96,277.5,261.7,32.8,36.3,1,-1,-1,-1
431,110,927.1,214.4,26.0,62.4,1,-1,-1,-1
431,145,496.1,109.8,18.5,37.2,1,-1,-1,-1
431,159,325.1,123.6,22.1,25.8,1,-1,-1,-1
431,160,444.2,48.5,14.4,23.7,1,-1,-1,-1
431,174,292.9,84.5,15.9,30.7,1,-1,-1,-1
431,179,91.3,275.0,33.6,45.3,1,-1,-1,-1
431,186,670.4,389.6,40.0,91.9,1,-1,-1,-1
431,191,784.5,244.8,23.8,54.1,1,-1,-1,-1
431,193,255.4,191.6,22.2,56.4,1,-1,-1,-1
431,196,88.5,473.9,64.5,101.1,1,-1,-1,-1
431,204,175.2,104.2,19.8,40.1,1,-1,-1,-1
431,208,251.7,48.3,14.9,24.9,1,-1,-1,-1
431,211,626.1,328.4,35.5,74.4,1,-1,-1,-1
431,217,204.4,99.3,16.0,30.5,1,-1,-1,-1
431,219,435.1,77.2,17.8,31.9,1,-1,-1,-1
431,220,571.6,336.7,34.0,78.4,1,-1,-1,-1
431,221,278.9,169.4,17.8,41.0,1,-1,-1,-1
431,224,296.2,44.1,14.8,20.7,1,-1,-1,-1
431,230,430.7,373.6,38.9,89.5,1,-1,-1,-1
431,232,154.1,127.8,20.5,34.8,1,-1,-1,-1
431,251,394.3,199.9,21.3,46.4,1,-1,-1,-1
431,253,195.3,86.8,15.5,30.6,1,-1,-1,-1
431,259,141.7,126.0,21.5,43.2,1,-1,-1,-1
431,263,84.9,187.3,26.2,52.9,1,-1,-1,-1
431,272,138.5,474.7,34.4,88.5,1,-1,-1,-1
431,278,800.2,242.2,20.8,49.7,1,-1,-1,-1
431,279,729.4,300.6,32.9,79.9,1,-1,-1,-1
431,284,256.4,88.3,16.0,29.9,1,-1,-1,-1
431,287,79.2,63.4,14.2,26.1,1,-1,-1,-1
431,288,217.3,352.0,47.0,44.4,1,-1,-1,-1
431,291,606.9,211.2,17.3,43.3,1,-1,-1,-1
431,293,1163.6,218.9,24.5,51.8,1,-1,-1,-1
431,295,766.1,287.4,27.7,72.6,1,-1,-1,-1
431,296,1159.5,376.1,17.4,31.0,1,-1,-1,-1
431,297,29.2,174.4,25.4,50.1,1,-1,-1,-1
431,299,162.7,423.4,85.7,60.9,1,-1,-1,-1
431,300,8.1,221.9,32.5,59.9,1,-1,-1,-1
431,302,261.6,252.6,36.5,28.4,1,-1,-1,-1
431,304,597.5,115.9,12.4,5.3,1,-1,-1,-1
431,305,269.6,235.1,33.6,32.4,1,-1,-1,-1
432,2,227.6,311.5,46.7,52.8,1,-1,-1,-1
432,6,309.0,299.9,25.6,86.7,1,-1,-1,-1
432,7,337.0,321.8,33.3,89.5,1,-1,-1,-1
432,8,761.5,243.5,21.9,51.6,1,-1,-1,-1
432,12,431.3,248.4,35.1,31.0,1,-1,-1,-1
432,16,544.1,205.2,22.2,59.2,1,-1,-1,-1
432,17,957.5,301.7,38.0,42.5,1,-1,-1,-1
432,18,284.1,301.2,28.6,72.0,1,-1,-1,-1
432,21,711.3,453.9,42.2,117.7,1,-1,-1,-1
432,22,537.4,318.5,35.1,71.7,1,-1,-1,-1
432,24,983.8,228.0,21.5,56.5,1,-1,-1,-1
432,25,737.5,161.9,21.9,50.7,1,-1,-1,-1
432,53,651.2,106.3,13.6,26.1,1,-1,-1,-1
432,69,247.0,274.5,27.5,31.2,1,-1,-1,-1
432,72,629.3,90.9,15.3,32.8,1,-1,-1,-1
432,90,281.6,197.7,24.6,52.0,1,-1,-1,-1
432,96,279.3,263.0,31.6,34.2,1,-1,-1,-1
432,110,929.9,216.9,24.9,59.6,1,-1,-1,-1
432,145,499.7,113.8,18.0,34.5,1,-1,-1,-1
432,159,327.6,124.0,21.9,25.4,1,-1,-1,-1
432,160,446.1,48.5,15.0,24.6,1,-1,-1,-1
432,174,296.4,84.0,16.9,30.9,1,-1,-1,-1
432,179,93.9,274.6,32.9,46.5,1,-1,-1,-1
432,186,670.6,389.6,37.2,89.6,1,-1,-1,-1
432,191,785.5,245.5,24.2,54.4,1,-1,-1,-1
432,193,259.2,192.5,21.0,55.4,1,-1,-1,-1
432,196,88.4,472.8,64.8,101.4,1,-1,-1,-1
432,204,178.2,103.6,20.0,40.2,1,-1,-1,-1
432,208,255.1,47.9,15.1,25.0,1,-1,-1,-1
432,211,626.9,328.7,35.3,74.7,1,-1,-1,-1
432,217,208.2,99.0,16.2,30.8,1,-1,-1,-1
432,219,439.0,76.8,17.9,31.4,1,-1,-1,-1
432,220,571.8,336.2,34.3,78.8,1,-1,-1,-1
432,221,281.5,169.3,18.0,41.3,1,-1,-1,-1
432,224,298.7,43.4,15.5,20.5,1,-1,-1,-1
432,230,434.9,377.3,35.1,89.4,1,-1,-1,-1
432,232,158.3,127.2,20.9,34.9,1,-1,-1,-1
432,251,395.9,198.7,21.5,47.4,1,-1,-1,-1
432,253,198.1,85.6,15.3,29.7,1,-1,-1,-1
432,259,143.5,124.5,21.6,42.6,1,-1,-1,-1
432,263,88.9,186.1,25.6,54.3,1,-1,-1,-1
432,272,138.0,466.9,34.9,93.6,1,-1,-1,-1
432,278,801.8,241.0,19.7,49.0,1,-1,-1,-1
432,279,730.6,300.8,32.7,79.8,1,-1,-1,-1
432,284,259.3,88.6,16.1,30.5,1,-1,-1,-1
432,287,83.6,64.4,14.1,24.5,1,-1,-1,-1
432,288,217.6,351.7,47.9,46.7,1,-1,-1,-1
432,293,1168.5,221.2,26.6,49.1,1,-1,-1,-1
432,295,768.5,286.0,27.6,75.5,1,-1,-1,-1
432,296,1159.1,377.2,17.4,30.5,1,-1,-1,-1
432,297,32.8,173.6,25.3,51.0,1,-1,-1,-1
432,299,193.4,427.3,60.7,56.2,1,-1,-1,-1
432,300,12.9,219.3,29.9,59.7,1,-1,-1,-1
432,302,271.3,241.5,40.5,31.3,1,-1,-1,-1
432,304,599.7,116.0,12.5,5.2,1,-1,-1,-1
432,305,273.0,233.3,32.2,34.0,1,-1,-1,-1
432,306,0.0,109.2,12.3,30.8,1,-1,-1,-1
433,2,229.7,310.2,48.7,51.7,1,-1,-1,-1
433,6,310.4,299.5,25.0,85.9,1,-1,-1,-1
433,7,335.9,319.5,34.9,92.8,1,-1,-1,-1
433,8,762.5,243.9,21.6,53.1,1,-1,-1,-1
433,12,431.1,248.0,32.2,31.0,1,-1,-1,-1
433,16,545.4,205.0,22.4,58.9,1,-1,-1,-1
433,17,959.5,301.7,36.4,42.6,1,-1,-1,-1
433,18,285.1,300.4,28.0,72.0,1,-1,-1,-1
433,21,710.4,452.8,42.6,118.2,1,-1,-1,-1
433,22,538.1,318.2,33.7,71.2,1,-1,-1,-1
433,24,986.3,224.2,22.1,59.3,1,-1,-1,-1
433,25,738.7,161.7,22.0,50.7,1,-1,-1,-1
433,53,654.7,106.5,12.8,25.7,1,-1,-1,-1
433,69,248.9,274.5,27.6,31.2,1,-1,-1,-1
433,72,633.1,91.0,15.0,33.3,1,-1,-1,-1
433,90,283.3,196.9,24.7,52.6,1,-1,-1,-1
433,96,282.9,264.2,31.4,32.8,1,-1,-1,-1
433,110,931.9,218.6,25.1,58.9,1,-1,-1,-1
433,145,502.6,115.7,18.5,32.4,1,-1,-1,-1
433,159,329.9,123.4,22.6,25.8,1,-1,-1,-1
433,160,448.1,47.0,15.1,25.1,1,-1,-1,-1
433,174,299.7,83.7,16.3,30.5,1,-1,-1,-1
433,179,96.2,274.4,34.3,47.3,1,-1,-1,-1
433,186,676.6,389.7,33.1,89.5,1,-1,-1,-1
433,191,787.7,245.3,23.9,54.2,1,-1,-1,-1
433,193,261.4,192.3,19.8,55.0,1,-1,-1,-1
433,196,88.7,471.4,65.7,101.9,1,-1,-1,-1
433,204,181.4,103.4,20.3,40.7,1,-1,-1,-1
433,208,257.9,46.8,14.9,25.9,1,-1,-1,-1
433,211,630.8,328.4,34.5,75.5,1,-1,-1,-1
433,217,210.6,98.5,16.3,31.0,1,-1,-1,-1
433,219,443.4,78.5,18.0,30.5,1,-1,-1,-1
433,220,573.2,335.1,34.9,79.8,1,-1,-1,-1
433,221,283.6,169.4,17.9,41.9,1,-1,-1,-1
433,224,301.3,43.2,15.0,21.0,1,-1,-1,-1
433,230,436.9,378.7,35.5,92.3,1,-1,-1,-1
433,251,395.8,196.6,21.0,48.5,1,-1,-1,-1
433,253,201.1,85.4,14.8,28.7,1,-1,-1,-1
433,259,145.4,122.9,22.4,43.4,1,-1,-1,-1
433,263,93.8,185.5,25.3,54.9,1,-1,-1,-1
433,272,138.1,464.7,35.0,95.2,1,-1,-1,-1
433,278,803.4,241.3,20.0,48.1,1,-1,-1,-1
433,279,735.3,301.1,34.4,78.9,1,-1,-1,-1
433,284,262.9,89.4,16.6,31.5,1,-1,-1,-1
433,287,86.6,62.9,14.0,24.5,1,-1,-1,-1
433,288,221.0,350.4,47.0,45.8,1,-1,-1,-1
433,292,185.6,408.0,47.4,45.3,1,-1,-1,-1
433,293,1170.5,220.7,25.7,44.2,1,-1,-1,-1
433,295,773.1,286.4,26.1,75.7,1,-1,-1,-1
433,297,37.2,172.7,24.7,51.6,1,-1,-1,-1
433,299,223.9,430.6,48.8,54.4,1,-1,-1,-1
433,300,18.8,217.8,27.1,59.9,1,-1,-1,-1
433,304,602.9,116.0,12.5,5.3,1,-1,-1,-1
433,305,277.7,233.7,31.6,33.5,1,-1,-1,-1
433,306,1.0,115.7,16.8,23.3,1,-1,-1,-1
433,307,267.6,250.1,37.3,32.2,1,-1,-1,-1
434,2,230.4,310.2,49.7,50.9,1,-1,-1,-1
434,6,312.2,299.4,23.9,85.4,1,-1,-1,-1
434,7,335.4,318.6,36.3,93.4,1,-1,-1,-1
434,8,763.3,243.7,21.7,55.0,1,-1,-1,-1
434,12,432.3,247.3,29.0,29.3,1,-1,-1,-1
434,16,546.5,205.2,22.8,58.4,1,-1,-1,-1
434,17,960.4,303.0,36.7,42.7,1,-1,-1,-1
434,18,284.1,298.0,28.4,75.1,1,-1,-1,-1
434,21,709.4,451.7,43.3,118.9,1,-1,-1,-1
434,22,538.0,317.5,32.8,70.7,1,-1,-1,-1
434,24,988.9,223.0,23.2,62.0,1,-1,-1,-1
434,25,740.7,161.9,21.7,50.5,1,-1,-1,-1
434,53,658.1,106.2,12.5,24.2,1,-1,-1,-1
434,69,250.0,272.9,28.1,32.5,1,-1,-1,-1
434,72,635.5,89.8,16.5,33.8,1,-1,-1,-1
434,90,284.9,196.6,24.4,52.9,1,-1,-1,-1
434,96,284.8,263.0,31.8,33.7,1,-1,-1,-1
434,110,932.6,217.4,27.3,61.6,1,-1,-1,-1
434,145,510.2,110.0,15.6,36.1,1,-1,-1,-1
434,159,333.0,123.1,23.1,25.0,1,-1,-1,-1
434,160,453.1,46.8,15.0,25.0,1,-1,-1,-1
434,174,303.5,83.8,15.8,30.0,1,-1,-1,-1
434,179,98.0,273.4,34.5,46.1,1,-1,-1,-1
434,186,676.6,387.5,36.8,92.4,1,-1,-1,-1
434,191,790.0,246.3,22.6,52.8,1,-1,-1,-1
434,193,262.5,191.7,22.3,56.6,1,-1,-1,-1
434,196,88.9,469.8,65.6,102.3,1,-1,-1,-1
434,204,184.9,102.8,20.0,40.8,1,-1,-1,-1
434,208,262.8,46.7,14.6,25.3,1,-1,-1,-1
434,211,630.6,328.1,34.6,75.7,1,-1,-1,-1
434,217,214.0,98.0,16.3,30.8,1,-1,-1,-1
434,219,445.0,78.3,17.9,30.4,1,-1,-1,-1
434,220,573.8,334.0,35.6,80.8,1,-1,-1,-1
434,221,284.6,168.0,21.9,50.2,1,-1,-1,-1
434,224,304.7,41.8,14.2,21.2,1,-1,-1,-1
434,230,435.7,375.8,35.2,89.5,1,-1,-1,-1
434,232,164.6,126.5,20.6,33.4,1,-1,-1,-1
434,251,398.8,197.7,20.9,45.4,1,-1,-1,-1
434,253,206.0,86.5,15.7,30.7,1,-1,-1,-1
434,259,149.2,123.1,23.2,42.9,1,-1,-1,-1
434,263,98.5,185.0,24.5,55.5,1,-1,-1,-1
434,272,138.0,466.4,35.6,94.8,1,-1,-1,-1
434,278,805.0,242.7,21.4,51.0,1,-1,-1,-1
434,279,736.2,301.5,34.2,78.1,1,-1,-1,-1
434,284,265.9,88.7,16.5,31.8,1,-1,-1,-1
434,287,88.2,61.4,14.2,25.7,1,-1,-1,-1
434,288,222.6,350.4,46.1,45.1,1,-1,-1,-1
434,292,188.2,407.7,46.2,43.7,1,-1,-1,-1
434,293,1171.2,223.1,21.9,45.2,1,-1,-1,-1
434,295,776.1,286.5,27.2,75.1,1,-1,-1,-1
434,297,41.5,171.7,25.1,52.4,1,-1,-1,-1
434,300,23.2,216.5,27.5,61.2,1,-1,-1,-1
434,304,605.5,116.1,12.4,5.2,1,-1,-1,-1
434,305,278.2,233.9,28.8,32.5,1,-1,-1,-1
434,306,3.4,116.8,18.7,21.3,1,-1,-1,-1
434,307,283.2,235.9,43.0,40.6,1,-1,-1,-1
434,308,0.0,85.7,14.4,28.4,1,-1,-1,-1
435,2,231.3,309.9,49.4,50.2,1,-1,-1,-1
435,6,313.1,299.5,23.3,84.8,1,-1,-1,-1
435,7,335.5,318.1,36.5,92.7,1,-1,-1,-1
435,8,764.5,242.8,22.3,56.1,1,-1,-1,-1
435,12,434.7,246.8,36.4,33.0,1,-1,-1,-1
435,16,547.6,205.4,22.7,58.3,1,-1,-1,-1
435,17,960.8,303.5,38.1,42.6,1,-1,-1,-1
435,18,284.3,296.6,28.5,77.0,1,-1,-1,-1
435,21,707.2,450.5,42.9,120.3,1,-1,-1,-1
435,22,537.2,317.8,32.9,70.9,1,-1,-1,-1
435,24,989.6,223.7,23.9,62.9,1,-1,-1,-1
435,25,742.5,161.3,21.4,51.2,1,-1,-1,-1
435,53,661.0,106.1,12.4,23.6,1,-1,-1,-1
435,69,251.2,272.8,28.7,32.2,1,-1,-1,-1
435,72,636.4,89.4,16.9,34.5,1,-1,-1,-1
435,96,285.7,261.6,32.6,34.7,1,-1,-1,-1
435,110,932.2,214.6,28.7,63.6,1,-1,-1,-1
435,145,516.8,105.5,14.5,36.7,1,-1,-1,-1
435,159,336.3,123.7,22.4,24.7,1,-1,-1,-1
435,160,456.1,48.2,14.8,24.7,1,-1,-1,-1
435,174,306.4,84.0,15.5,30.0,1,-1,-1,-1
435,179,98.9,272.2,34.5,44.0,1,-1,-1,-1
435,186,677.6,386.9,38.4,95.5,1,-1,-1,-1
435,191,791.4,245.1,25.3,52.7,1,-1,-1,-1
435,193,264.9,192.6,21.6,55.1,1,-1,-1,-1
435,196,88.0,468.2,65.1,102.7,1,-1,-1,-1
435,204,187.8,102.2,20.3,40.3,1,-1,-1,-1
435,208,266.0,46.7,14.7,25.5,1,-1,-1,-1
435,211,632.3,327.7,34.1,76.2,1,-1,-1,-1
435,217,217.6,98.0,16.1,31.2,1,-1,-1,-1
435,219,446.0,77.7,17.4,31.0,1,-1,-1,-1
435,220,573.8,333.5,35.0,81.4,1,-1,-1,-1
435,221,286.4,167.2,20.5,48.7,1,-1,-1,-1
435,224,308.3,41.9,13.8,20.5,1,-1,-1,-1
435,230,436.6,376.6,35.0,87.1,1,-1,-1,-1
435,232,167.9,125.7,20.7,33.0,1,-1,-1,-1
435,251,399.7,198.0,20.9,43.9,1,-1,-1,-1
435,253,208.7,85.7,16.3,31.7,1,-1,-1,-1
435,259,150.8,122.9,23.2,42.1,1,-1,-1,-1
435,263,102.1,183.9,24.7,55.7,1,-1,-1,-1
435,272,138.0,467.0,34.9,92.2,1,-1,-1,-1
435,278,807.0,245.8,22.0,51.9,1,-1,-1,-1
435,279,736.1,301.9,33.8,77.7,1,-1,-1,-1
435,284,268.8,88.5,16.6,32.3,1,-1,-1,-1
435,287,89.9,60.8,13.8,27.0,1,-1,-1,-1
435,288,223.6,350.5,45.3,44.6,1,-1,-1,-1
435,292,188.6,407.9,45.0,43.0,1,-1,-1,-1
435,293,1174.1,223.6,24.8,46.5,1,-1,-1,-1
435,295,777.1,284.8,28.1,75.9,1,-1,-1,-1
435,297,45.8,170.8,25.2,52.2,1,-1,-1,-1
435,300,26.9,215.6,27.6,60.8,1,-1,-1,-1
435,303,1126.2,283.6,21.1,44.3,1,-1,-1,-1
435,304,607.5,116.0,13.0,5.1,1,-1,-1,-1
435,305,279.1,234.0,26.6,31.1,1,-1,-1,-1
435,306,5.9,116.7,20.5,20.8,1,-1,-1,-1
435,308,1.6,85.8,15.9,28.4,1,-1,-1,-1
435,309,263.2,261.2,27.7,22.4,1,-1,-1,-1
435,310,208.6,425.8,37.2,55.1,1,-1,-1,-1
436,2,231.3,309.8,49.2,51.6,1,-1,-1,-1
436,6,313.5,299.4,22.7,84.3,1,-1,-1,-1
436,7,336.0,317.8,36.1,92.4,1,-1,-1,-1
436,8,766.8,243.7,23.5,54.1,1,-1,-1,-1
436,12,435.2,246.0,39.8,34.5,1,-1,-1,-1
436,16,549.0,204.5,21.9,58.7,1,-1,-1,-1
436,17,961.1,302.6,37.9,43.0,1,-1,-1,-1
436,18,286.9,299.6,29.9,73.8,1,-1,-1,-1
436,21,705.0,450.3,43.7,121.0,1,-1,-1,-1
436,22,536.1,317.9,33.5,71.8,1,-1,-1,-1
436,24,989.8,223.6,24.4,63.8,1,-1,-1,-1
436,25,744.4,161.1,21.2,51.0,1,-1,-1,-1
436,53,662.3,107.4,13.2,25.6,1,-1,-1,-1
436,69,252.3,272.0,28.8,32.6,1,-1,-1,-1
436,72,639.0,90.2,16.2,33.4,1,-1,-1,-1
436,90,284.7,196.6,26.6,53.7,1,-1,-1,-1
436,96,285.3,262.2,32.6,34.1,1,-1,-1,-1
436,110,933.4,214.9,28.8,63.0,1,-1,-1,-1
436,159,338.8,123.8,21.3,24.1,1,-1,-1,-1
436,160,457.7,45.9,14.3,23.1,1,-1,-1,-1
436,174,309.4,83.9,15.2,30.1,1,-1,-1,-1
436,179,99.8,272.0,34.0,42.6,1,-1,-1,-1
436,186,677.4,386.9,39.9,96.5,1,-1,-1,-1
436,191,791.9,244.3,24.7,53.0,1,-1,-1,-1
436,193,266.1,190.7,20.5,56.3,1,-1,-1,-1
436,196,86.9,467.2,65.3,103.1,1,-1,-1,-1
436,204,190.2,102.0,19.6,40.1,1,-1,-1,-1
436,208,268.1,46.6,14.8,25.9,1,-1,-1,-1
436,211,636.5,327.6,33.1,75.8,1,-1,-1,-1
436,217,220.2,97.4,15.8,31.1,1,-1,-1,-1
436,219,448.0,75.9,17.2,31.6,1,-1,-1,-1
436,220,573.8,333.2,34.8,81.6,1,-1,-1,-1
436,221,288.4,166.7,19.3,45.6,1,-1,-1,-1
436,224,310.6,43.2,14.0,19.6,1,-1,-1,-1
436,230,437.2,379.0,35.3,85.8,1,-1,-1,-1
436,251,401.6,198.5,20.3,42.7,1,-1,-1,-1
436,253,210.6,84.8,16.0,31.7,1,-1,-1,-1
436,259,154.7,124.1,21.6,42.5,1,-1,-1,-1
436,263,105.5,183.4,24.5,55.3,1,-1,-1,-1
436,272,137.6,465.8,34.1,91.1,1,-1,-1,-1
436,279,735.3,301.3,34.3,77.9,1,-1,-1,-1
436,284,270.8,88.1,17.4,33.4,1,-1,-1,-1
436,287,91.9,61.4,13.9,26.8,1,-1,-1,-1
436,288,224.5,350.3,44.2,44.3,1,-1,-1,-1
436,292,188.6,407.3,44.8,42.1,1,-1,-1,-1
436,293,1177.6,224.1,25.6,47.9,1,-1,-1,-1
436,295,780.4,285.4,28.4,75.3,1,-1,-1,-1
436,297,49.5,170.2,25.2,51.5,1,-1,-1,-1
436,300,31.5,214.7,29.8,60.8,1,-1,-1,-1
436,303,1126.3,282.5,21.8,45.0,1,-1,-1,-1
436,304,609.4,116.0,13.4,5.0,1,-1,-1,-1
436,305,278.9,234.0,26.0,29.5,1,-1,-1,-1
436,306,8.7,116.6,20.3,20.4,1,-1,-1,-1
436,308,5.9,85.0,16.5,29.9,1,-1,-1,-1
436,309,264.6,262.2,27.9,21.1,1,-1,-1,-1
436,310,221.0,423.6,23.7,55.2,1,-1,-1,-1
436,311,510.5,116.0,17.7,30.1,1,-1,-1,-1
437,2,232.0,309.1,48.8,52.4,1,-1,-1,-1
437,6,315.1,300.4,22.7,81.8,1,-1,-1,-1
437,7,336.6,317.8,36.0,91.3,1,-1,-1,-1
437,8,765.7,243.1,24.2,54.9,1,-1,-1,-1
437,12,435.0,245.2,38.7,32.2,1,-1,-1,-1
437,16,550.3,204.5,22.2,59.0,1,-1,-1,-1
437,17,961.9,303.3,38.4,42.7,1,-1,-1,-1
437,18,287.8,299.4,30.7,72.9,1,-1,-1,-1
437,21,703.1,449.8,42.8,120.3,1,-1,-1,-1
437,22,536.1,317.8,34.3,75.3,1,-1,-1,-1
437,24,989.8,222.2,24.6,64.5,1,-1,-1,-1
437,25,746.4,162.2,21.2,49.9,1,-1,-1,-1
437,53,664.3,107.8,13.6,26.0,1,-1,-1,-1
437,69,253.7,270.1,28.5,34.1,1,-1,-1,-1
437,72,641.7,90.6,15.5,32.6,1,-1,-1,-1
437,90,287.0,196.4,25.6,52.4,1,-1,-1,-1
437,96,286.1,261.1,33.5,35.4,1,-1,-1,-1
437,110,936.2,215.8,27.6,62.1,1,-1,-1,-1
437,159,340.7,123.4,21.3,24.4,1,-1,-1,-1
437,160,459.2,45.2,14.2,22.0,1,-1,-1,-1
437,174,311.4,83.8,14.8,29.6,1,-1,-1,-1
437,179,100.3,272.1,34.1,44.3,1,-1,-1,-1
437,186,678.7,392.3,39.4,93.8,1,-1,-1,-1
437,191,792.0,243.7,23.7,54.4,1,-1,-1,-1
437,193,266.3,189.7,22.3,55.3,1,-1,-1,-1
437,196,85.8,466.1,65.9,103.3,1,-1,-1,-1
437,204,192.8,102.1,19.6,39.8,1,-1,-1,-1
437,208,271.3,46.5,14.1,25.5,1,-1,-1,-1
437,211,637.6,327.6,32.5,75.7,1,-1,-1,-1
437,217,220.5,95.7,16.9,32.7,1,-1,-1,-1
437,219,451.6,75.6,17.7,32.2,1,-1,-1,-1
437,220,575.0,334.3,31.7,79.6,1,-1,-1,-1
437,221,289.2,167.2,22.6,50.4,1,-1,-1,-1
437,224,312.8,43.7,13.8,19.8,1,-1,-1,-1
437,230,439.5,380.9,35.9,89.2,1,-1,-1,-1
437,232,171.2,126.1,20.7,33.4,1,-1,-1,-1
437,251,402.1,198.1,20.8,42.9,1,-1,-1,-1
437,253,213.5,84.7,15.9,32.3,1,-1,-1,-1
437,259,155.6,123.4,21.5,42.2,1,-1,-1,-1
437,263,109.8,182.7,24.2,53.7,1,-1,-1,-1
437,272,137.4,466.2,33.8,88.6,1,-1,-1,-1
437,278,807.4,242.6,21.9,52.9,1,-1,-1,-1
437,279,736.6,302.7,33.6,77.9,1,-1,-1,-1
437,284,273.6,88.2,17.7,34.0,1,-1,-1,-1
437,287,96.3,62.1,13.9,25.8,1,-1,-1,-1
437,288,225.2,350.1,43.6,44.2,1,-1,-1,-1
437,292,188.4,406.9,44.3,41.1,1,-1,-1,-1
437,293,1178.8,223.6,26.7,48.3,1,-1,-1,-1
437,295,782.8,286.6,28.0,73.8,1,-1,-1,-1
437,297,52.4,170.3,24.7,51.7,1,-1,-1,-1
437,300,34.0,213.8,28.0,59.4,1,-1,-1,-1
437,303,1126.5,281.5,22.5,46.1,1,-1,-1,-1
437,304,611.7,116.1,13.5,5.0,1,-1,-1,-1
437,305,280.4,234.3,25.2,28.3,1,-1,-1,-1
437,306,13.1,116.3,19.6,19.9,1,-1,-1,-1
437,308,8.0,84.3,16.4,32.8,1,-1,-1,-1
437,309,268.9,254.2,31.0,26.8,1,-1,-1,-1
437,311,512.7,107.5,17.8,38.2,1,-1,-1,-1
437,312,0.0,206.6,15.1,44.7,1,-1,-1,-1
438,2,233.4,308.8,47.2,50.7,1,-1,-1,-1
438,6,315.9,301.0,22.5,79.9,1,-1,-1,-1
438,7,336.1,318.2,36.5,90.9,1,-1,-1,-1
438,8,765.9,243.2,24.2,55.7,1,-1,-1,-1
438,12,435.0,245.8,33.3,29.9,1,-1,-1,-1
438,16,551.6,204.2,22.2,59.2,1,-1,-1,-1
438,17,962.9,303.8,40.0,42.6,1,-1,-1,-1
438,18,285.5,296.7,29.6,75.4,1,-1,-1,-1
438,21,702.2,450.4,42.0,120.8,1,-1,-1,-1
438,22,535.8,317.3,34.7,77.6,1,-1,-1,-1
438,24,989.8,222.8,24.2,64.1,1,-1,-1,-1
438,25,748.1,161.8,21.4,50.3,1,-1,-1,-1
438,53,667.4,108.3,13.9,26.9,1,-1,-1,-1
438,69,255.1,270.6,27.7,33.5,1,-1,-1,-1
438,72,643.4,89.7,16.9,33.5,1,-1,-1,-1
438,90,289.3,196.0,24.9,53.9,1,-1,-1,-1
438,96,286.2,259.8,34.6,35.3,1,-1,-1,-1
438,110,940.2,216.0,25.2,59.4,1,-1,-1,-1
438,159,343.5,123.5,21.4,24.2,1,-1,-1,-1
438,160,462.0,46.5,13.9,20.9,1,-1,-1,-1
438,174,314.1,83.9,14.9,29.4,1,-1,-1,-1
438,179,101.3,271.1,34.6,45.3,1,-1,-1,-1
438,186,676.6,390.1,42.0,98.1,1,-1,-1,-1
438,191,792.6,244.0,23.4,55.8,1,-1,-1,-1
438,193,268.4,189.9,21.3,54.6,1,-1,-1,-1
438,196,85.1,464.5,65.8,102.7,1,-1,-1,-1
438,204,195.8,101.9,19.0,39.7,1,-1,-1,-1
438,208,275.6,46.8,14.5,25.4,1,-1,-1,-1
438,211,637.5,328.0,32.3,75.6,1,-1,-1,-1
438,217,220.9,94.3,17.2,33.4,1,-1,-1,-1
438,219,453.6,76.1,17.5,32.0,1,-1,-1,-1
438,220,573.3,333.2,34.3,81.6,1,-1,-1,-1
438,221,290.0,166.5,24.3,52.1,1,-1,-1,-1
438,224,314.9,43.3,13.5,20.6,1,-1,-1,-1
438,230,442.0,380.7,36.9,91.9,1,-1,-1,-1
438,232,170.2,123.0,21.8,34.5,1,-1,-1,-1
438,251,402.5,197.3,21.1,43.2,1,-1,-1,-1
438,253,218.2,84.8,17.4,36.5,1,-1,-1,-1
438,259,157.0,122.8,21.4,41.2,1,-1,-1,-1
438,263,113.3,181.1,24.3,52.0,1,-1,-1,-1
438,272,136.5,460.0,35.0,92.0,1,-1,-1,-1
438,278,808.2,240.1,21.0,50.5,1,-1,-1,-1
438,279,737.7,303.1,32.8,77.7,1,-1,-1,-1
438,284,274.9,87.7,18.2,33.7,1,-1,-1,-1
438,287,98.2,62.0,14.2,26.0,1,-1,-1,-1
438,288,225.8,349.9,43.3,44.5,1,-1,-1,-1
438,293,1178.8,223.3,27.8,48.4,1,-1,-1,-1
438,295,787.0,286.9,31.5,73.6,1,-1,-1,-1
438,297,56.3,170.0,24.7,50.4,1,-1,-1,-1
438,300,39.3,212.5,27.4,59.9,1,-1,-1,-1
438,303,1127.1,282.1,22.1,45.6,1,-1,-1,-1
438,304,613.8,116.1,13.5,5.1,1,-1,-1,-1
438,305,282.9,233.7,26.2,30.1,1,-1,-1,-1
438,306,15.6,116.4,20.5,20.4,1,-1,-1,-1
438,308,11.8,84.4,15.1,32.2,1,-1,-1,-1
438,309,277.6,245.5,32.2,29.4,1,-1,-1,-1
438,311,515.0,113.7,17.9,33.7,1,-1,-1,-1
438,312,-0.1,204.0,17.5,46.7,1,-1,-1,-1
438,313,167.4,423.6,83.9,52.8,1,-1,-1,-1
439,2,236.9,310.4,45.4,49.9,1,-1,-1,-1
439,6,316.3,300.7,22.1,78.6,1,-1,-1,-1
439,7,337.2,317.5,34.6,90.0,1,-1,-1,-1
439,8,768.8,245.4,23.3,53.0,1,-1,-1,-1
439,12,437.1,246.5,29.0,27.8,1,-1,-1,-1
439,16,553.0,203.8,22.1,59.8,1,-1,-1,-1
439,17,963.1,303.0,39.6,42.9,1,-1,-1,-1
439,18,285.6,295.6,28.9,76.2,1,-1,-1,-1
439,21,702.0,450.0,41.5,120.8,1,-1,-1,-1
439,22,535.7,316.9,34.7,78.5,1,-1,-1,-1
439,24,991.4,226.4,23.5,62.4,1,-1,-1,-1
439,25,749.3,162.1,21.5,50.5,1,-1,-1,-1
439,53,669.7,106.0,14.5,29.6,1,-1,-1,-1
439,69,256.1,270.0,27.6,33.5,1,-1,-1,-1
439,72,645.8,89.6,17.4,33.7,1,-1,-1,-1
439,90,292.1,195.9,24.5,54.4,1,-1,-1,-1
439,96,287.1,260.1,35.3,34.0,1,-1,-1,-1
439,110,941.4,216.1,24.2,56.9,1,-1,-1,-1
439,159,346.7,122.5,20.9,24.4,1,-1,-1,-1
439,160,466.3,49.0,14.3,21.7,1,-1,-1,-1
439,174,315.6,83.6,15.5,29.1,1,-1,-1,-1
439,179,102.7,270.7,35.8,44.7,1,-1,-1,-1
439,186,679.3,393.6,40.3,90.4,1,-1,-1,-1
439,191,793.8,244.3,23.1,56.6,1,-1,-1,-1
439,193,270.3,190.2,21.2,54.4,1,-1,-1,-1
439,196,84.9,463.5,65.5,102.1,1,-1,-1,-1
439,204,198.0,101.8,19.3,39.7,1,-1,-1,-1
439,208,278.2,47.2,14.7,25.3,1,-1,-1,-1
439,211,637.5,328.3,32.1,75.6,1,-1,-1,-1
439,219,455.1,75.7,17.7,32.4,1,-1,-1,-1
439,220,572.1,332.5,35.7,82.6,1,-1,-1,-1
439,221,291.0,166.3,24.9,53.0,1,-1,-1,-1
439,224,317.8,43.4,12.7,20.9,1,-1,-1,-1
439,230,446.2,382.1,35.3,93.5,1,-1,-1,-1
439,232,172.6,122.0,21.8,35.4,1,-1,-1,-1
439,251,403.6,196.0,20.5,42.5,1,-1,-1,-1
439,253,223.4,86.3,18.0,38.3,1,-1,-1,-1
439,259,160.8,123.7,20.9,38.7,1,-1,-1,-1
439,263,116.8,180.8,25.3,51.1,1,-1,-1,-1
439,272,133.7,455.3,37.3,94.4,1,-1,-1,-1
439,278,808.9,240.8,20.4,48.5,1,-1,-1,-1
439,279,737.6,302.6,32.7,77.9,1,-1,-1,-1
439,284,278.1,87.3,17.2,32.9,1,-1,-1,-1
439,287,99.1,61.9,14.7,26.1,1,-1,-1,-1
439,288,225.3,348.7,43.7,43.1,1,-1,-1,-1
439,293,1180.2,221.3,26.7,50.2,1,-1,-1,-1
439,295,787.4,288.3,34.1,72.7,1,-1,-1,-1
439,297,59.5,169.6,23.4,49.1,1,-1,-1,-1
439,300,42.6,212.3,26.5,57.2,1,-1,-1,-1
439,303,1127.3,282.3,22.0,45.8,1,-1,-1,-1
439,304,615.5,116.0,13.2,5.1,1,-1,-1,-1
439,305,284.6,233.5,26.5,31.8,1,-1,-1,-1
439,306,19.2,116.3,19.6,20.3,1,-1,-1,-1
439,308,16.3,84.2,16.5,31.6,1,-1,-1,-1
439,311,516.4,116.0,18.1,31.1,1,-1,-1,-1
439,312,-0.2,194.3,18.6,54.3,1,-1,-1,-1
439,313,167.4,423.2,83.7,52.5,1,-1,-1,-1
439,315,228.3,116.0,17.7,13.1,1,-1,-1,-1
440,2,239.4,310.6,43.6,49.2,1,-1,-1,-1
440,6,316.0,300.1,22.5,79.1,1,-1,-1,-1
440,7,337.8,316.8,33.9,90.1,1,-1,-1,-1
440,8,769.2,245.5,23.6,51.5,1,-1,-1,-1
440,12,439.8,245.0,30.7,29.7,1,-1,-1,-1
440,16,554.3,203.3,22.4,60.9,1,-1,-1,-1
440,17,963.2,302.9,39.5,42.9,1,-1,-1,-1
440,18,286.7,295.0,28.2,76.1,1,-1,-1,-1
440,21,701.8,449.3,40.9,119.4,1,-1,-1,-1
440,22,535.6,317.0,34.5,77.9,1,-1,-1,-1
440,24,993.4,232.5,22.1,58.3,1,-1,-1,-1
440,25,749.6,161.8,22.1,51.0,1,-1,-1,-1
440,53,671.9,105.8,14.6,29.4,1,-1,-1,-1
440,69,257.1,270.4,27.8,32.7,1,-1,-1,-1
440,72,647.0,89.0,17.1,34.5,1,-1,-1,-1
440,96,288.8,261.5,34.1,31.9,1,-1,-1,-1
440,110,938.9,216.9,24.6,58.6,1,-1,-1,-1
440,159,348.4,122.1,21.0,24.8,1,-1,-1,-1
440,160,467.9,49.0,14.8,23.0,1,-1,-1,-1
440,174,319.1,83.2,16.7,29.5,1,-1,-1,-1
440,179,104.8,270.2,35.5,43.9,1,-1,-1,-1
440,186,680.6,395.9,40.0,88.5,1,-1,-1,-1
440,191,794.4,243.8,22.9,55.3,1,-1,-1,-1
440,193,270.2,189.5,23.7,58.8,1,-1,-1,-1
440,196,85.9,461.8,63.6,103.3,1,-1,-1,-1
440,204,200.6,101.5,19.1,39.8,1,-1,-1,-1
440,208,281.2,47.3,14.7,25.8,1,-1,-1,-1
440,211,637.3,328.7,31.7,74.8,1,-1,-1,-1
440,217,221.1,82.6,17.2,35.8,1,-1,-1,-1
440,219,456.5,75.5,17.4,32.7,1,-1,-1,-1
440,220,571.2,332.0,36.4,83.3,1,-1,-1,-1
440,221,294.2,166.0,24.7,55.4,1,-1,-1,-1
440,224,321.4,43.5,13.6,20.6,1,-1,-1,-1
440,230,444.9,380.6,37.0,98.8,1,-1,-1,-1
440,232,174.2,120.5,22.1,36.1,1,-1,-1,-1
440,251,404.8,195.1,19.6,43.9,1,-1,-1,-1
440,259,160.7,123.6,22.6,40.8,1,-1,-1,-1
440,263,120.8,181.8,26.7,50.9,1,-1,-1,-1
440,272,132.3,453.5,38.6,95.1,1,-1,-1,-1
440,278,809.7,241.8,20.0,47.9,1,-1,-1,-1
440,279,736.4,302.0,33.3,78.2,1,-1,-1,-1
440,284,281.1,87.5,16.7,32.5,1,-1,-1,-1
440,287,100.1,61.4,14.6,26.3,1,-1,-1,-1
440,288,224.6,348.1,45.1,43.1,1,-1,-1,-1
440,293,1180.9,221.6,25.7,50.2,1,-1,-1,-1
440,295,787.6,287.9,33.4,73.5,1,-1,-1,-1
440,297,62.3,168.7,24.3,49.6,1,-1,-1,-1
440,300,45.4,209.0,27.8,58.8,1,-1,-1,-1
440,303,1127.6,284.3,21.2,44.7,1,-1,-1,-1
440,304,617.7,116.0,13.0,5.0,1,-1,-1,-1
440,305,285.7,232.9,25.9,30.9,1,-1,-1,-1
440,306,22.2,116.1,19.0,20.1,1,-1,-1,-1
440,308,18.7,84.1,16.7,32.7,1,-1,-1,-1
440,311,517.7,108.6,18.7,37.5,1,-1,-1,-1
440,312,-0.0,188.9,20.9,60.3,1,-1,-1,-1
440,313,166.5,422.6,84.2,52.5,1,-1,-1,-1
440,315,231.5,116.4,17.4,13.6,1,-1,-1,-1
440,316,268.8,259.5,22.9,21.5,1,-1,-1,-1
440,317,0.2,116.6,11.3,28.6,1,-1,-1,-1
441,2,241.2,310.2,42.0,48.9,1,-1,-1,-1
441,6,318.6,299.7,22.2,80.6,1,-1,-1,-1
441,7,338.0,316.5,33.5,90.8,1,-1,-1,-1
441,8,769.3,244.1,23.5,53.6,1,-1,-1,-1
441,12,440.7,244.3,29.7,30.1,1,-1,-1,-1
441,16,555.2,203.2,22.4,61.1,1,-1,-1,-1
441,17,963.5,303.2,39.4,42.9,1,-1,-1,-1
441,18,289.7,295.9,28.8,72.7,1,-1,-1,-1
441,21,701.4,449.2,40.0,117.6,1,-1,-1,-1
441,22,535.5,317.6,34.8,77.1,1,-1,-1,-1
441,24,995.3,234.6,20.8,55.0,1,-1,-1,-1
441,25,751.9,162.3,22.5,50.4,1,-1,-1,-1
441,53,674.4,107.4,14.7,28.1,1,-1,-1,-1
441,69,257.7,270.5,28.0,32.4,1,-1,-1,-1
441,72,650.1,89.9,16.3,34.2,1,-1,-1,-1
441,90,291.0,193.4,25.0,53.6,1,-1,-1,-1
441,96,289.1,261.5,35.1,31.8,1,-1,-1,-1
441,110,943.2,217.6,24.8,56.8,1,-1,-1,-1
441,159,350.7,122.4,20.0,24.7,1,-1,-1,-1
441,160,469.5,46.1,14.9,23.3,1,-1,-1,-1
441,174,321.7,83.2,15.7,29.4,1,-1,-1,-1
441,179,106.3,269.3,35.6,46.2,1,-1,-1,-1
441,186,681.4,397.3,39.7,91.0,1,-1,-1,-1
441,191,795.1,244.3,22.7,54.0,1,-1,-1,-1
441,193,270.8,187.6,24.6,59.9,1,-1,-1,-1
441,196,86.7,460.1,61.7,103.2,1,-1,-1,-1
441,204,203.1,101.5,19.0,39.2,1,-1,-1,-1
441,208,286.0,47.2,15.1,25.0,1,-1,-1,-1
441,211,633.9,327.9,33.9,76.4,1,-1,-1,-1
441,217,225.0,83.8,17.2,36.6,1,-1,-1,-1
441,219,458.4,75.6,16.8,32.6,1,-1,-1,-1
441,220,570.7,331.7,36.5,83.8,1,-1,-1,-1
441,221,297.1,165.4,23.4,55.6,1,-1,-1,-1
441,224,323.5,43.7,13.8,21.1,1,-1,-1,-1
441,230,446.0,383.9,35.5,97.7,1,-1,-1,-1
441,251,406.2,194.6,19.3,44.4,1,-1,-1,-1
441,253,234.2,98.1,15.5,31.3,1,-1,-1,-1
441,259,160.8,123.4,23.0,40.4,1,-1,-1,-1
441,263,122.1,179.7,26.1,53.2,1,-1,-1,-1
441,272,131.0,450.5,38.4,93.9,1,-1,-1,-1
441,278,810.4,242.2,20.0,47.3,1,-1,-1,-1
441,279,736.0,301.7,33.7,78.3,1,-1,-1,-1
441,284,284.4,87.6,17.0,32.9,1,-1,-1,-1
441,287,101.4,60.8,14.4,26.2,1,-1,-1,-1
441,288,224.8,347.8,45.5,43.0,1,-1,-1,-1
441,293,1182.1,221.9,25.1,50.2,1,-1,-1,-1
441,295,791.3,288.4,33.0,73.0,1,-1,-1,-1
441,297,66.6,167.9,24.4,49.3,1,-1,-1,-1
441,300,50.8,208.2,29.0,60.0,1,-1,-1,-1
441,303,1127.7,284.7,20.9,44.2,1,-1,-1,-1
441,304,620.2,116.0,12.7,5.0,1,-1,-1,-1
441,305,286.1,231.4,26.0,30.7,1,-1,-1,-1
441,306,25.3,116.2,18.1,20.2,1,-1,-1,-1
441,308,20.6,83.3,16.2,31.6,1,-1,-1,-1
441,311,519.6,112.9,18.9,34.2,1,-1,-1,-1
441,312,0.1,187.6,23.7,59.2,1,-1,-1,-1
441,313,165.9,420.1,84.2,54.3,1,-1,-1,-1
441,316,265.8,259.5,22.9,21.5,1,-1,-1,-1
441,317,0.1,114.4,11.1,30.3,1,-1,-1,-1
442,2,241.1,309.6,42.0,48.2,1,-1,-1,-1
442,6,319.3,299.2,21.5,81.2,1,-1,-1,-1
442,7,337.4,314.7,34.3,91.3,1,-1,-1,-1
442,8,770.1,244.6,24.3,53.0,1,-1,-1,-1
442,12,441.7,243.9,29.9,29.7,1,-1,-1,-1
442,16,555.9,203.1,22.0,60.3,1,-1,-1,-1
442,17,964.3,303.4,39.4,43.2,1,-1,-1,-1
442,18,290.0,292.9,28.9,74.6,1,-1,-1,-1
442,21,701.3,449.3,38.6,116.8,1,-1,-1,-1
442,22,534.4,317.9,35.2,76.1,1,-1,-1,-1
442,24,996.5,236.3,20.2,52.7,1,-1,-1,-1
442,25,752.3,161.7,22.2,50.7,1,-1,-1,-1
442,53,677.7,109.2,14.5,26.5,1,-1,-1,-1
442,69,258.9,269.7,27.9,32.2,1,-1,-1,-1
442,72,653.3,90.0,15.2,33.1,1,-1,-1,-1
442,90,292.3,193.0,24.6,53.3,1,-1,-1,-1
442,96,289.3,259.9,37.1,32.9,1,-1,-1,-1
442,110,945.7,217.8,25.7,58.7,1,-1,-1,-1
442,159,352.3,121.7,20.2,25.2,1,-1,-1,-1
442,160,471.4,44.7,14.5,21.8,1,-1,-1,-1
442,174,323.9,82.2,16.1,29.9,1,-1,-1,-1
442,179,108.0,269.1,35.3,45.0,1,-1,-1,-1
442,186,683.0,397.5,39.8,92.5,1,-1,-1,-1
442,191,797.1,246.3,24.8,52.4,1,-1,-1,-1
442,193,273.4,187.0,23.9,59.1,1,-1,-1,-1
442,196,86.1,459.7,61.2,102.7,1,-1,-1,-1
442,204,206.0,101.4,18.7,39.3,1,-1,-1,-1
442,208,288.7,46.7,15.3,24.7,1,-1,-1,-1
442,211,632.4,327.5,35.0,77.1,1,-1,-1,-1
442,217,229.3,84.7,17.5,37.5,1,-1,-1,-1
442,219,460.5,75.6,16.4,32.8,1,-1,-1,-1
442,220,570.4,330.9,36.8,84.0,1,-1,-1,-1
442,221,299.0,164.5,22.0,52.7,1,-1,-1,-1
442,224,325.4,43.2,13.7,21.4,1,-1,-1,-1
442,230,446.7,386.3,34.5,96.4,1,-1,-1,-1
442,232,176.7,117.3,18.5,34.9,1,-1,-1,-1
442,251,406.1,193.9,19.6,43.6,1,-1,-1,-1
442,253,238.7,101.6,15.2,30.4,1,-1,-1,-1
442,259,160.8,123.6,24.0,41.0,1,-1,-1,-1
442,263,127.8,177.9,30.2,53.4,1,-1,-1,-1
442,272,130.7,450.0,38.4,93.0,1,-1,-1,-1
442,278,811.3,243.6,19.7,46.4,1,-1,-1,-1
442,279,735.6,301.4,33.7,77.4,1,-1,-1,-1
442,284,285.9,87.6,17.4,32.7,1,-1,-1,-1
442,287,106.0,62.2,14.2,25.4,1,-1,-1,-1
442,288,224.9,347.7,45.5,43.6,1,-1,-1,-1
442,293,1183.7,223.8,26.9,49.8,1,-1,-1,-1
442,295,796.6,288.5,30.3,72.7,1,-1,-1,-1
442,297,69.7,167.4,23.7,48.4,1,-1,-1,-1
442,298,659.3,225.0,17.6,33.0,1,-1,-1,-1
442,300,55.4,207.5,28.2,59.1,1,-1,-1,-1
442,303,1127.9,284.9,21.0,44.5,1,-1,-1,-1
442,304,622.9,116.0,12.2,5.0,1,-1,-1,-1
442,305,287.9,232.0,25.3,29.8,1,-1,-1,-1
442,306,28.4,116.1,18.6,20.2,1,-1,-1,-1
442,308,24.4,83.2,15.5,31.2,1,-1,-1,-1
442,311,521.2,115.3,18.4,31.7,1,-1,-1,-1
442,312,1.6,188.5,26.1,57.9,1,-1,-1,-1
442,313,165.7,417.1,84.9,56.8,1,-1,-1,-1
442,314,52.4,187.6,20.7,27.1,1,-1,-1,-1
442,317,0.6,114.2,12.5,29.8,1,-1,-1,-1
442,318,277.8,247.8,33.2,27.0,1,-1,-1,-1
442,319,0.0,315.3,9.7,49.5,1,-1,-1,-1
443,2,239.1,307.2,43.9,47.9,1,-1,-1,-1
443,6,319.0,299.4,21.5,80.6,1,-1,-1,-1
443,7,337.8,314.0,34.5,92.1,1,-1,-1,-1
443,8,771.6,243.4,22.9,54.6,1,-1,-1,-1
443,12,442.3,243.6,30.3,29.4,1,-1,-1,-1
443,16,556.9,203.5,22.1,59.3,1,-1,-1,-1
443,17,965.1,304.2,39.0,43.2,1,-1,-1,-1
443,18,286.4,293.0,28.8,76.6,1,-1,-1,-1
443,21,700.7,448.3,38.6,117.1,1,-1,-1,-1
443,22,534.2,318.1,35.0,75.5,1,-1,-1,-1
443,24,997.2,233.3,21.0,54.5,1,-1,-1,-1
443,25,753.9,161.9,22.3,50.4,1,-1,-1,-1
443,53,680.5,109.1,14.4,26.3,1,-1,-1,-1
443,69,260.2,269.1,27.7,32.0,1,-1,-1,-1
443,72,655.9,90.0,14.9,32.3,1,-1,-1,-1
443,90,294.3,193.0,23.5,52.4,1,-1,-1,-1
443,96,291.2,258.9,37.3,34.0,1,-1,-1,-1
443,110,947.1,217.8,25.9,60.2,1,-1,-1,-1
443,159,354.6,121.5,20.9,25.3,1,-1,-1,-1
443,160,474.6,46.7,13.7,21.7,1,-1,-1,-1
443,174,326.2,82.6,15.7,30.2,1,-1,-1,-1
443,179,109.4,268.6,35.1,44.9,1,-1,-1,-1
443,186,683.5,397.5,40.3,93.1,1,-1,-1,-1
443,191,797.4,245.8,25.5,52.3,1,-1,-1,-1
443,193,278.4,187.8,21.5,56.4,1,-1,-1,-1
443,196,86.2,458.5,61.1,102.9,1,-1,-1,-1
443,204,208.6,101.1,18.8,38.8,1,-1,-1,-1
443,208,291.8,46.2,15.1,25.1,1,-1,-1,-1
443,211,634.6,328.2,35.3,75.6,1,-1,-1,-1
443,217,231.6,84.3,18.2,38.7,1,-1,-1,-1
443,219,464.2,76.0,16.5,32.5,1,-1,-1,-1
443,220,570.6,330.8,36.5,83.7,1,-1,-1,-1
443,221,300.8,165.3,21.8,51.5,1,-1,-1,-1
443,224,328.3,42.5,13.5,20.8,1,-1,-1,-1
443,230,447.4,387.4,34.0,94.7,1,-1,-1,-1
443,232,179.3,117.5,18.5,34.5,1,-1,-1,-1
443,251,406.2,191.9,19.9,43.6,1,-1,-1,-1
443,259,161.8,122.9,24.6,41.4,1,-1,-1,-1
443,263,131.1,177.6,30.7,52.6,1,-1,-1,-1
443,272,130.6,449.3,38.6,93.6,1,-1,-1,-1
443,279,735.2,301.2,34.0,76.9,1,-1,-1,-1
443,284,288.6,86.9,16.7,31.9,1,-1,-1,-1
443,287,108.4,61.4,14.4,25.8,1,-1,-1,-1
443,288,223.8,350.8,51.0,52.2,1,-1,-1,-1
443,293,1187.7,224.7,25.4,47.8,1,-1,-1,-1
443,295,800.0,287.9,28.9,74.0,1,-1,-1,-1
443,297,73.0,167.1,23.8,48.0,1,-1,-1,-1
443,298,660.1,225.1,17.1,33.3,1,-1,-1,-1
443,300,59.4,206.3,29.0,57.5,1,-1,-1,-1
443,303,1127.6,284.4,21.4,44.5,1,-1,-1,-1
443,304,625.3,116.1,12.5,5.1,1,-1,-1,-1
443,305,288.8,232.3,26.8,28.6,1,-1,-1,-1
443,306,32.1,116.0,18.7,19.8,1,-1,-1,-1
443,308,28.9,83.5,16.1,31.9,1,-1,-1,-1
443,311,523.2,116.2,18.4,30.5,1,-1,-1,-1
443,312,3.4,186.7,28.2,58.3,1,-1,-1,-1
443,313,165.8,415.9,85.7,57.9,1,-1,-1,-1
443,314,55.0,193.0,19.2,21.9,1,-1,-1,-1
443,315,238.7,116.0,16.2,11.9,1,-1,-1,-1
443,317,0.4,112.4,13.9,31.2,1,-1,-1,-1
443,318,279.2,248.0,33.1,27.0,1,-1,-1,-1
443,319,0.1,310.8,11.4,50.7,1,-1,-1,-1
443,320,738.4,68.5,11.2,21.4,1,-1,-1,-1
444,2,238.7,306.5,45.4,47.3,1,-1,-1,-1
444,6,318.4,299.2,22.2,79.5,1,-1,-1,-1
444,7,338.3,313.2,34.4,92.5,1,-1,-1,-1
444,8,772.1,242.7,22.8,55.2,1,-1,-1,-1
444,12,442.7,243.1,30.7,29.3,1,-1,-1,-1
444,16,557.7,203.9,22.2,58.4,1,-1,-1,-1
444,17,965.7,304.5,39.0,43.2,1,-1,-1,-1
444,18,285.9,291.8,29.2,78.1,1,-1,-1,-1
444,21,699.3,447.0,39.8,119.4,1,-1,-1,-1
444,22,535.4,317.8,34.3,74.5,1,-1,-1,-1
444,24,998.5,233.6,21.3,54.5,1,-1,-1,-1
444,25,755.5,162.0,22.1,50.0,1,-1,-1,-1
444,53,684.3,109.4,13.3,25.2,1,-1,-1,-1
444,69,261.5,268.5,27.9,32.4,1,-1,-1,-1
444,72,657.6,89.3,16.3,33.7,1,-1,-1,-1
444,90,295.8,192.9,22.4,51.9,1,-1,-1,-1
444,96,295.2,258.2,35.0,34.5,1,-1,-1,-1
444,110,947.6,217.6,25.9,61.4,1,-1,-1,-1
444,159,356.9,121.6,21.3,25.3,1,-1,-1,-1
444,160,478.2,47.8,13.8,22.2,1,-1,-1,-1
444,174,328.9,82.9,15.5,30.4,1,-1,-1,-1
444,179,110.3,267.9,34.8,44.8,1,-1,-1,-1
444,186,683.4,398.8,41.6,92.4,1,-1,-1,-1
444,191,798.2,245.7,25.6,51.9,1,-1,-1,-1
444,193,278.4,186.7,24.1,58.5,1,-1,-1,-1
444,196,85.9,455.9,60.6,103.4,1,-1,-1,-1
444,204,211.4,100.9,18.8,38.9,1,-1,-1,-1
444,208,296.8,46.7,15.2,24.9,1,-1,-1,-1
444,211,633.2,328.7,35.8,74.2,1,-1,-1,-1
444,217,233.1,83.4,17.5,38.0,1,-1,-1,-1
444,219,465.4,75.4,16.9,33.3,1,-1,-1,-1
444,220,573.4,332.2,32.1,79.9,1,-1,-1,-1
444,221,303.0,165.2,23.0,51.0,1,-1,-1,-1
444,224,331.8,43.4,13.9,19.4,1,-1,-1,-1
444,230,448.1,388.4,34.5,93.3,1,-1,-1,-1
444,232,181.8,117.8,20.0,35.7,1,-1,-1,-1
444,251,405.9,189.3,20.6,45.7,1,-1,-1,-1
444,259,162.4,122.0,24.0,41.6,1,-1,-1,-1
444,263,135.6,176.5,30.7,52.1,1,-1,-1,-1
444,272,130.1,452.9,39.6,93.3,1,-1,-1,-1
444,278,813.6,243.3,21.3,49.4,1,-1,-1,-1
444,279,734.2,300.8,34.8,77.1,1,-1,-1,-1
444,284,291.6,86.7,16.0,30.8,1,-1,-1,-1
444,287,109.6,60.5,14.4,25.6,1,-1,-1,-1
444,288,224.7,352.9,52.1,53.0,1,-1,-1,-1
444,293,1188.5,225.3,25.3,47.8,1,-1,-1,-1
444,295,803.2,287.0,27.8,74.8,1,-1,-1,-1
444,297,76.0,166.6,22.8,47.6,1,-1,-1,-1
444,300,62.8,206.6,27.5,58.0,1,-1,-1,-1
444,303,1127.4,283.7,21.5,44.5,1,-1,-1,-1
444,304,627.3,116.0,12.7,5.1,1,-1,-1,-1
444,305,288.9,231.2,27.3,30.4,1,-1,-1,-1
444,306,35.7,116.0,18.2,19.8,1,-1,-1,-1
444,308,31.6,83.3,15.7,32.2,1,-1,-1,-1
444,311,525.4,116.3,18.0,29.7,1,-1,-1,-1
444,312,6.0,186.0,28.7,58.3,1,-1,-1,-1
444,313,165.6,414.9,85.2,58.8,1,-1,-1,-1
444,314,56.0,200.7,18.3,18.2,1,-1,-1,-1
444,315,241.1,99.0,16.1,26.6,1,-1,-1,-1
444,317,0.7,111.3,15.5,31.7,1,-1,-1,-1
444,318,275.1,259.3,25.1,22.4,1,-1,-1,-1
444,319,0.1,309.2,12.7,51.5,1,-1,-1,-1
444,320,739.5,68.0,12.6,23.1,1,-1,-1,-1
445,2,240.3,306.6,46.2,47.0,1,-1,-1,-1
445,6,319.7,298.3,21.8,79.0,1,-1,-1,-1
445,7,338.6,312.5,34.2,92.0,1,-1,-1,-1
445,8,773.8,244.2,23.1,53.4,1,-1,-1,-1
445,12,443.7,243.2,31.1,28.4,1,-1,-1,-1
445,16,559.0,203.9,21.9,57.9,1,-1,-1,-1
445,17,965.9,304.2,39.4,43.6,1,-1,-1,-1
445,18,286.5,290.7,29.5,78.7,1,-1,-1,-1
445,21,699.4,446.5,39.6,119.1,1,-1,-1,-1
445,22,534.6,317.9,34.5,74.3,1,-1,-1,-1
445,24,999.6,234.5,21.9,53.5,1,-1,-1,-1
445,25,758.6,162.6,21.7,49.5,1,-1,-1,-1
445,53,686.7,107.9,13.1,25.7,1,-1,-1,-1
445,69,262.3,268.4,27.7,31.7,1,-1,-1,-1
445,72,658.7,88.8,16.7,34.9,1,-1,-1,-1
445,90,296.8,193.3,22.5,53.3,1,-1,-1,-1
445,96,296.5,258.0,33.1,34.6,1,-1,-1,-1
445,110,946.5,219.4,26.4,60.2,1,-1,-1,-1
445,159,358.8,121.0,21.5,25.1,1,-1,-1,-1
445,160,480.0,45.5,14.0,22.1,1,-1,-1,-1
445,174,331.1,82.5,15.2,30.7,1,-1,-1,-1
445,179,111.3,266.4,33.5,43.6,1,-1,-1,-1
445,186,681.8,394.4,41.0,96.7,1,-1,-1,-1
445,191,796.7,246.2,25.2,53.7,1,-1,-1,-1
445,193,279.2,187.0,24.8,57.9,1,-1,-1,-1
445,196,87.5,454.6,58.2,103.9,1,-1,-1,-1
445,204,213.7,100.6,18.8,39.1,1,-1,-1,-1
445,208,299.9,45.4,15.2,24.7,1,-1,-1,-1
445,211,629.1,327.8,35.6,75.7,1,-1,-1,-1
445,217,236.1,84.0,17.4,37.6,1,-1,-1,-1
445,219,466.8,74.3,17.1,34.1,1,-1,-1,-1
445,220,572.0,331.6,34.0,81.4,1,-1,-1,-1
445,221,304.8,164.8,23.0,51.3,1,-1,-1,-1
445,224,334.3,43.0,14.1,19.3,1,-1,-1,-1
445,230,446.7,385.8,37.7,95.4,1,-1,-1,-1
445,232,182.7,117.4,20.4,36.5,1,-1,-1,-1
445,251,408.0,187.0,21.1,47.4,1,-1,-1,-1
445,259,165.6,120.7,22.1,43.1,1,-1,-1,-1
445,263,140.3,175.8,28.4,53.1,1,-1,-1,-1
445,272,126.3,449.4,42.2,94.6,1,-1,-1,-1
445,278,814.0,243.2,21.8,50.5,1,-1,-1,-1
445,279,733.4,300.6,35.7,78.0,1,-1,-1,-1
445,284,294.1,86.6,17.8,33.1,1,-1,-1,-1
445,287,110.9,60.4,14.2,26.0,1,-1,-1,-1
445,288,227.5,355.3,50.1,50.6,1,-1,-1,-1
445,293,1192.3,224.1,24.5,47.7,1,-1,-1,-1
445,295,805.1,288.1,28.6,75.3,1,-1,-1,-1
445,297,78.4,165.5,23.4,47.4,1,-1,-1,-1
445,298,663.8,227.3,15.6,29.9,1,-1,-1,-1
445,300,67.5,206.0,28.0,57.4,1,-1,-1,-1
445,304,629.9,116.0,12.4,5.1,1,-1,-1,-1
445,305,285.9,232.6,32.5,31.5,1,-1,-1,-1
445,306,38.3,116.0,18.4,19.6,1,-1,-1,-1
445,308,35.1,82.4,15.5,31.9,1,-1,-1,-1
445,311,526.8,109.0,17.6,35.6,1,-1,-1,-1
445,312,10.9,186.6,28.7,57.0,1,-1,-1,-1
445,313,198.5,417.9,52.0,55.5,1,-1,-1,-1
445,315,243.9,87.5,15.8,30.7,1,-1,-1,-1
445,317,0.9,110.7,16.2,31.6,1,-1,-1,-1
445,318,262.7,277.3,21.0,20.1,1,-1,-1,-1
445,319,0.2,311.4,15.6,50.0,1,-1,-1,-1
445,320,742.1,67.4,12.4,20.1,1,-1,-1,-1
446,2,240.8,306.6,46.6,46.9,1,-1,-1,-1
446,6,319.4,295.7,22.9,78.0,1,-1,-1,-1
446,7,339.0,312.5,34.0,91.4,1,-1,-1,-1
446,8,773.5,243.5,22.3,54.7,1,-1,-1,-1
446,12,444.9,243.2,31.3,28.4,1,-1,-1,-1
446,16,560.7,203.2,22.3,58.8,1,-1,-1,-1
446,17,965.5,304.7,40.4,44.5,1,-1,-1,-1
446,18,287.2,290.2,28.8,78.9,1,-1,-1,-1
446,21,698.8,446.0,39.1,117.1,1,-1,-1,-1
446,22,534.4,317.7,34.7,74.5,1,-1,-1,-1
446,24,1000.2,235.1,22.2,52.9,1,-1,-1,-1
446,25,760.1,162.6,21.5,49.2,1,-1,-1,-1
446,53,690.1,107.5,13.8,24.7,1,-1,-1,-1
446,69,263.4,266.5,28.1,33.5,1,-1,-1,-1
446,72,661.4,88.5,17.4,36.7,1,-1,-1,-1
446,90,297.4,193.9,23.5,56.5,1,-1,-1,-1
446,96,297.6,258.4,32.0,34.1,1,-1,-1,-1
446,110,951.0,218.2,26.0,59.7,1,-1,-1,-1
446,159,361.4,121.1,22.2,25.2,1,-1,-1,-1
446,160,481.6,45.4,14.0,21.1,1,-1,-1,-1
446,174,333.5,82.4,14.5,30.1,1,-1,-1,-1
446,179,112.5,266.1,33.0,43.8,1,-1,-1,-1
446,186,682.5,393.4,41.3,97.2,1,-1,-1,-1
446,191,797.8,245.9,24.5,54.8,1,-1,-1,-1
446,193,281.3,187.0,22.8,56.6,1,-1,-1,-1
446,196,88.6,452.4,58.2,102.0,1,-1,-1,-1
446,204,216.5,100.3,18.6,39.1,1,-1,-1,-1
446,208,302.7,44.8,14.9,24.9,1,-1,-1,-1
446,211,627.2,327.1,35.5,76.6,1,-1,-1,-1
446,217,240.2,84.7,18.9,39.4,1,-1,-1,-1
446,219,467.6,74.1,17.0,34.2,1,-1,-1,-1
446,220,571.2,331.2,35.1,82.3,1,-1,-1,-1
446,221,306.7,164.9,22.7,52.8,1,-1,-1,-1
446,224,336.5,44.1,13.8,18.9,1,-1,-1,-1
446,230,446.8,385.3,38.9,96.5,1,-1,-1,-1
446,232,184.0,117.7,19.7,37.0,1,-1,-1,-1
446,251,410.4,187.7,21.4,48.0,1,-1,-1,-1
446,259,167.6,120.4,20.4,43.6,1,-1,-1,-1
446,263,145.0,174.6,26.7,52.6,1,-1,-1,-1
446,272,130.0,465.5,38.6,82.0,1,-1,-1,-1
446,278,814.8,242.3,22.3,51.8,1,-1,-1,-1
446,279,733.6,300.1,34.8,78.0,1,-1,-1,-1
446,284,296.2,86.4,18.0,34.0,1,-1,-1,-1
446,287,112.4,60.3,13.9,26.3,1,-1,-1,-1
446,288,226.7,345.4,45.3,45.7,1,-1,-1,-1
446,293,1191.4,225.7,25.7,48.4,1,-1,-1,-1
446,295,806.3,288.6,28.9,77.4,1,-1,-1,-1
446,297,80.4,164.7,23.3,47.8,1,-1,-1,-1
446,298,664.7,227.8,15.8,29.3,1,-1,-1,-1
446,300,70.7,204.4,26.7,55.1,1,-1,-1,-1
446,304,632.1,116.0,12.2,5.1,1,-1,-1,-1
446,305,283.7,234.8,35.0,32.1,1,-1,-1,-1
446,306,39.6,105.3,17.5,26.5,1,-1,-1,-1
446,308,39.4,82.2,16.0,30.5,1,-1,-1,-1
446,311,528.6,112.7,17.3,33.1,1,-1,-1,-1
446,312,14.6,185.4,28.6,57.9,1,-1,-1,-1
446,313,228.4,420.8,35.4,54.4,1,-1,-1,-1
446,317,4.4,110.7,18.4,31.8,1,-1,-1,-1
446,319,0.1,309.7,18.0,50.2,1,-1,-1,-1
446,320,744.1,68.3,12.1,18.8,1,-1,-1,-1
446,321,189.4,399.1,45.1,42.2,1,-1,-1,-1
446,323,689.0,70.2,14.0,29.7,1,-1,-1,-1
446,324,282.6,244.3,37.1,33.2,1,-1,-1,-1
447,2,241.0,306.3,46.7,46.8,1,-1,-1,-1
447,6,321.5,298.4,20.7,77.3,1,-1,-1,-1
447,7,339.6,312.6,33.7,91.3,1,-1,-1,-1
447,8,773.7,243.0,22.0,55.5,1,-1,-1,-1
447,12,446.7,243.2,31.7,28.4,1,-1,-1,-1
447,16,561.4,202.7,22.2,59.2,1,-1,-1,-1
447,17,965.8,304.8,41.0,44.8,1,-1,-1,-1
447,18,291.5,291.8,28.5,74.2,1,-1,-1,-1
447,21,698.4,446.0,40.0,114.5,1,-1,-1,-1
447,22,534.5,317.4,34.8,74.9,1,-1,-1,-1
447,24,1000.5,235.2,21.7,52.3,1,-1,-1,-1
447,25,760.8,161.5,21.9,50.3,1,-1,-1,-1
447,53,692.3,109.7,13.1,25.6,1,-1,-1,-1
447,69,264.9,265.8,28.4,34.2,1,-1,-1,-1
447,72,663.8,89.1,16.6,36.0,1,-1,-1,-1
447,90,297.5,191.5,24.4,57.9,1,-1,-1,-1
447,96,298.8,259.6,31.0,33.1,1,-1,-1,-1
447,110,952.0,218.7,26.2,62.1,1,-1,-1,-1
447,159,363.7,121.0,21.7,25.3,1,-1,-1,-1
447,160,483.7,46.4,13.5,20.2,1,-1,-1,-1
447,174,335.2,81.2,15.1,30.0,1,-1,-1,-1
447,179,113.8,265.1,32.6,44.9,1,-1,-1,-1
447,186,683.8,394.4,42.2,95.6,1,-1,-1,-1
447,191,800.4,245.2,22.9,54.9,1,-1,-1,-1
447,193,284.7,187.2,21.3,54.9,1,-1,-1,-1
447,196,90.8,450.0,58.0,102.2,1,-1,-1,-1
447,204,219.0,99.9,18.6,39.3,1,-1,-1,-1
447,208,306.5,45.0,13.6,24.1,1,-1,-1,-1
447,211,625.9,327.1,35.9,76.5,1,-1,-1,-1
447,217,242.3,84.1,19.1,39.3,1,-1,-1,-1
447,219,469.0,74.4,16.9,33.9,1,-1,-1,-1
447,220,570.8,330.6,35.7,82.7,1,-1,-1,-1
447,221,308.6,164.1,22.5,51.8,1,-1,-1,-1
447,224,339.9,45.2,12.7,18.5,1,-1,-1,-1
447,230,447.9,385.2,39.2,96.9,1,-1,-1,-1
447,232,186.0,117.8,19.0,37.0,1,-1,-1,-1
447,251,410.4,185.3,21.3,49.6,1,-1,-1,-1
447,259,167.4,118.8,19.7,45.4,1,-1,-1,-1
447,263,148.2,173.8,25.4,53.4,1,-1,-1,-1
447,272,132.8,480.5,37.7,76.0,1,-1,-1,-1
447,278,815.5,242.3,22.7,53.2,1,-1,-1,-1
447,279,733.7,299.6,33.3,78.3,1,-1,-1,-1
447,284,297.9,85.6,18.0,33.4,1,-1,-1,-1
447,287,117.1,61.6,13.9,25.6,1,-1,-1,-1
447,288,226.9,342.6,43.6,43.8,1,-1,-1,-1
447,293,1189.9,226.1,27.0,48.2,1,-1,-1,-1
447,295,808.4,288.7,29.8,79.0,1,-1,-1,-1
447,297,83.0,164.2,23.5,47.8,1,-1,-1,-1
447,298,665.5,227.6,16.3,29.1,1,-1,-1,-1
447,300,76.3,204.2,26.4,54.6,1,-1,-1,-1
447,304,634.7,116.0,12.4,5.1,1,-1,-1,-1
447,306,40.7,96.7,17.1,28.8,1,-1,-1,-1
447,308,42.2,82.1,15.8,29.4,1,-1,-1,-1
447,311,530.5,107.6,17.4,37.5,1,-1,-1,-1
447,312,17.9,184.2,29.0,57.6,1,-1,-1,-1
447,317,2.7,109.8,17.9,31.5,1,-1,-1,-1
447,319,-0.2,312.4,18.8,47.0,1,-1,-1,-1
447,320,745.8,68.2,11.9,18.4,1,-1,-1,-1
447,321,189.3,398.6,45.1,42.2,1,-1,-1,-1
447,323,693.1,69.7,14.6,26.3,1,-1,-1,-1
447,324,282.1,250.2,35.6,28.8,1,-1,-1,-1
448,2,240.7,305.6,47.5,46.6,1,-1,-1,-1
448,6,318.8,295.4,23.0,76.4,1,-1,-1,-1
448,7,340.7,312.4,33.2,91.1,1,-1,-1,-1
448,8,774.5,242.9,22.1,56.0,1,-1,-1,-1
448,12,446.9,243.3,33.9,28.7,1,-1,-1,-1
448,16,562.3,202.3,22.2,59.6,1,-1,-1,-1
448,17,966.3,304.4,40.8,45.2,1,-1,-1,-1
448,18,292.7,292.7,29.2,72.2,1,-1,-1,-1
448,21,697.6,446.7,40.6,112.0,1,-1,-1,-1
448,22,534.5,317.2,34.8,74.9,1,-1,-1,-1
448,24,1000.9,235.8,21.5,52.1,1,-1,-1,-1
448,25,760.9,161.8,22.8,50.1,1,-1,-1,-1
448,53,693.7,108.7,13.9,26.9,1,-1,-1,-1
448,69,266.4,265.4,27.9,32.8,1,-1,-1,-1
448,72,665.7,89.4,16.3,35.3,1,-1,-1,-1
448,90,298.7,189.8,24.5,56.5,1,-1,-1,-1
448,96,299.0,258.1,32.2,33.8,1,-1,-1,-1
448,110,954.1,216.7,26.2,61.5,1,-1,-1,-1
448,159,366.4,120.3,21.6,25.9,1,-1,-1,-1
448,160,487.4,46.0,12.8,19.8,1,-1,-1,-1
448,174,337.5,81.3,14.8,30.3,1,-1,-1,-1
448,179,115.7,264.5,32.2,46.0,1,-1,-1,-1
448,186,684.3,394.0,43.3,95.5,1,-1,-1,-1
448,191,801.8,245.1,22.4,54.7,1,-1,-1,-1
448,193,286.1,186.9,20.8,53.7,1,-1,-1,-1
448,196,91.2,449.2,58.3,102.1,1,-1,-1,-1
448,204,222.0,99.5,18.6,39.5,1,-1,-1,-1
448,208,310.6,45.1,13.9,23.8,1,-1,-1,-1
448,211,625.0,327.3,36.4,76.3,1,-1,-1,-1
448,217,243.7,83.6,18.1,37.5,1,-1,-1,-1
448,219,471.9,74.4,16.5,33.6,1,-1,-1,-1
448,220,570.7,330.2,35.8,82.7,1,-1,-1,-1
448,221,310.0,163.3,21.8,50.8,1,-1,-1,-1
448,224,343.9,45.0,13.2,18.0,1,-1,-1,-1
448,230,449.5,385.6,37.2,96.3,1,-1,-1,-1
448,232,187.6,117.9,19.3,37.1,1,-1,-1,-1
448,251,411.3,184.1,21.5,49.6,1,-1,-1,-1
448,259,169.1,120.9,20.4,44.1,1,-1,-1,-1
448,263,152.2,172.8,25.0,54.3,1,-1,-1,-1
448,278,816.4,242.0,22.9,50.9,1,-1,-1,-1
448,279,733.4,299.3,32.3,78.5,1,-1,-1,-1
448,284,300.5,85.5,17.2,33.2,1,-1,-1,-1
448,287,119.4,61.2,14.6,24.7,1,-1,-1,-1
448,288,228.1,342.4,42.7,42.9,1,-1,-1,-1
448,293,1188.1,223.8,27.1,51.9,1,-1,-1,-1
448,295,810.5,289.5,31.0,78.8,1,-1,-1,-1
448,297,85.3,163.9,23.2,47.7,1,-1,-1,-1
448,298,667.8,227.3,15.3,29.1,1,-1,-1,-1
448,300,80.1,200.5,25.9,55.9,1,-1,-1,-1
448,304,636.3,116.0,12.5,5.0,1,-1,-1,-1
448,305,292.6,228.9,32.2,30.7,1,-1,-1,-1
448,308,44.1,82.2,15.7,29.1,1,-1,-1,-1
448,311,532.3,105.6,17.3,39.8,1,-1,-1,-1
448,312,21.2,182.9,28.3,57.9,1,-1,-1,-1
448,317,2.1,109.1,17.2,30.5,1,-1,-1,-1
448,319,-0.4,313.5,19.4,45.0,1,-1,-1,-1
448,320,749.2,68.4,11.4,18.0,1,-1,-1,-1
448,322,19.8,112.8,15.9,30.5,1,-1,-1,-1
448,324,273.0,262.2,35.3,25.7,1,-1,-1,-1
448,325,252.0,116.1,16.6,11.4,1,-1,-1,-1
448,327,49.2,116.0,17.2,18.7,1,-1,-1,-1
449,2,240.3,304.5,48.7,46.9,1,-1,-1,-1
449,6,318.3,295.1,24.2,76.0,1,-1,-1,-1
449,7,341.4,311.8,32.9,91.1,1,-1,-1,-1
449,8,775.7,242.4,23.0,56.3,1,-1,-1,-1
449,12,447.6,243.0,34.7,29.0,1,-1,-1,-1
449,16,562.1,200.0,23.2,58.5,1,-1,-1,-1
449,17,966.9,305.1,40.8,44.9,1,-1,-1,-1
449,18,292.8,291.9,29.6,72.2,1,-1,-1,-1
449,21,697.9,450.9,40.9,109.4,1,-1,-1,-1
449,22,534.4,317.1,34.9,74.9,1,-1,-1,-1
449,24,1001.4,235.7,21.8,52.3,1,-1,-1,-1
449,25,762.6,161.6,22.3,50.4,1,-1,-1,-1
449,53,696.4,109.0,13.6,26.1,1,-1,-1,-1
449,69,267.7,265.5,27.4,31.8,1,-1,-1,-1
449,72,667.8,89.2,16.0,34.9,1,-1,-1,-1
449,90,297.3,188.2,25.4,58.3,1,-1,-1,-1
449,96,299.7,256.1,32.4,34.2,1,-1,-1,-1
449,110,955.4,216.9,26.5,58.9,1,-1,-1,-1
449,159,368.4,120.2,21.4,25.1,1,-1,-1,-1
449,160,490.3,44.9,12.9,19.8,1,-1,-1,-1
449,174,341.1,81.7,15.4,29.7,1,-1,-1,-1
449,179,117.3,263.9,31.9,46.5,1,-1,-1,-1
449,186,684.4,394.6,43.5,95.5,1,-1,-1,-1
449,191,802.5,244.7,22.8,54.9,1,-1,-1,-1
449,193,285.2,185.5,19.6,51.2,1,-1,-1,-1
449,196,91.3,448.0,57.7,101.7,1,-1,-1,-1
449,204,224.3,99.2,18.8,39.6,1,-1,-1,-1
449,208,314.3,44.9,14.1,24.0,1,-1,-1,-1
449,211,624.2,327.6,36.7,75.8,1,-1,-1,-1
449,217,246.2,83.5,16.7,36.2,1,-1,-1,-1
449,219,475.3,73.8,17.0,33.7,1,-1,-1,-1
449,220,570.3,329.9,35.7,82.5,1,-1,-1,-1
449,221,311.3,162.9,21.6,51.3,1,-1,-1,-1
449,224,346.1,44.2,13.5,18.2,1,-1,-1,-1
449,230,451.4,386.2,36.4,95.3,1,-1,-1,-1
449,232,188.5,117.3,19.4,37.6,1,-1,-1,-1
449,251,412.5,184.3,21.4,48.9,1,-1,-1,-1
449,259,170.6,122.1,21.2,42.1,1,-1,-1,-1
449,263,155.2,172.3,23.6,54.3,1,-1,-1,-1
449,278,817.6,242.4,22.3,49.0,1,-1,-1,-1
449,279,729.0,298.0,32.6,77.8,1,-1,-1,-1
449,284,304.1,85.7,17.0,33.7,1,-1,-1,-1
449,287,120.5,61.1,14.8,24.0,1,-1,-1,-1
449,288,229.6,342.2,42.2,41.6,1,-1,-1,-1
449,293,1193.4,224.1,27.1,49.7,1,-1,-1,-1
449,295,811.9,290.1,31.6,78.6,1,-1,-1,-1
449,297,86.3,162.8,22.6,47.0,1,-1,-1,-1
449,298,668.7,227.2,15.8,28.6,1,-1,-1,-1
449,300,83.7,199.0,26.3,57.2,1,-1,-1,-1
449,304,638.2,116.0,12.4,5.0,1,-1,-1,-1
449,305,300.1,225.9,31.9,30.5,1,-1,-1,-1
449,308,48.6,82.5,16.6,28.7,1,-1,-1,-1
449,311,533.9,105.5,17.1,41.0,1,-1,-1,-1
449,312,23.3,182.1,28.8,57.4,1,-1,-1,-1
449,317,6.6,111.0,17.2,28.8,1,-1,-1,-1
449,319,-0.3,313.2,20.1,43.3,1,-1,-1,-1
449,320,751.1,68.6,11.8,18.9,1,-1,-1,-1
449,321,187.5,397.3,46.3,43.3,1,-1,-1,-1
449,322,19.6,111.4,17.1,30.6,1,-1,-1,-1
449,325,254.5,116.8,16.8,11.1,1,-1,-1,-1
449,327,51.6,115.9,16.9,17.8,1,-1,-1,-1
449,328,288.8,243.2,33.0,29.6,1,-1,-1,-1
449,329,656.5,174.8,15.8,30.4,1,-1,-1,-1
450,2,240.7,303.4,49.2,47.6,1,-1,-1,-1
450,6,315.1,293.6,27.2,76.5,1,-1,-1,-1
450,7,341.7,311.2,32.9,91.2,1,-1,-1,-1
450,8,776.8,242.2,23.6,56.1,1,-1,-1,-1
450,12,448.7,242.6,35.4,29.2,1,-1,-1,-1
450,16,564.4,201.3,22.8,59.8,1,-1,-1,-1
450,17,968.2,305.7,40.0,44.6,1,-1,-1,-1
450,18,292.5,289.2,29.6,76.8,1,-1,-1,-1
450,21,697.4,451.6,41.8,109.1,1,-1,-1,-1
450,22,533.9,316.8,35.0,74.9,1,-1,-1,-1
450,24,1001.9,236.9,22.4,52.5,1,-1,-1,-1
450,25,764.4,161.1,22.3,50.9,1,-1,-1,-1
450,53,699.6,110.1,13.3,25.1,1,-1,-1,-1
450,69,268.4,265.5,27.0,31.1,1,-1,-1,-1
450,72,670.2,89.5,15.6,34.6,1,-1,-1,-1
450,90,298.1,188.8,26.5,57.8,1,-1,-1,-1
450,96,301.1,254.7,32.5,34.7,1,-1,-1,-1
450,110,955.2,218.5,27.3,61.8,1,-1,-1,-1
450,159,370.9,120.3,20.4,24.2,1,-1,-1,-1
450,160,492.0,44.8,13.4,19.5,1,-1,-1,-1
450,174,342.6,81.8,15.9,29.4,1,-1,-1,-1
450,179,118.7,263.2,33.9,47.5,1,-1,-1,-1
450,186,684.7,396.2,43.8,95.1,1,-1,-1,-1
450,191,802.6,244.1,23.6,55.2,1,-1,-1,-1
450,193,286.6,185.3,22.1,57.2,1,-1,-1,-1
450,196,91.8,445.9,57.1,102.1,1,-1,-1,-1
450,204,225.8,99.2,18.8,38.4,1,-1,-1,-1
450,208,317.3,45.2,14.0,24.1,1,-1,-1,-1
450,211,623.4,327.8,36.5,75.0,1,-1,-1,-1
450,217,247.4,82.5,16.0,35.4,1,-1,-1,-1
450,219,476.9,74.1,17.0,33.8,1,-1,-1,-1
450,220,570.1,329.5,35.9,82.5,1,-1,-1,-1
450,221,313.2,162.7,22.3,51.4,1,-1,-1,-1
450,224,348.7,43.0,13.3,19.4,1,-1,-1,-1
450,230,455.9,388.9,36.8,92.0,1,-1,-1,-1
450,232,190.2,115.2,19.0,37.3,1,-1,-1,-1
450,251,414.9,183.7,20.3,46.6,1,-1,-1,-1
450,259,172.6,121.7,20.5,40.7,1,-1,-1,-1
450,263,158.0,171.5,23.3,53.8,1,-1,-1,-1
450,278,817.6,241.5,21.9,46.8,1,-1,-1,-1
450,279,727.8,297.8,32.7,77.8,1,-1,-1,-1
450,284,306.8,85.8,17.5,34.1,1,-1,-1,-1
450,287,122.4,62.8,14.7,23.6,1,-1,-1,-1
450,288,230.2,342.1,41.9,40.5,1,-1,-1,-1
450,293,1197.8,225.5,25.5,48.6,1,-1,-1,-1
450,295,814.0,290.4,31.0,78.5,1,-1,-1,-1
450,297,88.5,162.9,23.3,46.8,1,-1,-1,-1
450,298,668.8,227.4,16.6,28.4,1,-1,-1,-1
450,300,87.2,198.5,25.6,56.9,1,-1,-1,-1
450,304,640.2,116.0,12.4,5.0,1,-1,-1,-1
450,308,52.1,82.1,16.1,28.2,1,-1,-1,-1
450,311,535.8,105.0,17.7,41.5,1,-1,-1,-1
450,312,27.2,182.0,28.9,58.0,1,-1,-1,-1
450,317,11.1,117.0,16.0,25.4,1,-1,-1,-1
450,319,-0.1,312.2,21.1,43.1,1,-1,-1,-1
450,320,753.5,69.6,11.7,18.6,1,-1,-1,-1
450,321,185.0,396.4,48.6,44.7,1,-1,-1,-1
450,322,20.0,110.1,17.5,31.4,1,-1,-1,-1
450,327,55.4,116.0,16.2,17.3,1,-1,-1,-1
450,328,284.8,242.6,38.8,33.4,1,-1,-1,-1
450,329,657.5,173.9,16.5,31.0,1,-1,-1,-1
450,330,251.6,84.9,18.3,38.1,1,-1,-1,-1
451,2,242.2,302.4,48.5,47.9,1,-1,-1,-1
451,6,316.0,292.6,27.1,77.1,1,-1,-1,-1
451,7,341.7,310.3,33.1,91.9,1,-1,-1,-1
451,8,777.4,242.0,24.4,56.1,1,-1,-1,-1
451,12,449.4,241.9,34.3,29.2,1,-1,-1,-1
451,16,565.7,201.6,22.7,60.4,1,-1,-1,-1
451,17,969.3,306.1,39.4,44.3,1,-1,-1,-1
451,18,293.6,287.8,28.8,78.3,1,-1,-1,-1
451,21,697.5,450.8,41.7,109.9,1,-1,-1,-1
451,22,533.7,316.5,35.2,74.7,1,-1,-1,-1
451,24,1002.1,234.7,22.5,55.4,1,-1,-1,-1
451,25,766.5,161.6,21.8,50.3,1,-1,-1,-1
451,53,702.7,110.3,12.7,25.3,1,-1,-1,-1
451,69,269.9,264.9,26.4,31.3,1,-1,-1,-1
451,72,672.4,88.9,15.6,33.6,1,-1,-1,-1
451,90,301.3,189.0,26.0,55.3,1,-1,-1,-1
451,96,303.3,253.7,33.0,35.2,1,-1,-1,-1
451,110,959.1,218.0,26.1,62.5,1,-1,-1,-1
451,159,373.2,120.0,20.6,24.4,1,-1,-1,-1
451,160,493.9,44.4,13.2,20.6,1,-1,-1,-1
451,174,343.6,81.3,16.5,29.2,1,-1,-1,-1
451,179,120.4,262.7,34.3,48.1,1,-1,-1,-1
451,186,691.3,398.3,42.6,92.0,1,-1,-1,-1
451,191,803.2,243.3,23.8,55.9,1,-1,-1,-1
451,193,287.9,184.2,21.9,58.2,1,-1,-1,-1
451,196,91.3,446.1,56.0,98.6,1,-1,-1,-1
451,204,229.4,98.9,18.8,38.9,1,-1,-1,-1
451,208,321.7,44.8,14.1,22.9,1,-1,-1,-1
451,211,623.0,327.5,35.6,74.6,1,-1,-1,-1
451,219,478.0,74.0,17.0,33.8,1,-1,-1,-1
451,220,569.9,329.3,36.4,82.7,1,-1,-1,-1
451,221,314.9,163.6,20.7,50.4,1,-1,-1,-1
451,224,351.1,41.8,13.4,19.9,1,-1,-1,-1
451,230,453.5,387.2,41.5,93.7,1,-1,-1,-1
451,232,192.6,115.8,20.1,37.7,1,-1,-1,-1
451,251,416.1,184.7,20.4,45.1,1,-1,-1,-1
451,259,175.7,121.3,19.2,41.1,1,-1,-1,-1
451,263,161.8,171.0,22.1,52.4,1,-1,-1,-1
451,278,818.5,241.2,21.3,44.9,1,-1,-1,-1
451,279,726.3,297.2,31.4,77.1,1,-1,-1,-1
451,284,308.6,85.6,17.8,33.5,1,-1,-1,-1
451,287,125.6,63.7,14.9,23.9,1,-1,-1,-1
451,288,230.4,341.3,42.7,41.3,1,-1,-1,-1
451,293,1203.3,224.4,22.8,47.0,1,-1,-1,-1
451,295,817.0,290.2,29.1,79.5,1,-1,-1,-1
451,297,91.5,163.2,22.6,48.9,1,-1,-1,-1
451,298,670.0,227.3,16.4,28.9,1,-1,-1,-1
451,300,90.1,198.5,25.2,56.7,1,-1,-1,-1
451,304,642.6,116.0,12.5,5.0,1,-1,-1,-1
451,308,53.8,82.2,15.6,28.7,1,-1,-1,-1
451,311,537.1,105.3,17.5,41.6,1,-1,-1,-1
451,312,30.2,180.6,27.7,58.2,1,-1,-1,-1
451,317,14.6,110.7,15.3,27.6,1,-1,-1,-1
451,319,0.0,310.5,22.1,44.5,1,-1,-1,-1
451,321,184.5,395.4,49.8,45.1,1,-1,-1,-1
451,322,24.8,110.0,18.5,31.9,1,-1,-1,-1
451,327,60.4,104.1,14.8,27.0,1,-1,-1,-1
451,328,289.8,241.8,35.7,31.4,1,-1,-1,-1
451,329,658.0,173.8,16.7,31.5,1,-1,-1,-1
451,330,252.8,83.1,18.5,38.8,1,-1,-1,-1
452,2,243.5,302.0,47.7,47.9,1,-1,-1,-1
452,6,316.1,290.9,27.2,78.0,1,-1,-1,-1
452,7,341.7,309.6,33.7,92.4,1,-1,-1,-1
452,8,777.4,241.8,24.8,56.2,1,-1,-1,-1
452,12,450.2,241.1,33.2,29.2,1,-1,-1,-1
452,16,566.5,201.3,22.3,60.0,1,-1,-1,-1
452,17,969.9,306.2,39.1,44.2,1,-1,-1,-1
452,18,294.9,287.3,28.2,77.9,1,-1,-1,-1
452,21,697.7,451.1,40.4,109.2,1,-1,-1,-1
452,22,533.1,316.6,35.3,74.8,1,-1,-1,-1
452,24,1002.5,235.3,22.3,56.1,1,-1,-1,-1
452,25,768.2,161.4,22.8,50.7,1,-1,-1,-1
452,53,704.7,107.2,13.6,26.8,1,-1,-1,-1
452,69,271.5,264.8,26.7,31.6,1,-1,-1,-1
452,72,674.9,88.6,16.0,34.0,1,-1,-1,-1
452,90,300.3,189.1,27.6,55.6,1,-1,-1,-1
452,96,305.0,254.5,33.4,34.8,1,-1,-1,-1
452,110,961.5,218.6,26.3,63.1,1,-1,-1,-1
452,159,375.0,119.9,21.4,24.3,1,-1,-1,-1
452,160,496.3,46.6,13.1,21.5,1,-1,-1,-1
452,174,344.8,79.8,16.7,29.7,1,-1,-1,-1
452,179,121.6,262.5,34.0,48.4,1,-1,-1,-1
452,186,693.8,398.9,41.4,89.4,1,-1,-1,-1
452,191,804.2,242.9,23.9,56.6,1,-1,-1,-1
452,193,287.6,183.3,23.0,59.0,1,-1,-1,-1
452,196,90.6,445.6,55.9,97.5,1,-1,-1,-1
452,204,231.4,99.0,18.6,37.2,1,-1,-1,-1
452,208,324.6,43.5,14.2,22.7,1,-1,-1,-1
452,211,622.7,327.2,34.9,75.0,1,-1,-1,-1
452,219,479.4,73.9,16.7,33.6,1,-1,-1,-1
452,220,569.7,329.1,36.5,82.6,1,-1,-1,-1
452,221,318.2,162.8,21.6,51.6,1,-1,-1,-1
452,224,355.4,41.3,13.9,20.3,1,-1,-1,-1
452,230,457.3,389.6,42.3,90.6,1,-1,-1,-1
452,232,194.3,115.0,20.3,39.4,1,-1,-1,-1
452,251,417.2,185.1,20.4,43.5,1,-1,-1,-1
452,259,179.1,121.4,18.7,41.3,1,-1,-1,-1
452,263,165.2,171.1,22.7,51.9,1,-1,-1,-1
452,278,818.6,241.9,21.4,45.8,1,-1,-1,-1
452,279,728.5,296.6,27.8,77.3,1,-1,-1,-1
452,284,310.8,84.9,17.0,31.8,1,-1,-1,-1
452,287,129.1,63.2,15.2,22.9,1,-1,-1,-1
452,288,230.5,340.7,43.4,41.6,1,-1,-1,-1
452,293,1203.7,222.8,22.5,46.1,1,-1,-1,-1
452,295,820.3,290.7,30.0,79.1,1,-1,-1,-1
452,297,94.0,162.8,22.3,49.9,1,-1,-1,-1
452,298,670.7,227.4,16.3,28.9,1,-1,-1,-1
452,300,94.2,196.9,25.2,56.3,1,-1,-1,-1
452,304,645.8,116.0,12.4,5.0,1,-1,-1,-1
452,308,56.1,81.7,16.1,30.5,1,-1,-1,-1
452,311,539.2,112.1,17.0,35.9,1,-1,-1,-1
452,312,33.6,181.6,29.8,57.1,1,-1,-1,-1
452,317,19.3,107.7,14.9,27.3,1,-1,-1,-1
452,319,0.1,309.9,23.6,44.7,1,-1,-1,-1
452,321,184.9,395.1,50.1,45.2,1,-1,-1,-1
452,322,27.8,108.5,19.2,32.6,1,-1,-1,-1
452,325,262.9,115.9,14.6,8.6,1,-1,-1,-1
452,327,61.6,101.4,15.4,30.7,1,-1,-1,-1
452,328,292.4,241.4,33.6,29.4,1,-1,-1,-1
452,329,658.9,173.4,16.7,31.8,1,-1,-1,-1
452,330,254.7,82.5,17.6,37.4,1,-1,-1,-1
453,2,245.0,301.5,46.3,47.1,1,-1,-1,-1
453,6,317.7,290.4,26.4,78.6,1,-1,-1,-1
453,7,342.5,308.6,33.3,92.6,1,-1,-1,-1
453,8,779.1,242.3,24.2,55.8,1,-1,-1,-1
453,12,451.4,240.1,34.1,29.8,1,-1,-1,-1
453,16,567.0,201.0,22.6,59.2,1,-1,-1,-1
453,17,970.7,305.7,39.0,44.5,1,-1,-1,-1
453,18,296.2,289.8,26.8,70.6,1,-1,-1,-1
453,21,697.1,449.2,40.2,109.4,1,-1,-1,-1
453,22,532.7,316.4,35.4,74.4,1,-1,-1,-1
453,24,1004.2,236.6,20.8,55.1,1,-1,-1,-1
453,25,770.2,161.1,22.7,50.4,1,-1,-1,-1
453,53,708.2,108.9,12.9,26.4,1,-1,-1,-1
453,69,271.8,264.1,27.4,31.6,1,-1,-1,-1
453,72,676.6,88.8,15.8,33.9,1,-1,-1,-1
453,90,305.5,189.3,26.0,55.5,1,-1,-1,-1
453,96,307.3,254.9,33.1,34.5,1,-1,-1,-1
453,110,961.3,218.7,27.9,64.3,1,-1,-1,-1
453,159,377.6,119.3,21.6,24.4,1,-1,-1,-1
453,160,500.0,45.3,13.0,21.1,1,-1,-1,-1
453,174,348.1,80.5,15.8,30.1,1,-1,-1,-1
453,179,122.6,262.2,33.3,47.9,1,-1,-1,-1
453,186,694.3,397.8,40.4,85.2,1,-1,-1,-1
453,191,805.1,242.8,23.8,57.0,1,-1,-1,-1
453,193,292.9,184.1,21.6,56.7,1,-1,-1,-1
453,196,90.9,443.9,55.1,97.0,1,-1,-1,-1
453,204,234.3,98.8,18.9,38.0,1,-1,-1,-1
453,208,328.2,43.8,13.9,23.7,1,-1,-1,-1
453,211,622.6,327.2,34.4,75.5,1,-1,-1,-1
453,219,480.8,74.0,16.2,32.9,1,-1,-1,-1
453,220,569.5,328.9,36.4,82.5,1,-1,-1,-1
453,221,320.1,161.6,21.5,51.6,1,-1,-1,-1
453,224,358.3,40.1,13.8,20.3,1,-1,-1,-1
453,230,455.8,393.8,44.8,87.2,1,-1,-1,-1
453,232,196.2,114.2,19.5,39.9,1,-1,-1,-1
453,251,418.1,184.2,20.6,42.0,1,-1,-1,-1
453,259,181.3,120.9,17.8,41.2,1,-1,-1,-1
453,263,167.7,171.0,22.1,52.1,1,-1,-1,-1
453,278,820.7,241.7,20.4,47.1,1,-1,-1,-1
453,279,725.7,296.9,27.6,78.7,1,-1,-1,-1
453,284,314.7,85.1,16.2,30.9,1,-1,-1,-1
453,287,132.6,64.0,15.0,21.6,1,-1,-1,-1
453,288,230.7,339.7,44.3,42.9,1,-1,-1,-1
453,293,1205.2,225.2,21.9,46.6,1,-1,-1,-1
453,295,821.7,291.7,30.1,78.3,1,-1,-1,-1
453,297,95.9,161.4,22.5,49.1,1,-1,-1,-1
453,298,671.3,227.7,16.3,28.9,1,-1,-1,-1
453,300,98.3,196.4,24.8,56.2,1,-1,-1,-1
453,304,647.6,115.9,12.3,4.8,1,-1,-1,-1
453,308,59.8,80.7,17.6,30.9,1,-1,-1,-1
453,311,541.9,107.5,17.3,38.2,1,-1,-1,-1
453,312,34.9,178.7,29.8,56.8,1,-1,-1,-1
453,319,0.2,309.4,25.2,43.2,1,-1,-1,-1
453,321,185.7,394.6,49.1,45.0,1,-1,-1,-1
453,322,29.7,107.8,18.9,32.3,1,-1,-1,-1
453,325,266.0,116.0,15.0,8.3,1,-1,-1,-1
453,327,62.2,97.1,16.5,34.3,1,-1,-1,-1
453,328,293.5,241.0,33.3,28.2,1,-1,-1,-1
453,329,660.7,173.5,16.8,31.9,1,-1,-1,-1
453,330,257.8,82.4,16.2,36.4,1,-1,-1,-1
454,2,246.2,300.8,45.3,46.7,1,-1,-1,-1
454,6,318.7,290.5,25.5,79.0,1,-1,-1,-1
454,7,342.6,307.8,33.3,92.8,1,-1,-1,-1
454,8,779.8,242.1,23.9,55.9,1,-1,-1,-1
454,12,453.8,240.5,34.8,29.7,1,-1,-1,-1
454,16,566.8,200.0,24.1,57.8,1,-1,-1,-1
454,17,971.1,305.8,39.1,44.3,1,-1,-1,-1
454,18,296.5,289.8,26.8,70.0,1,-1,-1,-1
454,21,696.0,450.6,39.8,109.3,1,-1,-1,-1
454,22,532.7,316.0,35.4,74.7,1,-1,-1,-1
454,24,1003.9,234.9,21.4,55.9,1,-1,-1,-1
454,25,771.0,160.6,23.1,51.0,1,-1,-1,-1
454,53,711.1,113.8,12.9,23.6,1,-1,-1,-1
454,69,272.6,262.6,28.0,31.6,1,-1,-1,-1
454,72,678.4,88.6,15.4,33.1,1,-1,-1,-1
454,90,305.7,188.0,26.1,58.1,1,-1,-1,-1
454,96,309.0,254.8,32.0,34.3,1,-1,-1,-1
454,110,963.0,218.4,28.3,64.9,1,-1,-1,-1
454,159,379.4,119.1,21.3,24.3,1,-1,-1,-1
454,160,502.5,43.4,13.4,21.0,1,-1,-1,-1
454,174,350.6,80.7,15.9,30.6,1,-1,-1,-1
454,179,123.6,261.6,33.0,47.6,1,-1,-1,-1
454,186,692.4,395.6,37.6,85.0,1,-1,-1,-1
454,191,805.7,243.2,23.6,56.5,1,-1,-1,-1
454,193,293.3,184.2,21.8,57.1,1,-1,-1,-1
454,196,91.1,442.6,56.0,97.4,1,-1,-1,-1
454,204,236.6,98.6,18.9,38.4,1,-1,-1,-1
454,208,332.6,43.7,14.4,24.1,1,-1,-1,-1
454,211,622.4,327.1,34.4,75.8,1,-1,-1,-1
454,219,484.0,74.3,15.9,32.9,1,-1,-1,-1
454,220,569.5,328.7,35.9,82.5,1,-1,-1,-1
454,221,321.3,161.4,21.3,50.9,1,-1,-1,-1
454,224,361.8,40.0,13.5,20.6,1,-1,-1,-1
454,230,454.0,388.1,48.9,90.8,1,-1,-1,-1
454,232,198.5,114.1,18.9,39.8,1,-1,-1,-1
454,251,419.1,183.1,20.1,39.3,1,-1,-1,-1
454,259,183.4,122.0,18.3,40.7,1,-1,-1,-1
454,263,170.4,170.1,23.0,52.8,1,-1,-1,-1
454,278,822.3,240.6,19.7,45.7,1,-1,-1,-1
454,279,723.4,296.6,27.7,79.4,1,-1,-1,-1
454,284,317.0,85.4,17.6,32.4,1,-1,-1,-1
454,287,135.5,65.8,14.1,20.3,1,-1,-1,-1
454,288,231.1,339.0,45.3,44.1,1,-1,-1,-1
454,293,1205.3,223.7,22.7,46.8,1,-1,-1,-1
454,295,822.5,292.9,30.0,77.4,1,-1,-1,-1
454,297,94.6,160.8,23.5,48.4,1,-1,-1,-1
454,300,100.7,195.4,24.5,56.2,1,-1,-1,-1
454,304,649.3,116.0,13.1,4.9,1,-1,-1,-1
454,308,62.4,80.3,17.4,31.4,1,-1,-1,-1
454,311,543.1,103.8,18.1,40.3,1,-1,-1,-1
454,312,40.8,180.3,29.5,56.5,1,-1,-1,-1
454,319,-0.3,309.1,25.2,40.6,1,-1,-1,-1
454,320,762.3,67.2,12.9,22.6,1,-1,-1,-1
454,321,186.7,393.7,47.6,44.5,1,-1,-1,-1
454,322,31.5,107.3,18.0,31.4,1,-1,-1,-1
454,325,269.0,116.2,14.8,7.8,1,-1,-1,-1
454,327,65.6,95.8,15.3,35.8,1,-1,-1,-1
454,328,294.1,241.0,34.0,29.3,1,-1,-1,-1
454,329,662.2,173.3,17.0,32.1,1,-1,-1,-1
454,330,261.4,81.3,14.4,30.2,1,-1,-1,-1
454,335,702.8,78.2,14.6,30.8,1,-1,-1,-1
455,2,245.9,300.3,45.7,47.5,1,-1,-1,-1
455,6,319.8,290.9,24.9,78.8,1,-1,-1,-1
455,7,342.6,307.3,33.5,92.7,1,-1,-1,-1
455,8,780.4,242.3,23.8,56.0,1,-1,-1,-1
455,12,454.5,240.6,35.1,30.2,1,-1,-1,-1
455,16,567.3,200.0,25.2,57.3,1,-1,-1,-1
455,17,972.2,307.0,39.3,43.6,1,-1,-1,-1
455,18,297.2,290.6,27.1,69.5,1,-1,-1,-1
455,21,694.8,451.7,39.9,108.6,1,-1,-1,-1
455,22,532.7,315.8,36.6,75.6,1,-1,-1,-1
455,24,1004.1,234.1,21.6,57.0,1,-1,-1,-1
455,25,771.5,160.8,23.3,51.6,1,-1,-1,-1
455,53,714.0,112.1,13.1,25.2,1,-1,-1,-1
455,69,273.3,261.9,28.3,32.7,1,-1,-1,-1
455,72,679.7,87.2,16.8,34.9,1,-1,-1,-1
455,90,307.1,186.3,25.5,55.6,1,-1,-1,-1
455,96,309.2,254.6,32.0,34.0,1,-1,-1,-1
455,110,963.0,218.0,29.2,65.2,1,-1,-1,-1
455,159,382.2,118.9,22.1,24.7,1,-1,-1,-1
455,160,504.8,41.1,13.6,22.0,1,-1,-1,-1
455,174,353.2,80.6,15.6,30.8,1,-1,-1,-1
455,179,124.5,260.3,33.1,48.5,1,-1,-1,-1
455,186,693.4,394.6,35.4,84.8,1,-1,-1,-1
455,191,807.5,245.4,25.5,53.7,1,-1,-1,-1
455,193,295.3,182.5,21.7,56.3,1,-1,-1,-1
455,196,90.9,441.5,55.2,97.5,1,-1,-1,-1
455,204,239.3,97.9,18.7,39.0,1,-1,-1,-1
455,208,335.6,43.1,14.2,24.0,1,-1,-1,-1
455,211,622.5,327.1,34.4,75.9,1,-1,-1,-1
455,219,487.5,73.7,16.3,33.1,1,-1,-1,-1
455,220,569.2,328.2,36.1,82.5,1,-1,-1,-1
455,221,322.3,161.4,21.3,50.9,1,-1,-1,-1
455,224,366.3,41.3,13.4,20.3,1,-1,-1,-1
455,230,457.4,386.6,49.6,94.7,1,-1,-1,-1
455,232,200.7,114.2,18.6,39.1,1,-1,-1,-1
455,251,421.1,181.7,19.2,40.0,1,-1,-1,-1
455,259,184.5,121.1,19.5,41.3,1,-1,-1,-1
455,263,173.5,170.2,22.0,52.9,1,-1,-1,-1
455,278,824.4,239.1,19.1,45.2,1,-1,-1,-1
455,279,719.7,296.6,29.3,79.2,1,-1,-1,-1
455,284,319.6,84.1,17.2,30.0,1,-1,-1,-1
455,287,138.2,66.4,13.5,20.4,1,-1,-1,-1
455,288,231.6,338.6,45.3,44.3,1,-1,-1,-1
455,293,1208.3,223.9,22.1,44.6,1,-1,-1,-1
455,295,823.8,294.7,30.5,77.7,1,-1,-1,-1
455,297,95.0,159.9,24.1,47.5,1,-1,-1,-1
455,298,674.1,227.3,17.0,28.7,1,-1,-1,-1
455,300,104.4,193.0,25.4,56.5,1,-1,-1,-1
455,304,652.0,116.0,13.1,4.8,1,-1,-1,-1
455,308,63.9,79.3,17.4,31.7,1,-1,-1,-1
455,311,544.9,104.4,17.8,41.1,1,-1,-1,-1
455,312,43.9,180.1,29.7,56.2,1,-1,-1,-1
455,319,-0.1,309.8,26.1,39.3,1,-1,-1,-1
455,320,765.4,66.2,12.4,20.9,1,-1,-1,-1
455,321,186.6,392.4,47.4,45.2,1,-1,-1,-1
455,322,37.7,107.4,17.8,30.5,1,-1,-1,-1
455,327,70.7,95.6,15.7,37.0,1,-1,-1,-1
455,328,293.6,240.6,35.9,31.6,1,-1,-1,-1
455,329,664.9,173.6,17.6,32.3,1,-1,-1,-1
455,330,264.3,83.1,16.5,35.0,1,-1,-1,-1
455,335,705.4,77.5,14.2,29.4,1,-1,-1,-1
455,337,1131.9,283.9,19.9,56.2,1,-1,-1,-1
456,2,247.1,299.9,45.4,47.9,1,-1,-1,-1
456,6,320.8,291.4,24.0,78.3,1,-1,-1,-1
456,7,342.5,307.2,33.9,91.7,1,-1,-1,-1
456,8,781.3,242.2,23.5,56.1,1,-1,-1,-1
456,12,455.0,240.3,35.1,30.6,1,-1,-1,-1
456,16,568.2,199.9,25.6,57.4,1,-1,-1,-1
456,17,973.7,308.5,39.6,42.5,1,-1,-1,-1
456,18,297.5,289.5,26.9,68.5,1,-1,-1,-1
456,21,695.4,450.9,39.8,108.8,1,-1,-1,-1
456,22,532.4,315.5,37.2,76.4,1,-1,-1,-1
456,24,1007.1,238.1,19.5,53.7,1,-1,-1,-1
456,25,772.4,160.7,23.1,51.6,1,-1,-1,-1
456,53,716.8,107.7,14.1,27.0,1,-1,-1,-1
456,69,275.1,261.8,28.4,32.1,1,-1,-1,-1
456,72,682.3,87.8,16.2,33.9,1,-1,-1,-1
456,90,309.0,187.1,24.6,55.3,1,-1,-1,-1
456,96,309.5,255.0,30.9,33.5,1,-1,-1,-1
456,110,964.8,219.5,29.2,63.6,1,-1,-1,-1
456,159,384.1,118.9,21.9,24.9,1,-1,-1,-1
456,160,507.0,42.8,13.2,21.0,1,-1,-1,-1
456,174,355.4,79.7,15.0,30.4,1,-1,-1,-1
456,179,124.9,259.6,33.4,48.0,1,-1,-1,-1
456,186,695.4,393.4,34.5,86.0,1,-1,-1,-1
456,191,808.2,245.3,26.3,53.1,1,-1,-1,-1
456,193,296.3,182.0,21.8,56.2,1,-1,-1,-1
456,196,90.6,440.6,54.6,97.4,1,-1,-1,-1
456,204,242.6,97.2,18.6,38.5,1,-1,-1,-1
456,208,339.3,43.6,13.8,24.0,1,-1,-1,-1
456,211,622.5,327.2,34.4,75.8,1,-1,-1,-1
456,219,488.6,74.0,16.4,33.0,1,-1,-1,-1
456,220,569.0,327.9,36.3,82.7,1,-1,-1,-1
456,221,324.1,161.2,21.5,51.4,1,-1,-1,-1
456,224,368.9,41.0,13.6,20.4,1,-1,-1,-1
456,230,462.8,386.5,48.0,96.2,1,-1,-1,-1
456,232,202.4,113.1,19.1,39.1,1,-1,-1,-1
456,251,422.3,181.2,19.4,40.7,1,-1,-1,-1
456,259,186.2,120.5,19.2,40.3,1,-1,-1,-1
456,263,176.7,169.6,22.4,52.9,1,-1,-1,-1
456,279,716.1,299.0,31.3,76.9,1,-1,-1,-1
456,284,321.4,83.8,16.9,30.0,1,-1,-1,-1
456,287,142.2,66.6,13.6,19.6,1,-1,-1,-1
456,288,232.4,338.2,45.0,44.3,1,-1,-1,-1
456,293,1203.3,225.1,26.5,54.0,1,-1,-1,-1
456,295,824.6,296.4,31.5,78.7,1,-1,-1,-1
456,297,95.9,159.2,24.1,45.1,1,-1,-1,-1
456,298,675.4,227.5,17.2,28.6,1,-1,-1,-1
456,300,106.6,193.3,25.2,52.7,1,-1,-1,-1
456,304,654.0,116.0,13.2,4.8,1,-1,-1,-1
456,308,66.9,79.0,16.9,32.0,1,-1,-1,-1
456,311,547.4,111.8,16.7,35.8,1,-1,-1,-1
456,312,46.7,179.9,28.3,56.5,1,-1,-1,-1
456,319,0.3,305.4,29.1,43.6,1,-1,-1,-1
456,320,767.7,66.6,12.0,19.5,1,-1,-1,-1
456,321,187.6,391.4,46.3,45.6,1,-1,-1,-1
456,322,39.6,106.9,18.6,30.2,1,-1,-1,-1
456,325,274.1,116.0,14.6,6.8,1,-1,-1,-1
456,327,72.9,95.3,16.6,36.7,1,-1,-1,-1
456,328,296.9,239.7,34.8,31.2,1,-1,-1,-1
456,329,666.9,173.7,17.6,32.2,1,-1,-1,-1
456,330,266.6,83.3,16.8,35.6,1,-1,-1,-1
456,335,707.0,77.7,13.7,29.9,1,-1,-1,-1
456,337,1132.9,284.0,19.0,52.0,1,-1,-1,-1
457,2,252.5,301.0,41.5,47.7,1,-1,-1,-1
457,6,321.2,292.4,23.5,76.0,1,-1,-1,-1
457,7,342.9,307.1,34.0,90.6,1,-1,-1,-1
457,8,782.4,242.4,23.1,55.6,1,-1,-1,-1
457,12,455.6,240.3,34.7,30.4,1,-1,-1,-1
457,16,570.3,201.0,25.1,58.9,1,-1,-1,-1
457,17,975.4,308.6,38.7,42.2,1,-1,-1,-1
457,18,296.9,287.5,27.4,73.6,1,-1,-1,-1
457,21,697.8,450.9,37.3,107.9,1,-1,-1,-1
457,22,532.8,315.8,37.3,76.3,1,-1,-1,-1
457,24,1009.6,239.7,18.6,51.3,1,-1,-1,-1
457,25,774.9,160.7,22.2,51.5,1,-1,-1,-1
457,53,719.5,108.7,13.8,27.6,1,-1,-1,-1
457,69,276.5,262.4,28.0,30.7,1,-1,-1,-1
457,72,684.3,88.5,15.4,34.3,1,-1,-1,-1
457,90,313.7,186.9,24.2,54.2,1,-1,-1,-1
457,96,310.1,255.8,29.9,32.3,1,-1,-1,-1
457,110,965.7,221.0,29.5,63.8,1,-1,-1,-1
457,159,386.4,118.3,22.3,24.6,1,-1,-1,-1
457,160,510.5,44.9,13.2,20.2,1,-1,-1,-1
457,174,357.7,79.5,15.3,30.2,1,-1,-1,-1
457,179,127.3,259.8,33.0,48.4,1,-1,-1,-1
457,186,696.1,391.7,34.1,89.9,1,-1,-1,-1
457,191,808.6,245.5,26.5,52.9,1,-1,-1,-1
457,193,296.9,181.8,22.3,54.5,1,-1,-1,-1
457,196,90.4,440.4,51.2,96.4,1,-1,-1,-1
457,204,243.9,98.0,18.3,37.0,1,-1,-1,-1
457,208,343.6,44.1,14.0,23.6,1,-1,-1,-1
457,211,622.6,327.2,34.2,75.6,1,-1,-1,-1
457,219,489.5,73.9,16.7,32.9,1,-1,-1,-1
457,220,569.0,328.0,36.4,82.4,1,-1,-1,-1
457,221,326.8,161.0,22.0,51.9,1,-1,-1,-1
457,224,372.7,40.6,13.1,20.3,1,-1,-1,-1
457,230,472.2,386.7,44.1,95.3,1,-1,-1,-1
457,232,203.3,110.4,19.1,38.6,1,-1,-1,-1
457,251,423.8,180.8,20.2,41.6,1,-1,-1,-1
457,259,188.5,118.6,19.9,43.1,1,-1,-1,-1
457,263,179.5,169.1,22.0,52.7,1,-1,-1,-1
457,279,714.7,300.6,32.0,74.9,1,-1,-1,-1
457,284,324.2,84.3,16.7,31.7,1,-1,-1,-1
457,287,145.8,67.2,13.2,18.9,1,-1,-1,-1
457,288,233.5,336.2,44.6,45.4,1,-1,-1,-1
457,293,1204.2,224.9,26.8,57.8,1,-1,-1,-1
457,295,824.9,298.3,33.1,78.5,1,-1,-1,-1
457,297,99.3,159.5,22.7,43.2,1,-1,-1,-1
457,300,110.5,192.7,27.2,54.1,1,-1,-1,-1
457,304,656.4,116.1,13.3,4.9,1,-1,-1,-1
457,308,70.5,79.8,16.5,31.7,1,-1,-1,-1
457,311,548.6,108.3,16.0,37.7,1,-1,-1,-1
457,312,48.3,176.9,28.1,57.7,1,-1,-1,-1
457,319,0.3,303.5,31.6,45.2,1,-1,-1,-1
457,320,769.9,68.0,12.3,20.9,1,-1,-1,-1
457,321,187.3,391.1,46.6,46.3,1,-1,-1,-1
457,322,42.4,106.6,17.6,29.4,1,-1,-1,-1
457,325,276.5,116.1,14.4,6.2,1,-1,-1,-1
457,327,74.2,94.6,17.0,36.5,1,-1,-1,-1
457,328,295.7,249.1,30.9,26.4,1,-1,-1,-1
457,329,668.8,173.8,17.3,32.3,1,-1,-1,-1
457,330,268.4,80.9,15.5,32.9,1,-1,-1,-1
457,335,709.8,77.6,12.9,28.0,1,-1,-1,-1
457,337,1133.3,285.7,18.6,50.3,1,-1,-1,-1
458,2,253.7,300.8,40.6,47.2,1,-1,-1,-1
458,6,322.6,289.4,22.7,77.1,1,-1,-1,-1
458,7,342.9,307.0,34.5,89.7,1,-1,-1,-1
458,8,783.0,242.7,23.2,55.5,1,-1,-1,-1
458,12,456.4,240.7,34.3,29.6,1,-1,-1,-1
458,16,570.8,200.0,25.3,58.1,1,-1,-1,-1
458,17,976.4,309.3,39.3,41.0,1,-1,-1,-1
458,18,297.2,286.6,27.7,75.6,1,-1,-1,-1
458,21,698.0,451.1,35.7,107.9,1,-1,-1,-1
458,22,533.3,316.1,37.1,76.1,1,-1,-1,-1
458,24,1009.7,237.3,19.0,52.8,1,-1,-1,-1
458,25,777.5,161.5,21.5,50.5,1,-1,-1,-1
458,53,722.5,108.2,14.5,28.8,1,-1,-1,-1
458,69,277.7,261.2,27.4,31.1,1,-1,-1,-1
458,72,686.7,87.9,16.2,35.5,1,-1,-1,-1
458,90,317.5,187.5,22.9,52.2,1,-1,-1,-1
458,96,312.6,254.4,29.0,32.4,1,-1,-1,-1
458,110,966.6,220.4,29.4,64.7,1,-1,-1,-1
458,159,389.0,118.2,21.4,24.3,1,-1,-1,-1
458,160,513.1,45.1,13.5,20.8,1,-1,-1,-1
458,174,360.2,79.2,15.0,30.2,1,-1,-1,-1
458,179,128.6,259.1,33.6,48.2,1,-1,-1,-1
458,186,700.7,394.0,29.2,83.7,1,-1,-1,-1
458,191,808.0,245.6,26.0,54.2,1,-1,-1,-1
458,193,298.9,182.1,22.3,55.3,1,-1,-1,-1
458,196,89.3,439.0,49.6,95.1,1,-1,-1,-1
458,204,246.5,97.9,18.6,37.0,1,-1,-1,-1
458,208,346.3,43.2,14.2,23.5,1,-1,-1,-1
458,211,622.3,327.3,34.2,75.8,1,-1,-1,-1
458,219,490.8,72.9,16.4,33.4,1,-1,-1,-1
458,220,568.9,328.1,36.6,82.2,1,-1,-1,-1
458,221,329.0,161.0,22.1,52.8,1,-1,-1,-1
458,224,376.2,40.3,13.4,20.4,1,-1,-1,-1
458,230,478.5,384.8,43.7,94.3,1,-1,-1,-1
458,232,205.3,112.6,18.8,37.3,1,-1,-1,-1
458,251,425.9,179.4,19.4,42.0,1,-1,-1,-1
458,259,190.4,118.0,19.4,42.2,1,-1,-1,-1
458,263,182.3,168.6,22.2,53.0,1,-1,-1,-1
458,278,825.7,242.2,21.9,50.9,1,-1,-1,-1
458,279,714.2,301.8,31.7,73.5,1,-1,-1,-1
458,284,327.0,83.4,17.1,32.5,1,-1,-1,-1
458,287,148.5,67.2,13.1,18.8,1,-1,-1,-1
458,288,235.1,334.9,43.3,46.1,1,-1,-1,-1
458,293,1205.1,227.0,27.1,56.9,1,-1,-1,-1
458,295,825.8,300.2,34.3,77.2,1,-1,-1,-1
458,297,102.2,160.2,21.7,43.3,1,-1,-1,-1
458,300,114.9,192.5,28.4,53.7,1,-1,-1,-1
458,304,658.8,116.1,12.8,4.9,1,-1,-1,-1
458,308,73.8,79.4,16.5,31.5,1,-1,-1,-1
458,311,551.7,106.0,16.1,39.3,1,-1,-1,-1
458,312,52.3,176.5,26.4,57.1,1,-1,-1,-1
458,319,0.2,303.0,31.9,43.7,1,-1,-1,-1
458,320,771.6,68.1,12.7,21.8,1,-1,-1,-1
458,321,187.3,391.1,46.3,46.8,1,-1,-1,-1
458,322,48.7,107.2,17.7,28.7,1,-1,-1,-1
458,327,76.9,94.5,15.9,35.7,1,-1,-1,-1
458,328,297.2,253.1,28.1,22.7,1,-1,-1,-1
458,329,670.5,173.8,16.8,32.1,1,-1,-1,-1
458,330,271.9,82.2,16.7,36.0,1,-1,-1,-1
458,333,311.4,229.3,27.2,27.6,1,-1,-1,-1
458,335,710.7,77.9,13.4,28.4,1,-1,-1,-1
458,337,1134.3,285.3,17.6,50.6,1,-1,-1,-1
458,340,124.4,433.7,36.3,94.3,1,-1,-1,-1
458,341,0.0,220.5,10.9,54.7,1,-1,-1,-1
459,2,253.6,300.5,40.9,47.3,1,-1,-1,-1
459,6,322.8,291.1,23.0,76.0,1,-1,-1,-1
459,7,346.8,311.0,30.0,84.8,1,-1,-1,-1
459,8,783.6,243.0,22.8,55.0,1,-1,-1,-1
459,12,457.8,240.9,33.6,28.9,1,-1,-1,-1
459,16,573.7,200.5,25.5,58.5,1,-1,-1,-1
459,17,976.3,308.8,40.1,41.4,1,-1,-1,-1
459,18,297.5,286.2,28.2,75.1,1,-1,-1,-1
459,21,696.7,451.3,34.9,106.6,1,-1,-1,-1
459,22,533.9,316.4,36.6,75.7,1,-1,-1,-1
459,24,1012.3,236.6,21.1,53.7,1,-1,-1,-1
459,25,779.9,161.5,22.1,50.4,1,-1,-1,-1
459,53,725.0,108.2,14.9,29.8,1,-1,-1,-1
459,69,278.9,260.9,27.6,31.5,1,-1,-1,-1
459,72,688.6,87.7,15.7,34.6,1,-1,-1,-1
459,90,318.0,188.2,24.5,52.1,1,-1,-1,-1
459,96,315.9,254.4,31.2,33.2,1,-1,-1,-1
459,110,968.8,220.1,27.9,63.3,1,-1,-1,-1
459,159,391.1,118.3,21.4,24.2,1,-1,-1,-1
459,160,514.8,44.5,13.7,21.6,1,-1,-1,-1
459,174,363.1,79.3,15.6,29.9,1,-1,-1,-1
459,179,130.4,258.8,34.5,47.3,1,-1,-1,-1
459,186,698.7,392.5,32.2,88.7,1,-1,-1,-1
459,191,809.3,245.6,24.9,54.4,1,-1,-1,-1
459,193,301.1,182.1,23.3,55.9,1,-1,-1,-1
459,196,88.6,436.9,49.1,95.5,1,-1,-1,-1
459,204,249.8,97.3,18.3,37.0,1,-1,-1,-1
459,208,350.0,42.6,14.4,24.6,1,-1,-1,-1
459,211,622.0,327.3,34.0,76.0,1,-1,-1,-1
459,219,494.0,74.2,15.5,33.5,1,-1,-1,-1
459,220,568.6,328.0,36.5,81.3,1,-1,-1,-1
459,221,331.2,160.1,21.2,52.2,1,-1,-1,-1
459,224,379.8,39.8,13.2,19.9,1,-1,-1,-1
459,230,481.7,383.2,48.2,97.1,1,-1,-1,-1
459,232,207.0,114.0,19.4,38.4,1,-1,-1,-1
459,251,428.0,177.7,19.4,41.5,1,-1,-1,-1
459,259,191.7,118.1,19.0,40.1,1,-1,-1,-1
459,263,185.8,168.0,22.8,53.2,1,-1,-1,-1
459,278,826.5,241.8,22.2,51.0,1,-1,-1,-1
459,279,714.2,299.1,30.6,74.7,1,-1,-1,-1
459,284,330.7,83.0,16.8,30.6,1,-1,-1,-1
459,287,152.6,66.0,13.8,18.8,1,-1,-1,-1
459,288,236.1,334.3,42.1,46.1,1,-1,-1,-1
459,293,1206.6,227.4,26.8,56.0,1,-1,-1,-1
459,295,826.4,299.9,34.9,76.6,1,-1,-1,-1
459,297,104.8,159.8,21.2,44.8,1,-1,-1,-1
459,300,115.0,192.1,27.6,54.2,1,-1,-1,-1
459,304,661.5,116.0,12.6,4.8,1,-1,-1,-1
459,308,76.7,78.8,15.7,31.2,1,-1,-1,-1
459,311,553.9,105.7,16.3,39.8,1,-1,-1,-1
459,312,54.8,176.5,25.4,57.5,1,-1,-1,-1
459,319,0.7,303.1,34.6,43.8,1,-1,-1,-1
459,320,774.6,67.4,12.4,20.9,1,-1,-1,-1
459,322,51.7,107.1,18.0,28.6,1,-1,-1,-1
459,325,282.7,116.3,14.7,6.6,1,-1,-1,-1
459,327,82.7,95.9,16.1,34.8,1,-1,-1,-1
459,328,296.7,259.0,25.9,20.0,1,-1,-1,-1
459,329,671.3,173.7,16.6,31.9,1,-1,-1,-1
459,330,275.1,81.6,17.7,37.8,1,-1,-1,-1
459,333,314.2,228.4,25.2,27.2,1,-1,-1,-1
459,334,201.8,287.7,27.3,36.7,1,-1,-1,-1
459,335,710.8,78.6,14.1,29.0,1,-1,-1,-1
459,337,1134.3,283.9,17.5,52.4,1,-1,-1,-1
459,338,165.1,400.9,86.2,61.2,1,-1,-1,-1
459,340,123.5,432.3,37.7,96.4,1,-1,-1,-1
459,341,0.1,216.0,16.2,58.1,1,-1,-1,-1
459,342,0.1,380.3,13.8,53.3,1,-1,-1,-1
459,343,39.3,115.9,10.3,17.6,1,-1,-1,-1
460,2,253.8,300.0,41.3,47.5,1,-1,-1,-1
460,6,322.4,291.6,24.0,74.6,1,-1,-1,-1
460,7,348.3,311.6,27.7,83.8,1,-1,-1,-1
460,8,784.3,243.1,22.6,55.1,1,-1,-1,-1
460,12,460.9,240.6,37.0,32.2,1,-1,-1,-1
460,16,575.0,200.2,25.8,59.4,1,-1,-1,-1
460,17,976.7,308.4,40.5,42.3,1,-1,-1,-1
460,18,297.9,286.3,28.0,74.3,1,-1,-1,-1
460,21,695.6,452.7,35.3,106.5,1,-1,-1,-1
460,22,534.1,316.0,36.2,75.4,1,-1,-1,-1
460,24,1013.0,236.0,22.2,55.1,1,-1,-1,-1
460,25,782.1,161.1,22.3,50.7,1,-1,-1,-1
460,53,727.0,108.2,15.2,30.3,1,-1,-1,-1
460,69,279.1,260.6,28.0,32.3,1,-1,-1,-1
460,72,690.5,88.3,15.0,34.1,1,-1,-1,-1
460,90,318.5,186.4,25.4,57.4,1,-1,-1,-1
460,96,317.2,254.3,32.8,34.5,1,-1,-1,-1
460,110,972.5,222.6,24.8,60.4,1,-1,-1,-1
460,159,393.4,118.4,21.6,24.0,1,-1,-1,-1
460,160,516.5,44.8,13.6,20.6,1,-1,-1,-1
460,174,365.7,79.7,15.2,29.5,1,-1,-1,-1
460,179,131.7,258.1,34.6,45.9,1,-1,-1,-1
460,186,701.8,391.4,28.5,74.4,1,-1,-1,-1
460,191,811.4,245.4,24.4,54.6,1,-1,-1,-1
460,193,302.7,182.0,22.8,57.5,1,-1,-1,-1
460,196,87.7,435.4,49.9,96.4,1,-1,-1,-1
460,204,252.5,97.0,18.1,35.9,1,-1,-1,-1
460,208,354.7,43.5,14.3,23.5,1,-1,-1,-1
460,211,621.8,327.3,33.6,76.0,1,-1,-1,-1
460,219,498.1,73.1,16.4,34.3,1,-1,-1,-1
460,220,568.4,328.1,36.4,80.6,1,-1,-1,-1
460,221,332.8,160.1,20.5,50.9,1,-1,-1,-1
460,224,383.2,39.5,13.1,20.5,1,-1,-1,-1
460,230,487.3,381.4,49.6,99.1,1,-1,-1,-1
460,232,208.4,113.3,19.1,38.1,1,-1,-1,-1
460,251,429.9,176.6,18.5,41.8,1,-1,-1,-1
460,259,192.8,119.6,18.9,40.9,1,-1,-1,-1
460,263,188.9,167.8,23.3,52.8,1,-1,-1,-1
460,278,826.9,241.9,22.6,50.9,1,-1,-1,-1
460,279,713.6,297.9,29.1,76.7,1,-1,-1,-1
460,284,332.4,83.5,17.1,30.5,1,-1,-1,-1
460,287,155.2,64.8,14.2,19.5,1,-1,-1,-1
460,288,235.9,333.8,42.4,46.5,1,-1,-1,-1
460,293,1207.5,228.7,26.4,55.7,1,-1,-1,-1
460,295,828.2,301.7,34.7,77.7,1,-1,-1,-1
460,297,107.4,158.6,21.3,43.7,1,-1,-1,-1
460,300,119.7,190.5,27.7,54.1,1,-1,-1,-1
460,304,664.1,115.9,12.5,4.8,1,-1,-1,-1
460,308,79.8,78.4,16.4,33.0,1,-1,-1,-1
460,311,555.7,112.2,15.8,34.9,1,-1,-1,-1
460,312,57.5,176.1,26.6,57.5,1,-1,-1,-1
460,319,0.4,302.2,34.5,43.2,1,-1,-1,-1
460,320,776.9,67.9,12.5,22.0,1,-1,-1,-1
460,322,53.0,106.9,17.6,28.7,1,-1,-1,-1
460,325,285.2,116.1,14.5,6.3,1,-1,-1,-1
460,327,85.1,95.2,16.7,34.2,1,-1,-1,-1
460,329,671.8,173.5,16.8,32.0,1,-1,-1,-1
460,330,276.7,81.2,17.8,38.1,1,-1,-1,-1
460,334,204.4,288.4,27.1,36.8,1,-1,-1,-1
460,335,712.3,78.5,13.8,28.9,1,-1,-1,-1
460,337,1135.0,283.3,16.8,53.7,1,-1,-1,-1
460,338,166.8,403.0,83.9,59.0,1,-1,-1,-1
460,340,122.6,430.8,38.3,95.3,1,-1,-1,-1
460,341,-0.1,205.4,18.7,66.8,1,-1,-1,-1
460,342,-0.0,358.6,15.0,73.9,1,-1,-1,-1
460,343,40.7,125.4,5.6,7.9,1,-1,-1,-1
460,344,302.4,238.6,34.3,31.5,1,-1,-1,-1
461,2,254.5,298.7,41.9,46.8,1,-1,-1,-1
461,6,323.5,291.7,25.4,75.4,1,-1,-1,-1
461,7,348.7,310.6,27.0,83.8,1,-1,-1,-1
461,8,784.9,242.6,22.7,55.3,1,-1,-1,-1
461,12,460.9,239.2,36.5,31.1,1,-1,-1,-1
461,16,574.7,199.3,26.6,59.1,1,-1,-1,-1
461,17,977.4,308.4,39.8,43.6,1,-1,-1,-1
461,18,300.4,287.6,28.6,71.0,1,-1,-1,-1
461,21,694.8,453.4,35.1,106.4,1,-1,-1,-1
461,22,534.7,316.4,35.6,75.2,1,-1,-1,-1
461,24,1012.7,238.0,23.0,54.2,1,-1,-1,-1
461,25,782.9,160.9,22.7,51.1,1,-1,-1,-1
461,53,730.1,113.2,14.3,27.6,1,-1,-1,-1
461,69,280.9,259.3,28.1,32.7,1,-1,-1,-1
461,72,692.5,88.4,14.8,33.5,1,-1,-1,-1
461,90,322.6,186.4,24.8,56.2,1,-1,-1,-1
461,96,317.2,254.0,34.4,33.8,1,-1,-1,-1
461,110,976.4,224.2,23.4,58.3,1,-1,-1,-1
461,159,395.9,118.4,21.2,24.0,1,-1,-1,-1
461,160,519.6,45.7,13.0,20.6,1,-1,-1,-1
461,174,368.3,79.3,15.6,29.8,1,-1,-1,-1
461,179,132.7,257.8,34.2,45.2,1,-1,-1,-1
461,186,703.1,393.1,27.0,69.4,1,-1,-1,-1
461,191,812.8,245.0,25.1,54.9,1,-1,-1,-1
461,193,306.7,183.2,21.4,54.9,1,-1,-1,-1
461,196,86.3,433.4,50.6,97.7,1,-1,-1,-1
461,204,254.6,98.2,17.6,35.2,1,-1,-1,-1
461,208,357.4,43.0,14.6,23.7,1,-1,-1,-1
461,211,621.5,327.5,33.2,75.7,1,-1,-1,-1
461,219,499.9,73.9,15.4,34.3,1,-1,-1,-1
461,220,568.2,327.8,36.4,80.7,1,-1,-1,-1
461,221,333.9,160.0,20.4,51.0,1,-1,-1,-1
461,224,387.1,39.1,13.7,20.9,1,-1,-1,-1
461,230,498.0,382.6,45.2,97.8,1,-1,-1,-1
461,232,209.3,112.3,19.1,37.9,1,-1,-1,-1
461,251,430.1,175.6,19.4,41.7,1,-1,-1,-1
461,259,195.2,119.9,19.5,41.7,1,-1,-1,-1
461,263,192.1,167.7,23.6,52.4,1,-1,-1,-1
461,278,828.0,242.2,22.4,50.6,1,-1,-1,-1
461,279,713.0,297.2,28.2,77.4,1,-1,-1,-1
461,284,334.8,83.9,16.8,31.4,1,-1,-1,-1
461,287,158.6,64.0,14.0,19.9,1,-1,-1,-1
461,288,236.4,333.0,42.5,47.0,1,-1,-1,-1
461,293,1210.2,228.8,26.5,55.4,1,-1,-1,-1
461,295,828.1,302.6,35.4,78.0,1,-1,-1,-1
461,297,112.0,159.2,21.8,47.0,1,-1,-1,-1
461,300,123.2,190.1,25.3,53.9,1,-1,-1,-1
461,308,83.5,78.4,16.4,33.5,1,-1,-1,-1
461,311,558.2,107.8,16.1,37.6,1,-1,-1,-1
461,312,60.3,175.6,28.2,57.9,1,-1,-1,-1
461,319,1.1,301.8,37.9,44.1,1,-1,-1,-1
461,320,779.5,68.4,12.5,22.3,1,-1,-1,-1
461,322,58.1,107.0,18.2,28.3,1,-1,-1,-1
461,325,288.2,116.1,14.5,6.0,1,-1,-1,-1
461,327,86.8,94.7,16.4,33.8,1,-1,-1,-1
461,329,673.5,172.6,16.7,32.5,1,-1,-1,-1
461,330,279.4,80.4,16.4,37.0,1,-1,-1,-1
461,335,713.4,78.8,13.8,28.9,1,-1,-1,-1
461,337,1135.2,283.5,16.6,54.6,1,-1,-1,-1
461,338,167.0,402.6,83.4,58.0,1,-1,-1,-1
461,339,784.4,116.1,15.9,19.3,1,-1,-1,-1
461,340,122.4,430.5,38.2,94.5,1,-1,-1,-1
461,341,-0.1,204.0,21.8,68.6,1,-1,-1,-1
461,342,-0.0,346.1,15.9,84.5,1,-1,-1,-1
461,344,301.1,252.0,25.3,21.1,1,-1,-1,-1
462,2,256.9,298.1,41.9,46.1,1,-1,-1,-1
462,6,323.5,290.7,26.4,76.0,1,-1,-1,-1
462,7,348.4,309.6,27.3,83.9,1,-1,-1,-1
462,8,785.8,242.4,23.6,55.6,1,-1,-1,-1
462,12,462.8,238.8,35.0,29.0,1,-1,-1,-1
462,16,578.2,199.7,26.8,60.1,1,-1,-1,-1
462,17,979.1,309.1,39.3,44.1,1,-1,-1,-1
462,18,300.8,287.9,28.9,69.4,1,-1,-1,-1
462,21,693.6,453.3,34.6,106.0,1,-1,-1,-1
462,22,535.5,316.1,35.4,75.6,1,-1,-1,-1
462,24,1013.5,240.2,22.5,53.1,1,-1,-1,-1
462,25,784.0,161.6,22.9,50.5,1,-1,-1,-1
462,53,733.5,111.1,15.0,28.7,1,-1,-1,-1
462,69,282.3,259.0,27.8,32.3,1,-1,-1,-1
462,72,695.0,87.1,15.5,35.1,1,-1,-1,-1
462,90,325.0,185.4,24.2,54.8,1,-1,-1,-1
462,96,318.0,254.3,34.5,33.2,1,-1,-1,-1
462,110,977.8,226.1,23.3,56.9,1,-1,-1,-1
462,159,398.7,118.4,21.3,23.8,1,-1,-1,-1
462,160,523.5,43.6,13.2,20.5,1,-1,-1,-1
462,174,370.9,79.1,15.2,30.1,1,-1,-1,-1
462,179,134.7,256.9,32.4,41.3,1,-1,-1,-1
462,186,702.8,393.7,27.6,67.0,1,-1,-1,-1
462,191,813.3,244.5,25.3,55.1,1,-1,-1,-1
462,193,307.1,181.5,22.5,55.5,1,-1,-1,-1
462,196,86.1,431.9,50.7,98.7,1,-1,-1,-1
462,204,257.7,97.5,18.0,35.7,1,-1,-1,-1
462,208,361.6,42.4,14.5,24.6,1,-1,-1,-1
462,211,621.7,327.7,32.9,75.4,1,-1,-1,-1
462,219,501.7,72.8,16.0,34.1,1,-1,-1,-1
462,220,568.1,327.6,36.2,80.6,1,-1,-1,-1
462,221,335.8,160.5,19.1,50.0,1,-1,-1,-1
462,224,391.3,38.9,13.4,20.5,1,-1,-1,-1
462,230,507.8,387.3,37.7,91.8,1,-1,-1,-1
462,232,210.4,111.4,19.1,37.6,1,-1,-1,-1
462,251,431.2,175.5,19.6,40.3,1,-1,-1,-1
462,259,196.3,118.9,19.7,40.4,1,-1,-1,-1
462,263,195.4,166.8,23.7,52.5,1,-1,-1,-1
462,278,829.1,242.5,22.3,50.4,1,-1,-1,-1
462,279,711.9,297.0,28.3,77.5,1,-1,-1,-1
462,284,339.4,83.3,16.9,31.4,1,-1,-1,-1
462,287,162.7,62.9,13.8,20.4,1,-1,-1,-1
462,288,237.1,332.2,42.3,47.4,1,-1,-1,-1
462,293,1212.7,229.4,26.1,55.3,1,-1,-1,-1
462,295,825.5,302.3,36.0,79.7,1,-1,-1,-1
462,297,114.1,158.3,21.4,47.4,1,-1,-1,-1
462,300,126.7,189.5,25.7,54.9,1,-1,-1,-1
462,304,669.2,116.0,12.7,4.8,1,-1,-1,-1
462,311,559.3,106.1,16.1,39.3,1,-1,-1,-1
462,312,63.8,175.6,27.2,56.7,1,-1,-1,-1
462,319,0.6,301.7,39.5,42.0,1,-1,-1,-1
462,322,62.0,106.6,17.9,28.1,1,-1,-1,-1
462,327,91.3,94.5,17.0,33.8,1,-1,-1,-1
462,329,674.4,168.7,17.2,34.7,1,-1,-1,-1
462,330,284.4,80.9,17.5,38.2,1,-1,-1,-1
462,334,207.5,285.7,24.7,36.2,1,-1,-1,-1
462,337,1135.3,283.1,16.5,55.2,1,-1,-1,-1
462,338,165.7,400.8,84.0,57.6,1,-1,-1,-1
462,339,788.1,115.9,15.2,19.0,1,-1,-1,-1
462,340,121.1,429.8,39.1,94.9,1,-1,-1,-1
462,341,0.4,203.5,27.1,68.5,1,-1,-1,-1
462,342,0.2,347.9,18.0,87.4,1,-1,-1,-1
462,344,292.9,272.9,17.3,12.0,1,-1,-1,-1
462,345,49.4,115.9,11.8,17.5,1,-1,-1,-1
463,2,258.4,297.6,41.8,46.3,1,-1,-1,-1
463,6,324.2,289.9,26.1,76.4,1,-1,-1,-1
463,7,348.8,309.3,27.5,83.6,1,-1,-1,-1
463,8,786.9,242.6,24.4,55.7,1,-1,-1,-1
463,12,465.5,239.1,34.2,28.1,1,-1,-1,-1
463,16,579.0,199.1,27.1,58.9,1,-1,-1,-1
463,17,979.6,309.2,39.3,44.9,1,-1,-1,-1
463,18,301.7,289.5,28.3,67.9,1,-1,-1,-1
463,21,692.6,452.5,36.9,106.7,1,-1,-1,-1
463,22,536.4,316.7,35.0,72.9,1,-1,-1,-1
463,24,1014.6,238.4,23.4,57.0,1,-1,-1,-1
463,25,785.3,161.7,22.5,50.3,1,-1,-1,-1
463,53,736.7,109.1,15.0,29.1,1,-1,-1,-1
463,69,283.2,259.1,28.7,32.1,1,-1,-1,-1
463,72,697.5,86.4,16.4,35.7,1,-1,-1,-1
463,90,328.7,186.3,25.0,56.4,1,-1,-1,-1
463,96,319.1,254.6,34.5,32.5,1,-1,-1,-1
463,110,977.7,226.3,25.1,59.8,1,-1,-1,-1
463,159,401.1,118.4,21.0,23.6,1,-1,-1,-1
463,160,525.2,43.5,13.7,20.9,1,-1,-1,-1
463,174,374.2,78.7,15.5,30.1,1,-1,-1,-1
463,179,137.4,256.6,30.8,41.0,1,-1,-1,-1
463,186,698.1,392.5,34.7,91.3,1,-1,-1,-1
463,191,814.3,244.3,24.7,54.9,1,-1,-1,-1
463,193,310.7,182.6,20.4,53.4,1,-1,-1,-1
463,196,85.9,430.8,51.2,99.4,1,-1,-1,-1
463,204,261.4,96.3,18.0,36.3,1,-1,-1,-1
463,208,366.6,43.0,14.3,23.5,1,-1,-1,-1
463,211,622.4,327.9,33.2,75.0,1,-1,-1,-1
463,219,504.4,73.3,15.7,33.8,1,-1,-1,-1
463,220,568.2,327.7,35.8,80.6,1,-1,-1,-1
463,221,338.8,160.4,17.9,49.5,1,-1,-1,-1
463,224,397.0,39.2,13.8,20.5,1,-1,-1,-1
463,230,515.2,384.7,43.5,93.3,1,-1,-1,-1
463,232,212.1,111.6,19.2,39.6,1,-1,-1,-1
463,251,434.3,175.7,19.4,40.5,1,-1,-1,-1
463,259,196.4,118.9,20.5,40.3,1,-1,-1,-1
463,263,198.4,166.5,22.8,51.8,1,-1,-1,-1
463,278,830.9,243.1,21.9,51.0,1,-1,-1,-1
463,279,710.9,296.9,28.2,77.5,1,-1,-1,-1
463,284,342.3,83.0,16.7,30.4,1,-1,-1,-1
463,287,166.4,61.9,13.8,21.1,1,-1,-1,-1
463,288,238.2,331.6,42.2,45.2,1,-1,-1,-1
463,293,1216.5,229.5,26.6,55.0,1,-1,-1,-1
463,295,824.8,302.4,35.9,81.7,1,-1,-1,-1
463,297,116.0,157.0,20.8,44.7,1,-1,-1,-1
463,300,131.8,187.7,27.1,56.4,1,-1,-1,-1
463,304,671.2,116.0,12.5,4.8,1,-1,-1,-1
463,308,90.2,76.6,15.8,31.0,1,-1,-1,-1
463,311,562.2,105.3,16.3,40.2,1,-1,-1,-1
463,312,67.4,176.3,25.6,56.0,1,-1,-1,-1
463,319,0.3,301.2,41.1,41.2,1,-1,-1,-1
463,322,64.8,106.3,17.5,28.4,1,-1,-1,-1
463,327,95.1,94.5,17.1,33.7,1,-1,-1,-1
463,329,677.1,164.5,16.8,35.1,1,-1,-1,-1
463,330,287.8,81.2,17.9,38.3,1,-1,-1,-1
463,334,211.5,285.4,23.7,36.0,1,-1,-1,-1
463,337,1135.0,282.0,16.8,56.5,1,-1,-1,-1
463,338,165.6,400.5,84.7,57.0,1,-1,-1,-1
463,339,791.2,115.8,15.1,19.1,1,-1,-1,-1
463,340,119.5,426.6,40.2,93.3,1,-1,-1,-1
463,341,0.4,203.4,30.9,68.0,1,-1,-1,-1
463,342,0.3,356.7,21.4,81.6,1,-1,-1,-1
463,345,51.1,128.1,8.3,6.8,1,-1,-1,-1
463,346,304.8,251.9,24.8,20.1,1,-1,-1,-1
464,2,258.8,296.5,42.3,47.3,1,-1,-1,-1
464,6,325.6,290.1,25.4,75.0,1,-1,-1,-1
464,7,348.8,309.1,27.5,83.5,1,-1,-1,-1
464,8,788.9,243.1,24.6,55.7,1,-1,-1,-1
464,12,466.3,239.1,34.5,29.1,1,-1,-1,-1
464,16,580.2,198.5,27.3,58.5,1,-1,-1,-1
464,17,980.9,309.1,38.8,45.3,1,-1,-1,-1
464,18,299.6,284.5,27.9,73.0,1,-1,-1,-1
464,21,690.6,447.9,40.2,114.0,1,-1,-1,-1
464,22,537.2,318.3,35.0,71.2,1,-1,-1,-1
464,24,1016.9,239.2,23.1,57.1,1,-1,-1,-1
464,25,788.2,161.5,21.9,50.2,1,-1,-1,-1
464,53,738.7,107.7,15.2,30.0,1,-1,-1,-1
464,69,285.6,259.0,28.9,32.3,1,-1,-1,-1
464,72,699.9,87.2,16.0,35.2,1,-1,-1,-1
464,90,331.6,185.6,24.3,52.4,1,-1,-1,-1
464,96,320.3,251.1,33.2,33.6,1,-1,-1,-1
464,110,976.7,226.7,28.2,68.0,1,-1,-1,-1
464,159,403.8,118.4,21.7,23.4,1,-1,-1,-1
464,160,528.5,42.2,13.4,20.5,1,-1,-1,-1
464,174,377.7,78.5,15.6,29.8,1,-1,-1,-1
464,179,140.0,256.4,29.9,44.2,1,-1,-1,-1
464,186,700.8,392.3,34.4,92.4,1,-1,-1,-1
464,191,815.4,244.4,24.6,55.7,1,-1,-1,-1
464,193,314.2,183.0,19.4,52.7,1,-1,-1,-1
464,196,86.2,429.7,51.5,99.5,1,-1,-1,-1
464,204,265.2,96.0,18.4,37.5,1,-1,-1,-1
464,208,369.8,42.3,14.0,23.5,1,-1,-1,-1
464,211,623.0,327.6,35.0,74.4,1,-1,-1,-1
464,219,507.5,73.7,15.6,33.7,1,-1,-1,-1
464,220,568.3,327.9,35.7,80.0,1,-1,-1,-1
464,221,341.4,160.0,17.9,49.9,1,-1,-1,-1
464,224,401.0,39.6,14.1,20.7,1,-1,-1,-1
464,230,519.7,379.3,45.3,94.4,1,-1,-1,-1
464,232,215.2,109.3,19.6,40.6,1,-1,-1,-1
464,251,435.4,175.0,19.4,37.4,1,-1,-1,-1
464,259,197.8,120.0,21.0,39.9,1,-1,-1,-1
464,263,201.9,166.4,22.7,51.5,1,-1,-1,-1
464,278,830.9,241.6,21.6,50.7,1,-1,-1,-1
464,279,709.7,296.9,28.9,77.1,1,-1,-1,-1
464,284,344.8,82.4,16.2,30.6,1,-1,-1,-1
464,287,170.2,60.4,13.3,21.2,1,-1,-1,-1
464,288,237.9,332.0,42.6,44.5,1,-1,-1,-1
464,293,1220.0,231.6,25.9,53.1,1,-1,-1,-1
464,295,824.7,304.6,35.2,81.4,1,-1,-1,-1
464,297,121.1,157.7,21.7,45.1,1,-1,-1,-1
464,300,134.2,187.5,25.6,56.0,1,-1,-1,-1
464,304,673.9,116.0,12.4,4.9,1,-1,-1,-1
464,308,95.5,77.1,16.2,31.5,1,-1,-1,-1
464,311,564.8,111.9,16.0,34.9,1,-1,-1,-1
464,312,69.2,175.0,25.7,56.9,1,-1,-1,-1
464,319,0.6,298.5,42.4,42.9,1,-1,-1,-1
464,322,70.0,106.9,17.8,27.7,1,-1,-1,-1
464,327,98.0,94.7,16.5,33.6,1,-1,-1,-1
464,329,679.8,161.3,16.0,31.8,1,-1,-1,-1
464,330,290.5,80.6,17.3,38.3,1,-1,-1,-1
464,331,956.5,190.4,17.4,38.2,1,-1,-1,-1
464,333,319.5,227.2,29.1,29.3,1,-1,-1,-1
464,337,1135.8,284.5,16.2,54.4,1,-1,-1,-1
464,338,166.6,400.6,85.1,56.2,1,-1,-1,-1
464,340,119.6,426.3,40.8,93.3,1,-1,-1,-1
464,341,1.0,203.7,31.5,65.8,1,-1,-1,-1
464,342,1.2,354.7,29.1,80.9,1,-1,-1,-1
464,346,302.9,269.1,16.2,7.6,1,-1,-1,-1
